academic_year,term_no,grade_no,official_subject_id,off_criterion_id,description,short_label,criterion_score_max,weighting_of_split_pct,sba_of_yearmark_pct,criterion_type,split_no,is_exam,sort_order
2026,1,0,16,254073,Listening and speaking,Listening and speaking,11.0,60.0,15.0,CASS,1,false,1
2026,1,0,16,254074,Emergent reading,Emergent reading,3.0,20.0,5.0,CASS,2,false,2
2026,1,0,16,254075,Emergent writing,Emergent writing,3.0,20.0,5.0,CASS,3,false,3
2026,1,0,113,254085,Listening and speaking,Listening and speaking,11.0,60.0,15.0,CASS,1,false,1
2026,1,0,113,254086,Emergent reading,Emergent reading,3.0,20.0,5.0,CASS,2,false,2
2026,1,0,113,254087,Emergent writing,Emergent writing,3.0,20.0,5.0,CASS,3,false,3
2026,1,0,200,254097,Listening and speaking,Listening and speaking,11.0,60.0,15.0,CASS,1,false,1
2026,1,0,200,254098,Emergent reading,Emergent reading,3.0,20.0,5.0,CASS,2,false,2
2026,1,0,200,254099,Emergent writing,Emergent writing,3.0,20.0,5.0,CASS,3,false,3
2026,1,0,234,254109,Listening and speaking,Listening and speaking,11.0,60.0,15.0,CASS,1,false,1
2026,1,0,234,254110,Emergent reading,Emergent reading,3.0,20.0,5.0,CASS,2,false,2
2026,1,0,234,254111,Emergent writing,Emergent writing,3.0,20.0,5.0,CASS,3,false,3
2026,1,0,268,254121,Listening and speaking,Listening and speaking,11.0,60.0,15.0,CASS,1,false,1
2026,1,0,268,254122,Emergent reading,Emergent reading,3.0,20.0,5.0,CASS,2,false,2
2026,1,0,268,254123,Emergent writing,Emergent writing,3.0,20.0,5.0,CASS,3,false,3
2026,1,0,309,253333,Beginning Knowledge & PSW,Beginning Knowledge & PSW,3.0,33.0,8.25,CASS,3,false,1
2026,1,0,309,253334,Creative Arts,Creative Arts,3.0,33.0,8.25,CASS,1,false,2
2026,1,0,309,253335,Physical Education,Physical Education,3.0,34.0,8.5,CASS,2,false,3
2026,1,0,322,253393,"1: Numbers, operations and relationships","1: Numbers, operations and relationships",3.0,65.0,16.25,CASS,1,false,1
2026,1,0,322,253394,"2: Patterns, functions and algebra","2: Patterns, functions and algebra",3.0,10.0,2.5,CASS,2,false,2
2026,1,0,322,253395,3: Space and shape (Geometry),3: Space and shape (Geometry),3.0,11.0,2.75,CASS,3,false,3
2026,1,0,322,253396,4: Measurement,4: Measurement,3.0,9.0,2.25,CASS,4,false,4
2026,1,0,322,253397,5: Data handling,5: Data handling,3.0,5.0,1.25,CASS,5,false,5
2026,1,0,389,254133,Listening and speaking,Listening and speaking,11.0,60.0,15.0,CASS,1,false,1
2026,1,0,389,254134,Emergent reading,Emergent reading,3.0,20.0,5.0,CASS,2,false,2
2026,1,0,389,254135,Emergent writing,Emergent writing,3.0,20.0,5.0,CASS,3,false,3
2026,1,0,442,254145,Listening and speaking,Listening and speaking,11.0,60.0,15.0,CASS,1,false,1
2026,1,0,442,254146,Emergent reading,Emergent reading,3.0,20.0,5.0,CASS,2,false,2
2026,1,0,442,254147,Emergent writing,Emergent writing,3.0,20.0,5.0,CASS,3,false,3
2026,1,0,476,254157,Listening and speaking,Listening and speaking,11.0,60.0,15.0,CASS,1,false,1
2026,1,0,476,254158,Emergent reading,Emergent reading,3.0,20.0,5.0,CASS,2,false,2
2026,1,0,476,254159,Emergent writing,Emergent writing,3.0,20.0,5.0,CASS,3,false,3
2026,1,0,510,254169,Listening and speaking,Listening and speaking,11.0,60.0,15.0,CASS,1,false,1
2026,1,0,510,254170,Emergent reading,Emergent reading,3.0,20.0,5.0,CASS,2,false,2
2026,1,0,510,254171,Emergent writing,Emergent writing,3.0,20.0,5.0,CASS,3,false,3
2026,1,0,592,254181,Listening and speaking,Listening and speaking,11.0,60.0,15.0,CASS,1,false,1
2026,1,0,592,254182,Emergent reading,Emergent reading,3.0,20.0,5.0,CASS,2,false,2
2026,1,0,592,254183,Emergent writing,Emergent writing,3.0,20.0,5.0,CASS,3,false,3
2026,1,0,849,254193,Listening and speaking,Listening and speaking,11.0,60.0,15.0,CASS,1,false,1
2026,1,0,849,254194,Emergent reading,Emergent reading,3.0,20.0,5.0,CASS,2,false,2
2026,1,0,849,254195,Emergent writing,Emergent writing,3.0,20.0,5.0,CASS,3,false,3
2026,1,0,889,253273,Observing and Signing,Observing and Signing,3.0,60.0,10.0,CASS,1,false,1
2026,1,0,889,253274,Emergent reading,Emergent reading,3.0,20.0,8.0,CASS,2,false,2
2026,1,0,889,253275,Emergent recording,Emergent recording,3.0,20.0,7.0,CASS,3,false,3
2026,1,0,1727,254069,1,1,10.0,100.0,25.0,CASS,0,false,1
2026,1,0,1751,254205,General Development,General Development,3.0,50.0,12.5,CASS,0,false,1
2026,1,0,1751,254206,Perceptial Skills,Perceptial Skills,3.0,50.0,12.5,CASS,0,false,2
2026,1,0,1840,254725,1,1,20.0,50.0,12.5,CASS,0,false,1
2026,1,0,1840,254726,2,2,20.0,50.0,12.5,CASS,0,false,2
2026,1,0,1847,254757,1,1,20.0,50.0,12.5,CASS,0,false,1
2026,1,0,1847,254758,2,2,20.0,50.0,12.5,CASS,0,false,2
2026,1,0,1854,254789,1,1,20.0,50.0,12.5,CASS,0,false,1
2026,1,0,1854,254790,2,2,20.0,50.0,12.5,CASS,0,false,2
2026,1,0,1861,254821,1,1,20.0,50.0,12.5,CASS,0,false,1
2026,1,0,1861,254822,2,2,20.0,50.0,12.5,CASS,0,false,2
2026,1,0,1868,254853,1,1,20.0,50.0,12.5,CASS,0,false,1
2026,1,0,1868,254854,2,2,20.0,50.0,12.5,CASS,0,false,2
2026,1,0,1875,254885,1,1,20.0,50.0,12.5,CASS,0,false,1
2026,1,0,1875,254886,2,2,20.0,50.0,12.5,CASS,0,false,2
2026,1,0,1882,254917,1,1,20.0,50.0,12.5,CASS,0,false,1
2026,1,0,1882,254918,2,2,20.0,50.0,12.5,CASS,0,false,2
2026,1,0,1889,254949,1,1,20.0,50.0,12.5,CASS,0,false,1
2026,1,0,1889,254950,2,2,20.0,50.0,12.5,CASS,0,false,2
2026,1,0,1896,254981,1,1,20.0,50.0,12.5,CASS,0,false,1
2026,1,0,1896,254982,2,2,20.0,50.0,12.5,CASS,0,false,2
2026,1,0,1903,255013,1,1,20.0,50.0,12.5,CASS,0,false,1
2026,1,0,1903,255014,2,2,20.0,50.0,12.5,CASS,0,false,2
2026,1,0,1910,255045,1,1,20.0,50.0,12.5,CASS,0,false,1
2026,1,0,1910,255046,2,2,20.0,50.0,12.5,CASS,0,false,2
2026,1,0,1917,255077,1,1,20.0,50.0,12.5,CASS,0,false,1
2026,1,0,1917,255078,2,2,20.0,50.0,12.5,CASS,0,false,2
2026,1,0,1987,255109,1,1,20.0,50.0,12.5,CASS,0,false,1
2026,1,0,1987,255110,2,2,20.0,50.0,12.5,CASS,0,false,2
2026,1,1,4,238764,Listening and speaking,Listening and speaking,10.0,60.0,15.0,CASS,1,false,1
2026,1,1,4,238765,Reading (Phonics and Comprehension),Reading (Phonics and Comprehension),10.0,40.0,10.0,CASS,3,false,2
2026,1,1,17,240117,1: Listening and speaking,1: Listening and speaking,10.0,25.0,6.25,CASS,1,false,1
2026,1,1,17,240118,2: Phonics,2: Phonics,10.0,20.0,5.0,CASS,4,false,2
2026,1,1,17,240119,3: Reading and comprehension,3: Reading and comprehension,10.0,25.0,6.25,CASS,3,false,3
2026,1,1,17,240120,4: Writing,4: Writing,10.0,20.0,5.0,CASS,5,false,4
2026,1,1,17,240121,5: Handwriting,5: Handwriting,5.0,10.0,2.5,CASS,6,false,5
2026,1,1,101,238772,Listening and speaking,Listening and speaking,10.0,60.0,15.0,CASS,1,false,1
2026,1,1,101,238773,Reading (Phonics and Comprehension),Reading (Phonics and Comprehension),10.0,40.0,10.0,CASS,3,false,2
2026,1,1,114,240137,1: Listening and speaking,1: Listening and speaking,10.0,25.0,6.25,CASS,1,false,1
2026,1,1,114,240138,2: Phonics,2: Phonics,10.0,20.0,5.0,CASS,4,false,2
2026,1,1,114,240139,3: Reading and comprehension,3: Reading and comprehension,10.0,25.0,6.25,CASS,3,false,3
2026,1,1,114,240140,4: Writing,4: Writing,10.0,20.0,5.0,CASS,5,false,4
2026,1,1,114,240141,5: Handwriting,5: Handwriting,5.0,10.0,2.5,CASS,6,false,5
2026,1,1,188,238780,Listening and speaking,Listening and speaking,10.0,60.0,15.0,CASS,1,false,1
2026,1,1,188,238781,Reading (Phonics and Comprehension),Reading (Phonics and Comprehension),10.0,40.0,10.0,CASS,3,false,2
2026,1,1,201,240157,1: Listening and speaking,1: Listening and speaking,10.0,25.0,6.25,CASS,1,false,1
2026,1,1,201,240158,2: Phonics,2: Phonics,10.0,20.0,5.0,CASS,4,false,2
2026,1,1,201,240159,3: Reading and comprehension,3: Reading and comprehension,10.0,25.0,6.25,CASS,3,false,3
2026,1,1,201,240160,4: Writing,4: Writing,10.0,20.0,5.0,CASS,5,false,4
2026,1,1,201,240161,5: Handwriting,5: Handwriting,5.0,10.0,2.5,CASS,6,false,5
2026,1,1,222,238788,Listening and speaking,Listening and speaking,10.0,60.0,15.0,CASS,1,false,1
2026,1,1,222,238789,Reading (Phonics and Comprehension),Reading (Phonics and Comprehension),10.0,40.0,10.0,CASS,3,false,2
2026,1,1,235,240177,1: Listening and speaking,1: Listening and speaking,10.0,25.0,6.25,CASS,1,false,1
2026,1,1,235,240178,2: Phonics,2: Phonics,10.0,20.0,5.0,CASS,4,false,2
2026,1,1,235,240179,3: Reading and comprehension,3: Reading and comprehension,10.0,25.0,6.25,CASS,3,false,3
2026,1,1,235,240180,4: Writing,4: Writing,10.0,20.0,5.0,CASS,5,false,4
2026,1,1,235,240181,5: Handwriting,5: Handwriting,5.0,10.0,2.5,CASS,6,false,5
2026,1,1,256,238796,Listening and speaking,Listening and speaking,10.0,60.0,15.0,CASS,1,false,1
2026,1,1,256,238797,Reading (Phonics and Comprehension),Reading (Phonics and Comprehension),10.0,40.0,10.0,CASS,3,false,2
2026,1,1,269,240197,1: Listening and speaking,1: Listening and speaking,10.0,25.0,6.25,CASS,1,false,1
2026,1,1,269,240198,2: Phonics,2: Phonics,10.0,20.0,5.0,CASS,4,false,2
2026,1,1,269,240199,3: Reading and comprehension,3: Reading and comprehension,10.0,25.0,6.25,CASS,3,false,3
2026,1,1,269,240200,4: Writing,4: Writing,10.0,20.0,5.0,CASS,5,false,4
2026,1,1,269,240201,5: Handwriting,5: Handwriting,5.0,10.0,2.5,CASS,6,false,5
2026,1,1,310,248499,Beginning Knowledge & PSW,Beginning Knowledge & PSW,25.0,40.0,10.0,CASS,3,false,1
2026,1,1,310,248500,Physical Education,Physical Education,10.0,30.0,7.5,CASS,2,false,2
2026,1,1,310,248501,Creative Arts,Creative Arts,20.0,30.0,7.5,CASS,1,false,3
2026,1,1,323,249174,Baseline Assessment,Baseline Assessment,10.0,0,0,CASS,0,false,1
2026,1,1,323,249175,"1: Numbers, operations and relationships","1: Numbers, operations and relationships",10.0,65.0,16.25,CASS,1,false,2
2026,1,1,323,249176,"2: Patterns, functions and algebra","2: Patterns, functions and algebra",5.0,10.0,2.5,CASS,2,false,3
2026,1,1,323,249177,3: Space and shape (Geometry),3: Space and shape (Geometry),5.0,11.0,2.75,CASS,3,false,4
2026,1,1,323,249178,4: Measurement,4: Measurement,5.0,9.0,2.25,CASS,4,false,5
2026,1,1,323,249179,5: Data handling,5: Data handling,2.0,5.0,1.25,CASS,5,false,6
2026,1,1,377,238804,Listening and speaking,Listening and speaking,10.0,60.0,15.0,CASS,1,false,1
2026,1,1,377,238805,Reading (Phonics and Comprehension),Reading (Phonics and Comprehension),10.0,40.0,10.0,CASS,3,false,2
2026,1,1,390,240217,1: Listening and speaking,1: Listening and speaking,10.0,25.0,6.25,CASS,1,false,1
2026,1,1,390,240218,2: Phonics,2: Phonics,10.0,20.0,5.0,CASS,4,false,2
2026,1,1,390,240219,3: Reading and comprehension,3: Reading and comprehension,10.0,25.0,6.25,CASS,3,false,3
2026,1,1,390,240220,4: Writing,4: Writing,10.0,20.0,5.0,CASS,5,false,4
2026,1,1,390,240221,5: Handwriting,5: Handwriting,5.0,10.0,2.5,CASS,6,false,5
2026,1,1,430,238812,Listening and speaking,Listening and speaking,10.0,60.0,15.0,CASS,1,false,1
2026,1,1,430,238813,Reading (Phonics and Comprehension),Reading (Phonics and Comprehension),10.0,40.0,10.0,CASS,3,false,2
2026,1,1,443,240237,1: Listening and speaking,1: Listening and speaking,10.0,25.0,6.25,CASS,1,false,1
2026,1,1,443,240238,2: Phonics,2: Phonics,10.0,20.0,5.0,CASS,4,false,2
2026,1,1,443,240239,3: Reading and comprehension,3: Reading and comprehension,10.0,25.0,6.25,CASS,3,false,3
2026,1,1,443,240240,4: Writing,4: Writing,10.0,20.0,5.0,CASS,5,false,4
2026,1,1,443,240241,5: Handwriting,5: Handwriting,5.0,10.0,2.5,CASS,6,false,5
2026,1,1,464,238820,Listening and speaking,Listening and speaking,10.0,60.0,15.0,CASS,1,false,1
2026,1,1,464,238821,Reading (Phonics and Comprehension),Reading (Phonics and Comprehension),10.0,40.0,10.0,CASS,3,false,2
2026,1,1,477,240257,1: Listening and speaking,1: Listening and speaking,10.0,25.0,6.25,CASS,1,false,1
2026,1,1,477,240258,2: Phonics,2: Phonics,10.0,20.0,5.0,CASS,4,false,2
2026,1,1,477,240259,3: Reading and comprehension,3: Reading and comprehension,10.0,25.0,6.25,CASS,3,false,3
2026,1,1,477,240260,4: Writing,4: Writing,10.0,20.0,5.0,CASS,5,false,4
2026,1,1,477,240261,5: Handwriting,5: Handwriting,5.0,10.0,2.5,CASS,6,false,5
2026,1,1,498,238828,Listening and speaking,Listening and speaking,10.0,60.0,15.0,CASS,1,false,1
2026,1,1,498,238829,Reading (Phonics and Comprehension),Reading (Phonics and Comprehension),10.0,40.0,10.0,CASS,3,false,2
2026,1,1,511,240277,1: Listening and speaking,1: Listening and speaking,10.0,25.0,6.25,CASS,1,false,1
2026,1,1,511,240278,2: Phonics,2: Phonics,10.0,20.0,5.0,CASS,4,false,2
2026,1,1,511,240279,3: Reading and comprehension,3: Reading and comprehension,10.0,25.0,6.25,CASS,3,false,3
2026,1,1,511,240280,4: Writing,4: Writing,10.0,20.0,5.0,CASS,5,false,4
2026,1,1,511,240281,5: Handwriting,5: Handwriting,5.0,10.0,2.5,CASS,6,false,5
2026,1,1,580,238836,Listening and speaking,Listening and speaking,10.0,60.0,15.0,CASS,1,false,1
2026,1,1,580,238837,Reading (Phonics and Comprehension),Reading (Phonics and Comprehension),10.0,40.0,10.0,CASS,3,false,2
2026,1,1,593,240297,1: Listening and speaking,1: Listening and speaking,10.0,25.0,6.25,CASS,1,false,1
2026,1,1,593,240298,2: Phonics,2: Phonics,10.0,20.0,5.0,CASS,4,false,2
2026,1,1,593,240299,3: Reading and comprehension,3: Reading and comprehension,10.0,25.0,6.25,CASS,3,false,3
2026,1,1,593,240300,4: Writing,4: Writing,10.0,20.0,5.0,CASS,5,false,4
2026,1,1,593,240301,5: Handwriting,5: Handwriting,5.0,10.0,2.5,CASS,6,false,5
2026,1,1,837,238844,Listening and speaking,Listening and speaking,10.0,60.0,15.0,CASS,1,false,1
2026,1,1,837,238845,Reading (Phonics and Comprehension),Reading (Phonics and Comprehension),10.0,40.0,10.0,CASS,3,false,2
2026,1,1,850,240317,1: Listening and speaking,1: Listening and speaking,10.0,25.0,6.25,CASS,1,false,1
2026,1,1,850,240318,2: Phonics,2: Phonics,10.0,20.0,5.0,CASS,4,false,2
2026,1,1,850,240319,3: Reading and comprehension,3: Reading and comprehension,10.0,25.0,6.25,CASS,3,false,3
2026,1,1,850,240320,4: Writing,4: Writing,10.0,20.0,5.0,CASS,5,false,4
2026,1,1,850,240321,5: Handwriting,5: Handwriting,5.0,10.0,2.5,CASS,6,false,5
2026,1,1,890,240777,1: Observing and Signing,1: Observing and Signing,10.0,27.5,7.0,CASS,1,false,1
2026,1,1,890,240778,2: Phonics,2: Phonics,10.0,22.5,5.5,CASS,4,false,2
2026,1,1,890,240779,3: Reading and comprehension,3: Reading and comprehension,10.0,27.5,7.0,CASS,3,false,3
2026,1,1,890,240780,4: Recording,4: Recording,10.0,22.5,5.5,CASS,5,false,4
2026,1,1,1424,238500,Listening and speaking,Listening and speaking,10.0,50.0,12.5,CASS,1,false,1
2026,1,1,1424,238501,Reading (Phonics and Comprehension),Reading (Phonics and Comprehension),10.0,50.0,12.5,CASS,3,false,2
2026,1,1,1427,238524,Listening and speaking,Listening and speaking,10.0,50.0,12.5,CASS,1,false,1
2026,1,1,1427,238525,Reading (Phonics and Comprehension),Reading (Phonics and Comprehension),10.0,50.0,12.5,CASS,3,false,2
2026,1,1,1430,238548,Listening and speaking,Listening and speaking,10.0,50.0,12.5,CASS,1,false,1
2026,1,1,1430,238549,Reading (Phonics and Comprehension),Reading (Phonics and Comprehension),10.0,50.0,12.5,CASS,3,false,2
2026,1,1,1433,238572,Listening and speaking,Listening and speaking,10.0,50.0,12.5,CASS,1,false,1
2026,1,1,1433,238573,Reading (Phonics and Comprehension),Reading (Phonics and Comprehension),10.0,50.0,12.5,CASS,3,false,2
2026,1,1,1436,238596,Listening and speaking,Listening and speaking,10.0,50.0,12.5,CASS,1,false,1
2026,1,1,1436,238597,Reading (Phonics and Comprehension),Reading (Phonics and Comprehension),10.0,50.0,12.5,CASS,3,false,2
2026,1,1,1439,238620,Listening and speaking,Listening and speaking,10.0,50.0,12.5,CASS,1,false,1
2026,1,1,1439,238621,Reading (Phonics and Comprehension),Reading (Phonics and Comprehension),10.0,50.0,12.5,CASS,3,false,2
2026,1,1,1442,238644,Listening and speaking,Listening and speaking,10.0,50.0,12.5,CASS,1,false,1
2026,1,1,1442,238645,Reading (Phonics and Comprehension),Reading (Phonics and Comprehension),10.0,50.0,12.5,CASS,3,false,2
2026,1,1,1445,238668,Listening and speaking,Listening and speaking,10.0,50.0,12.5,CASS,1,false,1
2026,1,1,1445,238669,Reading (Phonics and Comprehension),Reading (Phonics and Comprehension),10.0,50.0,12.5,CASS,3,false,2
2026,1,1,1448,238692,Listening and speaking,Listening and speaking,10.0,50.0,12.5,CASS,1,false,1
2026,1,1,1448,238693,Reading (Phonics and Comprehension),Reading (Phonics and Comprehension),10.0,50.0,12.5,CASS,3,false,2
2026,1,1,1451,238716,Listening and speaking,Listening and speaking,10.0,50.0,12.5,CASS,1,false,1
2026,1,1,1451,238717,Reading (Phonics and Comprehension),Reading (Phonics and Comprehension),10.0,50.0,12.5,CASS,3,false,2
2026,1,1,1454,238740,Listening and speaking,Listening and speaking,10.0,50.0,12.5,CASS,1,false,1
2026,1,1,1454,238741,Reading (Phonics and Comprehension),Reading (Phonics and Comprehension),10.0,50.0,12.5,CASS,3,false,2
2026,1,1,1728,254065,1,1,10.0,100.0,25.0,CASS,0,false,1
2026,1,1,1737,253593,Listening and speaking,Listening and speaking,3.0,60.0,10.0,CASS,1,false,1
2026,1,1,1737,253594,Emergent reading,Emergent reading,3.0,20.0,7.0,CASS,2,false,2
2026,1,1,1737,253595,Emergent writing,Emergent writing,3.0,20.0,8.0,CASS,3,false,3
2026,1,1,1738,253713,Listening and speaking,Listening and speaking,3.0,60.0,10.0,CASS,1,false,1
2026,1,1,1738,253714,Emergent reading,Emergent reading,3.0,20.0,7.0,CASS,2,false,2
2026,1,1,1738,253715,Emergent writing,Emergent writing,3.0,20.0,8.0,CASS,3,false,3
2026,1,1,1739,253701,Listening and speaking,Listening and speaking,3.0,60.0,10.0,CASS,1,false,1
2026,1,1,1739,253702,Emergent reading,Emergent reading,3.0,20.0,7.0,CASS,2,false,2
2026,1,1,1739,253703,Emergent writing,Emergent writing,3.0,20.0,8.0,CASS,3,false,3
2026,1,1,1740,253689,Listening and speaking,Listening and speaking,3.0,60.0,10.0,CASS,1,false,1
2026,1,1,1740,253690,Emergent reading,Emergent reading,3.0,20.0,7.0,CASS,2,false,2
2026,1,1,1740,253691,Emergent writing,Emergent writing,3.0,20.0,8.0,CASS,3,false,3
2026,1,1,1741,253677,Listening and speaking,Listening and speaking,3.0,60.0,10.0,CASS,1,false,1
2026,1,1,1741,253678,Emergent reading,Emergent reading,3.0,20.0,7.0,CASS,2,false,2
2026,1,1,1741,253679,Emergent writing,Emergent writing,3.0,20.0,8.0,CASS,3,false,3
2026,1,1,1742,253381,Beginning Knowledge & PSW,Beginning Knowledge & PSW,3.0,33.0,8.25,CASS,3,false,1
2026,1,1,1742,253382,Creative Arts,Creative Arts,3.0,33.0,8.25,CASS,1,false,2
2026,1,1,1742,253383,Physical Education,Physical Education,3.0,34.0,8.5,CASS,2,false,3
2026,1,1,1743,253725,"1: Numbers, operations and relationships","1: Numbers, operations and relationships",3.0,50.0,15.0,CASS,1,false,1
2026,1,1,1743,253726,3: Space and shape (Geometry),3: Space and shape (Geometry),3.0,50.0,10.0,CASS,3,false,2
2026,1,1,1744,253665,Listening and speaking,Listening and speaking,3.0,60.0,10.0,CASS,1,false,1
2026,1,1,1744,253666,Emergent reading,Emergent reading,3.0,20.0,7.0,CASS,2,false,2
2026,1,1,1744,253667,Emergent writing,Emergent writing,3.0,20.0,8.0,CASS,3,false,3
2026,1,1,1745,253653,Listening and speaking,Listening and speaking,3.0,60.0,10.0,CASS,1,false,1
2026,1,1,1745,253654,Emergent reading,Emergent reading,3.0,20.0,7.0,CASS,2,false,2
2026,1,1,1745,253655,Emergent writing,Emergent writing,3.0,20.0,8.0,CASS,3,false,3
2026,1,1,1746,253641,Listening and speaking,Listening and speaking,3.0,60.0,10.0,CASS,1,false,1
2026,1,1,1746,253642,Emergent reading,Emergent reading,3.0,20.0,7.0,CASS,2,false,2
2026,1,1,1746,253643,Emergent writing,Emergent writing,3.0,20.0,8.0,CASS,3,false,3
2026,1,1,1747,253629,Listening and speaking,Listening and speaking,3.0,60.0,10.0,CASS,1,false,1
2026,1,1,1747,253630,Emergent reading,Emergent reading,3.0,20.0,7.0,CASS,2,false,2
2026,1,1,1747,253631,Emergent writing,Emergent writing,3.0,20.0,8.0,CASS,3,false,3
2026,1,1,1748,253617,Listening and speaking,Listening and speaking,3.0,60.0,10.0,CASS,1,false,1
2026,1,1,1748,253618,Emergent reading,Emergent reading,3.0,20.0,7.0,CASS,2,false,2
2026,1,1,1748,253619,Emergent writing,Emergent writing,3.0,20.0,8.0,CASS,3,false,3
2026,1,1,1749,253605,Listening and speaking,Listening and speaking,3.0,60.0,10.0,CASS,1,false,1
2026,1,1,1749,253606,Emergent reading,Emergent reading,3.0,20.0,7.0,CASS,2,false,2
2026,1,1,1749,253607,Emergent writing,Emergent writing,3.0,20.0,8.0,CASS,3,false,3
2026,1,1,1750,253321,Observing and Signing,Observing and Signing,3.0,60.0,10.0,CASS,1,false,1
2026,1,1,1750,253322,Emergent reading,Emergent reading,3.0,20.0,8.0,CASS,2,false,2
2026,1,1,1750,253323,Emergent recording,Emergent recording,3.0,20.0,7.0,CASS,3,false,3
2026,1,1,1841,254733,1,1,20.0,50.0,12.5,CASS,0,false,1
2026,1,1,1841,254734,2,2,20.0,50.0,12.5,CASS,0,false,2
2026,1,1,1848,254765,1,1,20.0,50.0,12.5,CASS,0,false,1
2026,1,1,1848,254766,2,2,20.0,50.0,12.5,CASS,0,false,2
2026,1,1,1855,254797,1,1,20.0,50.0,12.5,CASS,0,false,1
2026,1,1,1855,254798,2,2,20.0,50.0,12.5,CASS,0,false,2
2026,1,1,1862,254829,1,1,20.0,50.0,12.5,CASS,0,false,1
2026,1,1,1862,254830,2,2,20.0,50.0,12.5,CASS,0,false,2
2026,1,1,1869,254861,1,1,20.0,50.0,12.5,CASS,0,false,1
2026,1,1,1869,254862,2,2,20.0,50.0,12.5,CASS,0,false,2
2026,1,1,1876,254893,1,1,20.0,50.0,12.5,CASS,0,false,1
2026,1,1,1876,254894,2,2,20.0,50.0,12.5,CASS,0,false,2
2026,1,1,1883,254925,1,1,20.0,50.0,12.5,CASS,0,false,1
2026,1,1,1883,254926,2,2,20.0,50.0,12.5,CASS,0,false,2
2026,1,1,1890,254957,1,1,20.0,50.0,12.5,CASS,0,false,1
2026,1,1,1890,254958,2,2,20.0,50.0,12.5,CASS,0,false,2
2026,1,1,1897,254989,1,1,20.0,50.0,12.5,CASS,0,false,1
2026,1,1,1897,254990,2,2,20.0,50.0,12.5,CASS,0,false,2
2026,1,1,1904,255021,1,1,20.0,50.0,12.5,CASS,0,false,1
2026,1,1,1904,255022,2,2,20.0,50.0,12.5,CASS,0,false,2
2026,1,1,1911,255053,1,1,20.0,50.0,12.5,CASS,0,false,1
2026,1,1,1911,255054,2,2,20.0,50.0,12.5,CASS,0,false,2
2026,1,1,1918,255085,1,1,20.0,50.0,12.5,CASS,0,false,1
2026,1,1,1918,255086,2,2,20.0,50.0,12.5,CASS,0,false,2
2026,1,1,1988,255117,1,1,20.0,50.0,12.5,CASS,0,false,1
2026,1,1,1988,255118,2,2,20.0,50.0,12.5,CASS,0,false,2
2026,1,2,5,239028,1: Listening and speaking,1: Listening and speaking,15.0,50.0,12.5,CASS,1,false,1
2026,1,2,5,239029,2: Phonics,2: Phonics,25.0,20.0,5.0,CASS,4,false,2
2026,1,2,5,239030,3: Reading and comprehension,3: Reading and comprehension,25.0,25.0,6.25,CASS,8,false,3
2026,1,2,5,239031,4: Writing,4: Writing,20.0,5.0,1.25,CASS,5,false,4
2026,1,2,18,240825,Baseline assessment,Baseline assessment,10.0,0,0,CASS,0,false,1
2026,1,2,18,240826,1: Listening and speaking,1: Listening and speaking,10.0,20.0,5.0,CASS,1,false,2
2026,1,2,18,240827,2: Phonics,2: Phonics,10.0,20.0,5.0,CASS,4,false,3
2026,1,2,18,240828,3: Reading and comprehension,3: Reading and comprehension,10.0,25.0,6.25,CASS,3,false,4
2026,1,2,18,240829,4: Writing,4: Writing,10.0,25.0,6.25,CASS,5,false,5
2026,1,2,18,240830,5: Handwriting,5: Handwriting,5.0,10.0,2.5,CASS,6,false,6
2026,1,2,102,239044,1: Listening and speaking,1: Listening and speaking,15.0,50.0,12.5,CASS,1,false,1
2026,1,2,102,239045,2: Phonics,2: Phonics,25.0,20.0,5.0,CASS,4,false,2
2026,1,2,102,239046,3: Reading and comprehension,3: Reading and comprehension,25.0,25.0,6.25,CASS,8,false,3
2026,1,2,102,239047,4: Writing,4: Writing,20.0,5.0,1.25,CASS,5,false,4
2026,1,2,115,240846,Baseline assessment,Baseline assessment,10.0,0,0,CASS,0,false,1
2026,1,2,115,240847,1: Listening and speaking,1: Listening and speaking,10.0,20.0,5.0,CASS,1,false,2
2026,1,2,115,240848,2: Phonics,2: Phonics,10.0,20.0,5.0,CASS,4,false,3
2026,1,2,115,240849,3: Reading and comprehension,3: Reading and comprehension,10.0,25.0,6.25,CASS,3,false,4
2026,1,2,115,240850,4: Writing,4: Writing,10.0,25.0,6.25,CASS,5,false,5
2026,1,2,115,240851,5: Handwriting,5: Handwriting,5.0,10.0,2.5,CASS,6,false,6
2026,1,2,189,239060,1: Listening and speaking,1: Listening and speaking,15.0,50.0,12.5,CASS,1,false,1
2026,1,2,189,239061,2: Phonics,2: Phonics,25.0,20.0,5.0,CASS,4,false,2
2026,1,2,189,239062,3: Reading and comprehension,3: Reading and comprehension,25.0,25.0,6.25,CASS,8,false,3
2026,1,2,189,239063,4: Writing,4: Writing,20.0,5.0,1.25,CASS,5,false,4
2026,1,2,202,240867,Baseline assessment,Baseline assessment,10.0,0,0,CASS,0,false,1
2026,1,2,202,240868,1: Listening and speaking,1: Listening and speaking,10.0,20.0,5.0,CASS,1,false,2
2026,1,2,202,240869,2: Phonics,2: Phonics,10.0,20.0,5.0,CASS,4,false,3
2026,1,2,202,240870,3: Reading and comprehension,3: Reading and comprehension,10.0,25.0,6.25,CASS,3,false,4
2026,1,2,202,240871,4: Writing,4: Writing,10.0,25.0,6.25,CASS,5,false,5
2026,1,2,202,240872,5: Handwriting,5: Handwriting,5.0,10.0,2.5,CASS,6,false,6
2026,1,2,223,239076,1: Listening and speaking,1: Listening and speaking,15.0,50.0,12.5,CASS,1,false,1
2026,1,2,223,239077,2: Phonics,2: Phonics,25.0,20.0,5.0,CASS,4,false,2
2026,1,2,223,239078,3: Reading and comprehension,3: Reading and comprehension,25.0,25.0,6.25,CASS,8,false,3
2026,1,2,223,239079,4: Writing,4: Writing,20.0,5.0,1.25,CASS,5,false,4
2026,1,2,236,240888,Baseline assessment,Baseline assessment,10.0,0,0,CASS,0,false,1
2026,1,2,236,240889,1: Listening and speaking,1: Listening and speaking,10.0,20.0,5.0,CASS,1,false,2
2026,1,2,236,240890,2: Phonics,2: Phonics,10.0,20.0,5.0,CASS,4,false,3
2026,1,2,236,240891,3: Reading and comprehension,3: Reading and comprehension,10.0,25.0,6.25,CASS,3,false,4
2026,1,2,236,240892,4: Writing,4: Writing,10.0,25.0,6.25,CASS,5,false,5
2026,1,2,236,240893,5: Handwriting,5: Handwriting,5.0,10.0,2.5,CASS,6,false,6
2026,1,2,257,239092,1: Listening and speaking,1: Listening and speaking,15.0,50.0,12.5,CASS,1,false,1
2026,1,2,257,239093,2: Phonics,2: Phonics,25.0,20.0,5.0,CASS,4,false,2
2026,1,2,257,239094,3: Reading and comprehension,3: Reading and comprehension,25.0,25.0,6.25,CASS,8,false,3
2026,1,2,257,239095,4: Writing,4: Writing,20.0,5.0,1.25,CASS,5,false,4
2026,1,2,270,240909,Baseline assessment,Baseline assessment,10.0,0,0,CASS,0,false,1
2026,1,2,270,240910,1: Listening and speaking,1: Listening and speaking,10.0,20.0,5.0,CASS,1,false,2
2026,1,2,270,240911,2: Phonics,2: Phonics,10.0,20.0,5.0,CASS,4,false,3
2026,1,2,270,240912,3: Reading and comprehension,3: Reading and comprehension,10.0,25.0,6.25,CASS,3,false,4
2026,1,2,270,240913,4: Writing,4: Writing,10.0,25.0,6.25,CASS,5,false,5
2026,1,2,270,240914,5: Handwriting,5: Handwriting,5.0,10.0,2.5,CASS,6,false,6
2026,1,2,311,248511,Beginning Knowledge & PSW,Beginning Knowledge & PSW,25.0,40.0,10.0,CASS,3,false,1
2026,1,2,311,248512,Physical Education,Physical Education,10.0,30.0,7.5,CASS,2,false,2
2026,1,2,311,248513,Creative Arts,Creative Arts,20.0,30.0,7.5,CASS,1,false,3
2026,1,2,324,249195,Baseline Assessment,Baseline Assessment,10.0,0,0,CASS,0,false,1
2026,1,2,324,249196,"1: Numbers, operations and relationships","1: Numbers, operations and relationships",10.0,60.0,15.0,CASS,1,false,2
2026,1,2,324,249197,"2: Patterns, functions and algebra","2: Patterns, functions and algebra",5.0,10.0,2.5,CASS,2,false,3
2026,1,2,324,249198,3: Space and shape (Geometry),3: Space and shape (Geometry),5.0,13.0,3.25,CASS,3,false,4
2026,1,2,324,249199,4: Measurement,4: Measurement,5.0,12.0,3.0,CASS,4,false,5
2026,1,2,324,249200,5: Data handling,5: Data handling,2.0,5.0,1.25,CASS,5,false,6
2026,1,2,378,239108,1: Listening and speaking,1: Listening and speaking,15.0,50.0,12.5,CASS,1,false,1
2026,1,2,378,239109,2: Phonics,2: Phonics,25.0,20.0,5.0,CASS,4,false,2
2026,1,2,378,239110,3: Reading and comprehension,3: Reading and comprehension,25.0,25.0,6.25,CASS,8,false,3
2026,1,2,378,239111,4: Writing,4: Writing,20.0,5.0,1.25,CASS,5,false,4
2026,1,2,391,240930,Baseline assessment,Baseline assessment,10.0,0,0,CASS,0,false,1
2026,1,2,391,240931,1: Listening and speaking,1: Listening and speaking,10.0,20.0,5.0,CASS,1,false,2
2026,1,2,391,240932,2: Phonics,2: Phonics,10.0,20.0,5.0,CASS,4,false,3
2026,1,2,391,240933,3: Reading and comprehension,3: Reading and comprehension,10.0,25.0,6.25,CASS,3,false,4
2026,1,2,391,240934,4: Writing,4: Writing,10.0,25.0,6.25,CASS,5,false,5
2026,1,2,391,240935,5: Handwriting,5: Handwriting,5.0,10.0,2.5,CASS,6,false,6
2026,1,2,431,239124,1: Listening and speaking,1: Listening and speaking,15.0,50.0,12.5,CASS,1,false,1
2026,1,2,431,239125,2: Phonics,2: Phonics,25.0,20.0,5.0,CASS,4,false,2
2026,1,2,431,239126,3: Reading and comprehension,3: Reading and comprehension,25.0,25.0,6.25,CASS,8,false,3
2026,1,2,431,239127,4: Writing,4: Writing,20.0,5.0,1.25,CASS,5,false,4
2026,1,2,444,240951,Baseline assessment,Baseline assessment,10.0,0,0,CASS,0,false,1
2026,1,2,444,240952,1: Listening and speaking,1: Listening and speaking,10.0,20.0,5.0,CASS,1,false,2
2026,1,2,444,240953,2: Phonics,2: Phonics,10.0,20.0,5.0,CASS,4,false,3
2026,1,2,444,240954,3: Reading and comprehension,3: Reading and comprehension,10.0,25.0,6.25,CASS,3,false,4
2026,1,2,444,240955,4: Writing,4: Writing,10.0,25.0,6.25,CASS,5,false,5
2026,1,2,444,240956,5: Handwriting,5: Handwriting,5.0,10.0,2.5,CASS,6,false,6
2026,1,2,465,239140,1: Listening and speaking,1: Listening and speaking,15.0,50.0,12.5,CASS,1,false,1
2026,1,2,465,239141,2: Phonics,2: Phonics,25.0,20.0,5.0,CASS,4,false,2
2026,1,2,465,239142,3: Reading and comprehension,3: Reading and comprehension,25.0,25.0,6.25,CASS,8,false,3
2026,1,2,465,239143,4: Writing,4: Writing,20.0,5.0,1.25,CASS,5,false,4
2026,1,2,478,240972,Baseline assessment,Baseline assessment,10.0,0,0,CASS,0,false,1
2026,1,2,478,240973,1: Listening and speaking,1: Listening and speaking,10.0,20.0,5.0,CASS,1,false,2
2026,1,2,478,240974,2: Phonics,2: Phonics,10.0,20.0,5.0,CASS,4,false,3
2026,1,2,478,240975,3: Reading and comprehension,3: Reading and comprehension,10.0,25.0,6.25,CASS,3,false,4
2026,1,2,478,240976,4: Writing,4: Writing,10.0,25.0,6.25,CASS,5,false,5
2026,1,2,478,240977,5: Handwriting,5: Handwriting,5.0,10.0,2.5,CASS,6,false,6
2026,1,2,499,239156,1: Listening and speaking,1: Listening and speaking,15.0,50.0,12.5,CASS,1,false,1
2026,1,2,499,239157,2: Phonics,2: Phonics,25.0,20.0,5.0,CASS,4,false,2
2026,1,2,499,239158,3: Reading and comprehension,3: Reading and comprehension,25.0,25.0,6.25,CASS,8,false,3
2026,1,2,499,239159,4: Writing,4: Writing,20.0,5.0,1.25,CASS,5,false,4
2026,1,2,512,240993,Baseline assessment,Baseline assessment,10.0,0,0,CASS,0,false,1
2026,1,2,512,240994,1: Listening and speaking,1: Listening and speaking,10.0,20.0,5.0,CASS,1,false,2
2026,1,2,512,240995,2: Phonics,2: Phonics,10.0,20.0,5.0,CASS,4,false,3
2026,1,2,512,240996,3: Reading and comprehension,3: Reading and comprehension,10.0,25.0,6.25,CASS,3,false,4
2026,1,2,512,240997,4: Writing,4: Writing,10.0,25.0,6.25,CASS,5,false,5
2026,1,2,512,240998,5: Handwriting,5: Handwriting,5.0,10.0,2.5,CASS,6,false,6
2026,1,2,581,239172,1: Listening and speaking,1: Listening and speaking,15.0,50.0,12.5,CASS,1,false,1
2026,1,2,581,239173,2: Phonics,2: Phonics,25.0,20.0,5.0,CASS,4,false,2
2026,1,2,581,239174,3: Reading and comprehension,3: Reading and comprehension,25.0,25.0,6.25,CASS,8,false,3
2026,1,2,581,239175,4: Writing,4: Writing,20.0,5.0,1.25,CASS,5,false,4
2026,1,2,594,241014,Baseline assessment,Baseline assessment,10.0,0,0,CASS,0,false,1
2026,1,2,594,241015,1: Listening and speaking,1: Listening and speaking,10.0,20.0,5.0,CASS,1,false,2
2026,1,2,594,241016,2: Phonics,2: Phonics,10.0,20.0,5.0,CASS,4,false,3
2026,1,2,594,241017,3: Reading and comprehension,3: Reading and comprehension,10.0,25.0,6.25,CASS,3,false,4
2026,1,2,594,241018,4: Writing,4: Writing,10.0,25.0,6.25,CASS,5,false,5
2026,1,2,594,241019,5: Handwriting,5: Handwriting,5.0,10.0,2.5,CASS,6,false,6
2026,1,2,838,239188,1: Listening and speaking,1: Listening and speaking,15.0,50.0,12.5,CASS,1,false,1
2026,1,2,838,239189,2: Phonics,2: Phonics,25.0,20.0,5.0,CASS,4,false,2
2026,1,2,838,239190,3: Reading and comprehension,3: Reading and comprehension,25.0,25.0,6.25,CASS,8,false,3
2026,1,2,838,239191,4: Writing,4: Writing,20.0,5.0,1.25,CASS,5,false,4
2026,1,2,851,241035,Baseline assessment,Baseline assessment,10.0,0,0,CASS,0,false,1
2026,1,2,851,241036,1: Listening and speaking,1: Listening and speaking,10.0,20.0,5.0,CASS,1,false,2
2026,1,2,851,241037,2: Phonics,2: Phonics,10.0,20.0,5.0,CASS,4,false,3
2026,1,2,851,241038,3: Reading and comprehension,3: Reading and comprehension,10.0,25.0,6.25,CASS,3,false,4
2026,1,2,851,241039,4: Writing,4: Writing,10.0,25.0,6.25,CASS,5,false,5
2026,1,2,851,241040,5: Handwriting,5: Handwriting,5.0,10.0,2.5,CASS,6,false,6
2026,1,2,891,241518,Baseline assessment,Baseline assessment,10.0,0,0,CASS,0,false,1
2026,1,2,891,241519,1: Observing and Signing,1: Observing and Signing,10.0,22.5,5.5,CASS,1,false,2
2026,1,2,891,241520,2: Phonics,2: Phonics,10.0,22.5,5.5,CASS,4,false,3
2026,1,2,891,241521,3: Reading and comprehension,3: Reading and comprehension,10.0,27.5,7.0,CASS,2,false,4
2026,1,2,891,241522,4: Recording,4: Recording,10.0,27.5,7.0,CASS,5,false,5
2026,1,2,1425,238508,Listening and speaking,Listening and speaking,10.0,50.0,12.5,CASS,1,false,1
2026,1,2,1425,238509,Reading (Phonics and Comprehension),Reading (Phonics and Comprehension),10.0,50.0,12.5,CASS,3,false,2
2026,1,2,1428,238532,Listening and speaking,Listening and speaking,10.0,50.0,12.5,CASS,1,false,1
2026,1,2,1428,238533,Reading (Phonics and Comprehension),Reading (Phonics and Comprehension),10.0,50.0,12.5,CASS,3,false,2
2026,1,2,1431,238556,Listening and speaking,Listening and speaking,10.0,50.0,12.5,CASS,1,false,1
2026,1,2,1431,238557,Reading (Phonics and Comprehension),Reading (Phonics and Comprehension),10.0,50.0,12.5,CASS,3,false,2
2026,1,2,1434,238580,Listening and speaking,Listening and speaking,10.0,50.0,12.5,CASS,1,false,1
2026,1,2,1434,238581,Reading (Phonics and Comprehension),Reading (Phonics and Comprehension),10.0,50.0,12.5,CASS,3,false,2
2026,1,2,1437,238604,Listening and speaking,Listening and speaking,10.0,50.0,12.5,CASS,1,false,1
2026,1,2,1437,238605,Reading (Phonics and Comprehension),Reading (Phonics and Comprehension),10.0,50.0,12.5,CASS,3,false,2
2026,1,2,1440,238628,Listening and speaking,Listening and speaking,10.0,50.0,12.5,CASS,1,false,1
2026,1,2,1440,238629,Reading (Phonics and Comprehension),Reading (Phonics and Comprehension),10.0,50.0,12.5,CASS,3,false,2
2026,1,2,1443,238652,Listening and speaking,Listening and speaking,10.0,50.0,12.5,CASS,1,false,1
2026,1,2,1443,238653,Reading (Phonics and Comprehension),Reading (Phonics and Comprehension),10.0,50.0,12.5,CASS,3,false,2
2026,1,2,1446,238676,Listening and speaking,Listening and speaking,10.0,50.0,12.5,CASS,1,false,1
2026,1,2,1446,238677,Reading (Phonics and Comprehension),Reading (Phonics and Comprehension),10.0,50.0,12.5,CASS,3,false,2
2026,1,2,1449,238700,Listening and speaking,Listening and speaking,10.0,50.0,12.5,CASS,1,false,1
2026,1,2,1449,238701,Reading (Phonics and Comprehension),Reading (Phonics and Comprehension),10.0,50.0,12.5,CASS,3,false,2
2026,1,2,1452,238724,Listening and speaking,Listening and speaking,10.0,50.0,12.5,CASS,1,false,1
2026,1,2,1452,238725,Reading (Phonics and Comprehension),Reading (Phonics and Comprehension),10.0,50.0,12.5,CASS,3,false,2
2026,1,2,1455,238748,Listening and speaking,Listening and speaking,10.0,50.0,12.5,CASS,1,false,1
2026,1,2,1455,238749,Reading (Phonics and Comprehension),Reading (Phonics and Comprehension),10.0,50.0,12.5,CASS,3,false,2
2026,1,2,1729,254061,1,1,10.0,100.0,25.0,CASS,0,false,1
2026,1,2,1842,254741,1,1,20.0,50.0,12.5,CASS,0,false,1
2026,1,2,1842,254742,2,2,20.0,50.0,12.5,CASS,0,false,2
2026,1,2,1849,254773,1,1,20.0,50.0,12.5,CASS,0,false,1
2026,1,2,1849,254774,2,2,20.0,50.0,12.5,CASS,0,false,2
2026,1,2,1856,254805,1,1,20.0,50.0,12.5,CASS,0,false,1
2026,1,2,1856,254806,2,2,20.0,50.0,12.5,CASS,0,false,2
2026,1,2,1863,254837,1,1,20.0,50.0,12.5,CASS,0,false,1
2026,1,2,1863,254838,2,2,20.0,50.0,12.5,CASS,0,false,2
2026,1,2,1870,254869,1,1,20.0,50.0,12.5,CASS,0,false,1
2026,1,2,1870,254870,2,2,20.0,50.0,12.5,CASS,0,false,2
2026,1,2,1877,254901,1,1,20.0,50.0,12.5,CASS,0,false,1
2026,1,2,1877,254902,2,2,20.0,50.0,12.5,CASS,0,false,2
2026,1,2,1884,254933,1,1,20.0,50.0,12.5,CASS,0,false,1
2026,1,2,1884,254934,2,2,20.0,50.0,12.5,CASS,0,false,2
2026,1,2,1891,254965,1,1,20.0,50.0,12.5,CASS,0,false,1
2026,1,2,1891,254966,2,2,20.0,50.0,12.5,CASS,0,false,2
2026,1,2,1898,254997,1,1,20.0,50.0,12.5,CASS,0,false,1
2026,1,2,1898,254998,2,2,20.0,50.0,12.5,CASS,0,false,2
2026,1,2,1905,255029,1,1,20.0,50.0,12.5,CASS,0,false,1
2026,1,2,1905,255030,2,2,20.0,50.0,12.5,CASS,0,false,2
2026,1,2,1912,255061,1,1,20.0,50.0,12.5,CASS,0,false,1
2026,1,2,1912,255062,2,2,20.0,50.0,12.5,CASS,0,false,2
2026,1,2,1919,255093,1,1,20.0,50.0,12.5,CASS,0,false,1
2026,1,2,1919,255094,2,2,20.0,50.0,12.5,CASS,0,false,2
2026,1,2,1989,255125,1,1,20.0,50.0,12.5,CASS,0,false,1
2026,1,2,1989,255126,2,2,20.0,50.0,12.5,CASS,0,false,2
2026,1,3,6,239556,Baseline assessment,Baseline assessment,10.0,0,0,CASS,0,false,1
2026,1,3,6,239557,1: Listening and speaking,1: Listening and speaking,10.0,40.0,10.0,CASS,1,false,2
2026,1,3,6,239558,2: Phonics,2: Phonics,25.0,20.0,5.0,CASS,4,false,3
2026,1,3,6,239559,3: Reading and comprehension,3: Reading and comprehension,20.0,30.0,7.5,CASS,8,false,4
2026,1,3,6,239560,4: Writing,4: Writing,20.0,10.0,2.5,CASS,5,false,5
2026,1,3,19,241569,Baseline assessment,Baseline assessment,10.0,0,0,CASS,0,false,1
2026,1,3,19,241570,1: Listening and speaking,1: Listening and speaking,10.0,15.0,3.75,CASS,1,false,2
2026,1,3,19,241571,2: Phonics,2: Phonics,10.0,20.0,5.0,CASS,4,false,3
2026,1,3,19,241572,3: Reading and comprehension,3: Reading and comprehension,10.0,25.0,6.25,CASS,3,false,4
2026,1,3,19,241573,4: Writing,4: Writing,10.0,30.0,7.5,CASS,5,false,5
2026,1,3,19,241574,5: Handwriting,5: Handwriting,5.0,10.0,2.5,CASS,6,false,6
2026,1,3,103,239573,Baseline assessment,Baseline assessment,10.0,0,0,CASS,0,false,1
2026,1,3,103,239574,1: Listening and speaking,1: Listening and speaking,10.0,40.0,10.0,CASS,1,false,2
2026,1,3,103,239575,2: Phonics,2: Phonics,25.0,20.0,5.0,CASS,4,false,3
2026,1,3,103,239576,3: Reading and comprehension,3: Reading and comprehension,20.0,30.0,7.5,CASS,8,false,4
2026,1,3,103,239577,4: Writing,4: Writing,20.0,10.0,2.5,CASS,5,false,5
2026,1,3,116,241590,Baseline assessment,Baseline assessment,10.0,0,0,CASS,0,false,1
2026,1,3,116,241591,1: Listening and speaking,1: Listening and speaking,10.0,15.0,3.75,CASS,1,false,2
2026,1,3,116,241592,2: Phonics,2: Phonics,10.0,20.0,5.0,CASS,4,false,3
2026,1,3,116,241593,3: Reading and comprehension,3: Reading and comprehension,10.0,25.0,6.25,CASS,3,false,4
2026,1,3,116,241594,4: Writing,4: Writing,10.0,30.0,7.5,CASS,5,false,5
2026,1,3,116,241595,5: Handwriting,5: Handwriting,5.0,10.0,2.5,CASS,6,false,6
2026,1,3,190,239590,Baseline assessment,Baseline assessment,10.0,0,0,CASS,0,false,1
2026,1,3,190,239591,1: Listening and speaking,1: Listening and speaking,10.0,40.0,10.0,CASS,1,false,2
2026,1,3,190,239592,2: Phonics,2: Phonics,25.0,20.0,5.0,CASS,4,false,3
2026,1,3,190,239593,3: Reading and comprehension,3: Reading and comprehension,20.0,30.0,7.5,CASS,8,false,4
2026,1,3,190,239594,4: Writing,4: Writing,20.0,10.0,2.5,CASS,5,false,5
2026,1,3,203,241611,Baseline assessment,Baseline assessment,10.0,0,0,CASS,0,false,1
2026,1,3,203,241612,1: Listening and speaking,1: Listening and speaking,10.0,15.0,3.75,CASS,1,false,2
2026,1,3,203,241613,2: Phonics,2: Phonics,10.0,20.0,5.0,CASS,4,false,3
2026,1,3,203,241614,3: Reading and comprehension,3: Reading and comprehension,10.0,25.0,6.25,CASS,3,false,4
2026,1,3,203,241615,4: Writing,4: Writing,10.0,30.0,7.5,CASS,5,false,5
2026,1,3,203,241616,5: Handwriting,5: Handwriting,5.0,10.0,2.5,CASS,6,false,6
2026,1,3,224,239607,Baseline assessment,Baseline assessment,10.0,0,0,CASS,0,false,1
2026,1,3,224,239608,1: Listening and speaking,1: Listening and speaking,10.0,40.0,10.0,CASS,1,false,2
2026,1,3,224,239609,2: Phonics,2: Phonics,25.0,20.0,5.0,CASS,4,false,3
2026,1,3,224,239610,3: Reading and comprehension,3: Reading and comprehension,20.0,30.0,7.5,CASS,8,false,4
2026,1,3,224,239611,4: Writing,4: Writing,20.0,10.0,2.5,CASS,5,false,5
2026,1,3,237,241632,Baseline assessment,Baseline assessment,10.0,0,0,CASS,0,false,1
2026,1,3,237,241633,1: Listening and speaking,1: Listening and speaking,10.0,15.0,3.75,CASS,1,false,2
2026,1,3,237,241634,2: Phonics,2: Phonics,10.0,20.0,5.0,CASS,4,false,3
2026,1,3,237,241635,3: Reading and comprehension,3: Reading and comprehension,10.0,25.0,6.25,CASS,3,false,4
2026,1,3,237,241636,4: Writing,4: Writing,10.0,30.0,7.5,CASS,5,false,5
2026,1,3,237,241637,5: Handwriting,5: Handwriting,5.0,10.0,2.5,CASS,6,false,6
2026,1,3,258,239624,Baseline assessment,Baseline assessment,10.0,0,0,CASS,0,false,1
2026,1,3,258,239625,1: Listening and speaking,1: Listening and speaking,10.0,40.0,10.0,CASS,1,false,2
2026,1,3,258,239626,2: Phonics,2: Phonics,25.0,20.0,5.0,CASS,4,false,3
2026,1,3,258,239627,3: Reading and comprehension,3: Reading and comprehension,20.0,30.0,7.5,CASS,8,false,4
2026,1,3,258,239628,4: Writing,4: Writing,20.0,10.0,2.5,CASS,5,false,5
2026,1,3,271,241653,Baseline assessment,Baseline assessment,10.0,0,0,CASS,0,false,1
2026,1,3,271,241654,1: Listening and speaking,1: Listening and speaking,10.0,15.0,3.75,CASS,1,false,2
2026,1,3,271,241655,2: Phonics,2: Phonics,10.0,20.0,5.0,CASS,4,false,3
2026,1,3,271,241656,3: Reading and comprehension,3: Reading and comprehension,10.0,25.0,6.25,CASS,3,false,4
2026,1,3,271,241657,4: Writing,4: Writing,10.0,30.0,7.5,CASS,5,false,5
2026,1,3,271,241658,5: Handwriting,5: Handwriting,5.0,10.0,2.5,CASS,6,false,6
2026,1,3,312,248523,Beginning Knowledge & PSW,Beginning Knowledge & PSW,25.0,40.0,10.0,CASS,3,false,1
2026,1,3,312,248524,Physical Education,Physical Education,10.0,30.0,7.5,CASS,2,false,2
2026,1,3,312,248525,Creative Arts,Creative Arts,20.0,30.0,7.5,CASS,1,false,3
2026,1,3,325,249216,Baseline Assessment,Baseline Assessment,10.0,0,0,CASS,0,false,1
2026,1,3,325,249217,"1: Numbers, operations and relationships","1: Numbers, operations and relationships",10.0,58.0,14.5,CASS,1,false,2
2026,1,3,325,249218,"2: Patterns, functions and algebra","2: Patterns, functions and algebra",5.0,10.0,2.5,CASS,2,false,3
2026,1,3,325,249219,3: Space and shape (Geometry),3: Space and shape (Geometry),5.0,13.0,3.25,CASS,3,false,4
2026,1,3,325,249220,4: Measurement,4: Measurement,5.0,14.0,3.5,CASS,4,false,5
2026,1,3,325,249221,5: Data handling,5: Data handling,2.0,5.0,1.25,CASS,5,false,6
2026,1,3,379,239641,Baseline assessment,Baseline assessment,10.0,0,0,CASS,0,false,1
2026,1,3,379,239642,1: Listening and speaking,1: Listening and speaking,10.0,40.0,10.0,CASS,1,false,2
2026,1,3,379,239643,2: Phonics,2: Phonics,25.0,20.0,5.0,CASS,4,false,3
2026,1,3,379,239644,3: Reading and comprehension,3: Reading and comprehension,20.0,30.0,7.5,CASS,8,false,4
2026,1,3,379,239645,4: Writing,4: Writing,20.0,10.0,2.5,CASS,5,false,5
2026,1,3,392,241674,Baseline assessment,Baseline assessment,10.0,0,0,CASS,0,false,1
2026,1,3,392,241675,1: Listening and speaking,1: Listening and speaking,10.0,15.0,3.75,CASS,1,false,2
2026,1,3,392,241676,2: Phonics,2: Phonics,10.0,20.0,5.0,CASS,4,false,3
2026,1,3,392,241677,3: Reading and comprehension,3: Reading and comprehension,10.0,25.0,6.25,CASS,3,false,4
2026,1,3,392,241678,4: Writing,4: Writing,10.0,30.0,7.5,CASS,5,false,5
2026,1,3,392,241679,5: Handwriting,5: Handwriting,5.0,10.0,2.5,CASS,6,false,6
2026,1,3,432,239658,Baseline assessment,Baseline assessment,10.0,0,0,CASS,0,false,1
2026,1,3,432,239659,1: Listening and speaking,1: Listening and speaking,10.0,40.0,10.0,CASS,1,false,2
2026,1,3,432,239660,2: Phonics,2: Phonics,25.0,20.0,5.0,CASS,4,false,3
2026,1,3,432,239661,3: Reading and comprehension,3: Reading and comprehension,20.0,30.0,7.5,CASS,8,false,4
2026,1,3,432,239662,4: Writing,4: Writing,20.0,10.0,2.5,CASS,5,false,5
2026,1,3,445,241695,Baseline assessment,Baseline assessment,10.0,0,0,CASS,0,false,1
2026,1,3,445,241696,1: Listening and speaking,1: Listening and speaking,10.0,15.0,3.75,CASS,1,false,2
2026,1,3,445,241697,2: Phonics,2: Phonics,10.0,20.0,5.0,CASS,4,false,3
2026,1,3,445,241698,3: Reading and comprehension,3: Reading and comprehension,10.0,25.0,6.25,CASS,3,false,4
2026,1,3,445,241699,4: Writing,4: Writing,10.0,30.0,7.5,CASS,5,false,5
2026,1,3,445,241700,5: Handwriting,5: Handwriting,5.0,10.0,2.5,CASS,6,false,6
2026,1,3,466,239675,Baseline assessment,Baseline assessment,10.0,0,0,CASS,0,false,1
2026,1,3,466,239676,1: Listening and speaking,1: Listening and speaking,10.0,40.0,10.0,CASS,1,false,2
2026,1,3,466,239677,2: Phonics,2: Phonics,25.0,20.0,5.0,CASS,4,false,3
2026,1,3,466,239678,3: Reading and comprehension,3: Reading and comprehension,20.0,30.0,7.5,CASS,8,false,4
2026,1,3,466,239679,4: Writing,4: Writing,20.0,10.0,2.5,CASS,5,false,5
2026,1,3,479,241716,Baseline assessment,Baseline assessment,10.0,0,0,CASS,0,false,1
2026,1,3,479,241717,1: Listening and speaking,1: Listening and speaking,10.0,15.0,3.75,CASS,1,false,2
2026,1,3,479,241718,2: Phonics,2: Phonics,10.0,20.0,5.0,CASS,4,false,3
2026,1,3,479,241719,3: Reading and comprehension,3: Reading and comprehension,10.0,25.0,6.25,CASS,3,false,4
2026,1,3,479,241720,4: Writing,4: Writing,10.0,30.0,7.5,CASS,5,false,5
2026,1,3,479,241721,5: Handwriting,5: Handwriting,5.0,10.0,2.5,CASS,6,false,6
2026,1,3,500,239692,Baseline assessment,Baseline assessment,10.0,0,0,CASS,0,false,1
2026,1,3,500,239693,1: Listening and speaking,1: Listening and speaking,10.0,40.0,10.0,CASS,1,false,2
2026,1,3,500,239694,2: Phonics,2: Phonics,25.0,20.0,5.0,CASS,4,false,3
2026,1,3,500,239695,3: Reading and comprehension,3: Reading and comprehension,20.0,30.0,7.5,CASS,8,false,4
2026,1,3,500,239696,4: Writing,4: Writing,20.0,10.0,2.5,CASS,5,false,5
2026,1,3,513,241737,Baseline assessment,Baseline assessment,10.0,0,0,CASS,0,false,1
2026,1,3,513,241738,1: Listening and speaking,1: Listening and speaking,10.0,15.0,3.75,CASS,1,false,2
2026,1,3,513,241739,2: Phonics,2: Phonics,10.0,20.0,5.0,CASS,4,false,3
2026,1,3,513,241740,3: Reading and comprehension,3: Reading and comprehension,10.0,25.0,6.25,CASS,3,false,4
2026,1,3,513,241741,4: Writing,4: Writing,10.0,30.0,7.5,CASS,5,false,5
2026,1,3,513,241742,5: Handwriting,5: Handwriting,5.0,10.0,2.5,CASS,6,false,6
2026,1,3,582,239709,Baseline assessment,Baseline assessment,10.0,0,0,CASS,0,false,1
2026,1,3,582,239710,1: Listening and speaking,1: Listening and speaking,10.0,40.0,10.0,CASS,1,false,2
2026,1,3,582,239711,2: Phonics,2: Phonics,25.0,20.0,5.0,CASS,4,false,3
2026,1,3,582,239712,3: Reading and comprehension,3: Reading and comprehension,20.0,30.0,7.5,CASS,8,false,4
2026,1,3,582,239713,4: Writing,4: Writing,20.0,10.0,2.5,CASS,5,false,5
2026,1,3,595,241758,Baseline assessment,Baseline assessment,10.0,0,0,CASS,0,false,1
2026,1,3,595,241759,1: Listening and speaking,1: Listening and speaking,10.0,15.0,3.75,CASS,1,false,2
2026,1,3,595,241760,2: Phonics,2: Phonics,10.0,20.0,5.0,CASS,4,false,3
2026,1,3,595,241761,3: Reading and comprehension,3: Reading and comprehension,10.0,25.0,6.25,CASS,3,false,4
2026,1,3,595,241762,4: Writing,4: Writing,10.0,30.0,7.5,CASS,5,false,5
2026,1,3,595,241763,5: Handwriting,5: Handwriting,5.0,10.0,2.5,CASS,6,false,6
2026,1,3,839,239726,Baseline assessment,Baseline assessment,10.0,0,0,CASS,0,false,1
2026,1,3,839,239727,1: Listening and speaking,1: Listening and speaking,10.0,40.0,10.0,CASS,1,false,2
2026,1,3,839,239728,2: Phonics,2: Phonics,25.0,20.0,5.0,CASS,4,false,3
2026,1,3,839,239729,3: Reading and comprehension,3: Reading and comprehension,20.0,30.0,7.5,CASS,8,false,4
2026,1,3,839,239730,4: Writing,4: Writing,20.0,10.0,2.5,CASS,5,false,5
2026,1,3,852,241779,Baseline assessment,Baseline assessment,10.0,0,0,CASS,0,false,1
2026,1,3,852,241780,1: Listening and speaking,1: Listening and speaking,10.0,15.0,3.75,CASS,1,false,2
2026,1,3,852,241781,2: Phonics,2: Phonics,10.0,20.0,5.0,CASS,4,false,3
2026,1,3,852,241782,3: Reading and comprehension,3: Reading and comprehension,10.0,25.0,6.25,CASS,3,false,4
2026,1,3,852,241783,4: Writing,4: Writing,10.0,30.0,7.5,CASS,5,false,5
2026,1,3,852,241784,5: Handwriting,5: Handwriting,5.0,10.0,2.5,CASS,6,false,6
2026,1,3,892,242262,Baseline assessment,Baseline assessment,10.0,0,0,CASS,0,false,1
2026,1,3,892,242263,1: Observing and Signing,1: Observing and Signing,10.0,17.5,4.38,CASS,1,false,2
2026,1,3,892,242264,2: Phonics,2: Phonics,10.0,22.5,5.62,CASS,4,false,3
2026,1,3,892,242265,3: Reading and comprehension,3: Reading and comprehension,10.0,27.5,6.88,CASS,2,false,4
2026,1,3,892,242266,4: Recording,4: Recording,10.0,32.5,8.12,CASS,5,false,5
2026,1,3,1426,238516,Listening and speaking,Listening and speaking,10.0,50.0,12.5,CASS,1,false,1
2026,1,3,1426,238517,Reading (Phonics and Comprehension),Reading (Phonics and Comprehension),10.0,50.0,12.5,CASS,3,false,2
2026,1,3,1429,238540,Listening and speaking,Listening and speaking,10.0,50.0,12.5,CASS,1,false,1
2026,1,3,1429,238541,Reading (Phonics and Comprehension),Reading (Phonics and Comprehension),10.0,50.0,12.5,CASS,3,false,2
2026,1,3,1432,238564,Listening and speaking,Listening and speaking,10.0,50.0,12.5,CASS,1,false,1
2026,1,3,1432,238565,Reading (Phonics and Comprehension),Reading (Phonics and Comprehension),10.0,50.0,12.5,CASS,3,false,2
2026,1,3,1435,238588,Listening and speaking,Listening and speaking,10.0,50.0,12.5,CASS,1,false,1
2026,1,3,1435,238589,Reading (Phonics and Comprehension),Reading (Phonics and Comprehension),10.0,50.0,12.5,CASS,3,false,2
2026,1,3,1438,238612,Listening and speaking,Listening and speaking,10.0,50.0,12.5,CASS,1,false,1
2026,1,3,1438,238613,Reading (Phonics and Comprehension),Reading (Phonics and Comprehension),10.0,50.0,12.5,CASS,3,false,2
2026,1,3,1441,238636,Listening and speaking,Listening and speaking,10.0,50.0,12.5,CASS,1,false,1
2026,1,3,1441,238637,Reading (Phonics and Comprehension),Reading (Phonics and Comprehension),10.0,50.0,12.5,CASS,3,false,2
2026,1,3,1444,238660,Listening and speaking,Listening and speaking,10.0,50.0,12.5,CASS,1,false,1
2026,1,3,1444,238661,Reading (Phonics and Comprehension),Reading (Phonics and Comprehension),10.0,50.0,12.5,CASS,3,false,2
2026,1,3,1447,238684,Listening and speaking,Listening and speaking,10.0,50.0,12.5,CASS,1,false,1
2026,1,3,1447,238685,Reading (Phonics and Comprehension),Reading (Phonics and Comprehension),10.0,50.0,12.5,CASS,3,false,2
2026,1,3,1450,238708,Listening and speaking,Listening and speaking,10.0,50.0,12.5,CASS,1,false,1
2026,1,3,1450,238709,Reading (Phonics and Comprehension),Reading (Phonics and Comprehension),10.0,50.0,12.5,CASS,3,false,2
2026,1,3,1453,238732,Listening and speaking,Listening and speaking,10.0,50.0,12.5,CASS,1,false,1
2026,1,3,1453,238733,Reading (Phonics and Comprehension),Reading (Phonics and Comprehension),10.0,50.0,12.5,CASS,3,false,2
2026,1,3,1456,238756,Listening and speaking,Listening and speaking,10.0,50.0,12.5,CASS,1,false,1
2026,1,3,1456,238757,Reading (Phonics and Comprehension),Reading (Phonics and Comprehension),10.0,50.0,12.5,CASS,3,false,2
2026,1,3,1730,254057,1,1,10.0,100.0,25.0,CASS,0,false,1
2026,1,3,1843,254749,1,1,20.0,50.0,12.5,CASS,0,false,1
2026,1,3,1843,254750,2,2,20.0,50.0,12.5,CASS,0,false,2
2026,1,3,1850,254781,1,1,20.0,50.0,12.5,CASS,0,false,1
2026,1,3,1850,254782,2,2,20.0,50.0,12.5,CASS,0,false,2
2026,1,3,1857,254813,1,1,20.0,50.0,12.5,CASS,0,false,1
2026,1,3,1857,254814,2,2,20.0,50.0,12.5,CASS,0,false,2
2026,1,3,1864,254845,1,1,20.0,50.0,12.5,CASS,0,false,1
2026,1,3,1864,254846,2,2,20.0,50.0,12.5,CASS,0,false,2
2026,1,3,1871,254877,1,1,20.0,50.0,12.5,CASS,0,false,1
2026,1,3,1871,254878,2,2,20.0,50.0,12.5,CASS,0,false,2
2026,1,3,1878,254909,1,1,20.0,50.0,12.5,CASS,0,false,1
2026,1,3,1878,254910,2,2,20.0,50.0,12.5,CASS,0,false,2
2026,1,3,1885,254941,1,1,20.0,50.0,12.5,CASS,0,false,1
2026,1,3,1885,254942,2,2,20.0,50.0,12.5,CASS,0,false,2
2026,1,3,1892,254973,1,1,20.0,50.0,12.5,CASS,0,false,1
2026,1,3,1892,254974,2,2,20.0,50.0,12.5,CASS,0,false,2
2026,1,3,1899,255005,1,1,20.0,50.0,12.5,CASS,0,false,1
2026,1,3,1899,255006,2,2,20.0,50.0,12.5,CASS,0,false,2
2026,1,3,1906,255037,1,1,20.0,50.0,12.5,CASS,0,false,1
2026,1,3,1906,255038,2,2,20.0,50.0,12.5,CASS,0,false,2
2026,1,3,1913,255069,1,1,20.0,50.0,12.5,CASS,0,false,1
2026,1,3,1913,255070,2,2,20.0,50.0,12.5,CASS,0,false,2
2026,1,3,1920,255101,1,1,20.0,50.0,12.5,CASS,0,false,1
2026,1,3,1920,255102,2,2,20.0,50.0,12.5,CASS,0,false,2
2026,1,3,1990,255133,1,1,20.0,50.0,12.5,CASS,0,false,1
2026,1,3,1990,255134,2,2,20.0,50.0,12.5,CASS,0,false,2
2026,1,4,7,242553,Baseline assessment,Baseline assessment,10.0,0,0,CASS,0,false,1
2026,1,4,7,242554,2: Writing - essays,2: Writing - essays,20.0,33.33,11.8,CASS,0,false,2
2026,1,4,7,242555,3: Response to texts,3: Response to texts,40.0,66.67,23.5,CASS,0,false,3
2026,1,4,20,242313,Baseline assessment,Baseline assessment,10.0,0,0,CASS,0,false,1
2026,1,4,20,242314,2: Writing - essays,2: Writing - essays,20.0,33.33,11.8,CASS,0,false,2
2026,1,4,20,242315,3: Response to texts,3: Response to texts,40.0,66.67,23.5,CASS,0,false,3
2026,1,4,29,246515,Oral 1,Oral 1,20.0,100.0,33.0,CASS,0,false,1
2026,1,4,104,242563,Baseline assessment,Baseline assessment,10.0,0,0,CASS,0,false,1
2026,1,4,104,242564,2: Writing - essays,2: Writing - essays,20.0,33.33,11.8,CASS,0,false,2
2026,1,4,104,242565,3: Response to texts,3: Response to texts,40.0,66.67,23.5,CASS,0,false,3
2026,1,4,117,242323,Baseline assessment,Baseline assessment,10.0,0,0,CASS,0,false,1
2026,1,4,117,242324,2: Writing - essays,2: Writing - essays,20.0,33.33,11.8,CASS,0,false,2
2026,1,4,117,242325,3: Response to texts,3: Response to texts,40.0,66.67,23.5,CASS,0,false,3
2026,1,4,126,246519,Oral 1,Oral 1,20.0,100.0,33.0,CASS,0,false,1
2026,1,4,148,246523,Oral 1,Oral 1,20.0,100.0,33.0,CASS,0,false,1
2026,1,4,191,242573,Baseline assessment,Baseline assessment,10.0,0,0,CASS,0,false,1
2026,1,4,191,242574,2: Writing - essays,2: Writing - essays,20.0,33.33,11.8,CASS,0,false,2
2026,1,4,191,242575,3: Response to texts,3: Response to texts,40.0,66.67,23.5,CASS,0,false,3
2026,1,4,204,242353,Baseline assessment,Baseline assessment,10.0,0,0,CASS,0,false,1
2026,1,4,204,242354,2: Writing - essays,2: Writing - essays,20.0,33.33,11.8,CASS,0,false,2
2026,1,4,204,242355,3: Response to texts,3: Response to texts,40.0,66.67,23.5,CASS,0,false,3
2026,1,4,213,246527,Oral 1,Oral 1,20.0,100.0,33.0,CASS,0,false,1
2026,1,4,225,242583,Baseline assessment,Baseline assessment,10.0,0,0,CASS,0,false,1
2026,1,4,225,242584,2: Writing - essays,2: Writing - essays,20.0,33.33,11.8,CASS,0,false,2
2026,1,4,225,242585,3: Response to texts,3: Response to texts,40.0,66.67,23.5,CASS,0,false,3
2026,1,4,238,242333,Baseline assessment,Baseline assessment,10.0,0,0,CASS,0,false,1
2026,1,4,238,242334,2: Writing - essays,2: Writing - essays,20.0,33.33,11.8,CASS,0,false,2
2026,1,4,238,242335,3: Response to texts,3: Response to texts,40.0,66.67,23.5,CASS,0,false,3
2026,1,4,247,246531,Oral 1,Oral 1,20.0,100.0,33.0,CASS,0,false,1
2026,1,4,259,242593,Baseline assessment,Baseline assessment,10.0,0,0,CASS,0,false,1
2026,1,4,259,242594,2: Writing - essays,2: Writing - essays,20.0,33.33,11.8,CASS,0,false,2
2026,1,4,259,242595,3: Response to texts,3: Response to texts,40.0,66.67,23.5,CASS,0,false,3
2026,1,4,272,242343,Baseline assessment,Baseline assessment,10.0,0,0,CASS,0,false,1
2026,1,4,272,242344,2: Writing - essays,2: Writing - essays,20.0,33.33,11.8,CASS,0,false,2
2026,1,4,272,242345,3: Response to texts,3: Response to texts,40.0,66.67,23.5,CASS,0,false,3
2026,1,4,281,246535,Oral 1,Oral 1,20.0,100.0,33.0,CASS,0,false,1
2026,1,4,313,248535,Personal & Social Wellbeing,Personal & Social Wellbeing,30.0,30.0,10.25,CASS,3,false,1
2026,1,4,313,248536,Physical Education,Physical Education,30.0,30.0,10.25,CASS,2,false,2
2026,1,4,313,248537,Creative Arts,Creative Arts,40.0,40.0,13.0,CASS,1,false,3
2026,1,4,326,248571,Baseline Assessment,Baseline Assessment,20.0,0,0,CASS,0,false,1
2026,1,4,326,248572,1,1,25.0,50.0,20.0,CASS,0,false,2
2026,1,4,326,248573,2: Test,2: Test,25.0,50.0,15.0,CASS,0,false,3
2026,1,4,354,249268,1: Prac Task/ Investigation,1: Prac Task/ Investigation,15.0,40.0,12.5,CASS,0,false,1
2026,1,4,354,249269,2: Test,2: Test,20.0,60.0,18.75,CASS,0,false,2
2026,1,4,380,242603,Baseline assessment,Baseline assessment,10.0,0,0,CASS,0,false,1
2026,1,4,380,242604,2: Writing - essays,2: Writing - essays,20.0,33.33,11.8,CASS,0,false,2
2026,1,4,380,242605,3: Response to texts,3: Response to texts,40.0,66.67,23.5,CASS,0,false,3
2026,1,4,393,242363,Baseline assessment,Baseline assessment,10.0,0,0,CASS,0,false,1
2026,1,4,393,242364,2: Writing - essays,2: Writing - essays,20.0,33.33,11.8,CASS,0,false,2
2026,1,4,393,242365,3: Response to texts,3: Response to texts,40.0,66.67,23.5,CASS,0,false,3
2026,1,4,402,246539,Oral 1,Oral 1,20.0,100.0,33.0,CASS,0,false,1
2026,1,4,412,242373,Baseline assessment,Baseline assessment,10.0,0,0,CASS,0,false,1
2026,1,4,412,242374,2: Writing - essays,2: Writing - essays,20.0,33.33,11.8,CASS,0,false,2
2026,1,4,412,242375,3: Response to texts,3: Response to texts,40.0,66.67,23.5,CASS,0,false,3
2026,1,4,421,246543,Oral 1,Oral 1,20.0,100.0,33.0,CASS,0,false,1
2026,1,4,433,242613,Baseline assessment,Baseline assessment,10.0,0,0,CASS,0,false,1
2026,1,4,433,242614,2: Writing - essays,2: Writing - essays,20.0,33.33,11.8,CASS,0,false,2
2026,1,4,433,242615,3: Response to texts,3: Response to texts,40.0,66.67,23.5,CASS,0,false,3
2026,1,4,446,242383,Baseline assessment,Baseline assessment,10.0,0,0,CASS,0,false,1
2026,1,4,446,242384,2: Writing - essays,2: Writing - essays,20.0,33.33,11.8,CASS,0,false,2
2026,1,4,446,242385,3: Response to texts,3: Response to texts,40.0,66.67,23.5,CASS,0,false,3
2026,1,4,455,246547,Oral 1,Oral 1,20.0,100.0,33.0,CASS,0,false,1
2026,1,4,467,242623,Baseline assessment,Baseline assessment,10.0,0,0,CASS,0,false,1
2026,1,4,467,242624,2: Writing - essays,2: Writing - essays,20.0,33.33,11.8,CASS,0,false,2
2026,1,4,467,242625,3: Response to texts,3: Response to texts,40.0,66.67,23.5,CASS,0,false,3
2026,1,4,480,242393,Baseline assessment,Baseline assessment,10.0,0,0,CASS,0,false,1
2026,1,4,480,242394,2: Writing - essays,2: Writing - essays,20.0,33.33,11.8,CASS,0,false,2
2026,1,4,480,242395,3: Response to texts,3: Response to texts,40.0,66.67,23.5,CASS,0,false,3
2026,1,4,489,246551,Oral 1,Oral 1,20.0,100.0,33.0,CASS,0,false,1
2026,1,4,501,242633,Baseline assessment,Baseline assessment,10.0,0,0,CASS,0,false,1
2026,1,4,501,242634,2: Writing - essays,2: Writing - essays,20.0,33.33,11.8,CASS,0,false,2
2026,1,4,501,242635,3: Response to texts,3: Response to texts,40.0,66.67,23.5,CASS,0,false,3
2026,1,4,514,242403,Baseline assessment,Baseline assessment,10.0,0,0,CASS,0,false,1
2026,1,4,514,242404,2: Writing - essays,2: Writing - essays,20.0,33.33,11.8,CASS,0,false,2
2026,1,4,514,242405,3: Response to texts,3: Response to texts,40.0,66.67,23.5,CASS,0,false,3
2026,1,4,523,246555,Oral 1,Oral 1,20.0,100.0,33.0,CASS,0,false,1
2026,1,4,532,248788,1 : Geography,1 : Geography,25.0,50.0,15.0,CASS,1,false,1
2026,1,4,532,248789,2 : History,2 : History,25.0,50.0,15.0,CASS,2,false,2
2026,1,4,583,242643,Baseline assessment,Baseline assessment,10.0,0,0,CASS,0,false,1
2026,1,4,583,242644,2: Writing - essays,2: Writing - essays,20.0,33.33,11.8,CASS,0,false,2
2026,1,4,583,242645,3: Response to texts,3: Response to texts,40.0,66.67,23.5,CASS,0,false,3
2026,1,4,596,242413,Baseline assessment,Baseline assessment,10.0,0,0,CASS,0,false,1
2026,1,4,596,242414,2: Writing - essays,2: Writing - essays,20.0,33.33,11.8,CASS,0,false,2
2026,1,4,596,242415,3: Response to texts,3: Response to texts,40.0,66.67,23.5,CASS,0,false,3
2026,1,4,605,246559,Oral 1,Oral 1,20.0,100.0,33.0,CASS,0,false,1
2026,1,4,840,242653,Baseline assessment,Baseline assessment,10.0,0,0,CASS,0,false,1
2026,1,4,840,242654,2: Writing - essays,2: Writing - essays,20.0,33.33,11.8,CASS,0,false,2
2026,1,4,840,242655,3: Response to texts,3: Response to texts,40.0,66.67,23.5,CASS,0,false,3
2026,1,4,853,242423,Baseline assessment,Baseline assessment,10.0,0,0,CASS,0,false,1
2026,1,4,853,242424,2: Writing - essays,2: Writing - essays,20.0,33.33,11.8,CASS,0,false,2
2026,1,4,853,242425,3: Response to texts,3: Response to texts,40.0,66.67,23.5,CASS,0,false,3
2026,1,4,862,246563,Oral 1,Oral 1,20.0,100.0,33.0,CASS,0,false,1
2026,1,4,877,246567,Oral 1,Oral 1,20.0,100.0,33.0,CASS,0,false,1
2026,1,4,893,244093,Baseline assessment,Baseline assessment,10.0,0,0,CASS,0,false,1
2026,1,4,893,244094,2:  Recording - essays,2:  Recording - essays,20.0,33.33,11.8,CASS,0,false,2
2026,1,4,893,244095,3: Response to texts,3: Response to texts,40.0,66.67,23.5,CASS,0,false,3
2026,1,4,1731,254053,1,1,10.0,100.0,25.0,CASS,0,false,1
2026,1,4,1844,255141,1,1,40.0,50.0,12.5,CASS,0,false,1
2026,1,4,1844,255142,2,2,40.0,50.0,12.5,CASS,0,false,2
2026,1,4,1851,255165,1,1,40.0,50.0,12.5,CASS,0,false,1
2026,1,4,1851,255166,2,2,40.0,50.0,12.5,CASS,0,false,2
2026,1,4,1858,255189,1,1,40.0,50.0,12.5,CASS,0,false,1
2026,1,4,1858,255190,2,2,40.0,50.0,12.5,CASS,0,false,2
2026,1,4,1865,255213,1,1,40.0,50.0,12.5,CASS,0,false,1
2026,1,4,1865,255214,2,2,40.0,50.0,12.5,CASS,0,false,2
2026,1,4,1872,255237,1,1,40.0,50.0,12.5,CASS,0,false,1
2026,1,4,1872,255238,2,2,40.0,50.0,12.5,CASS,0,false,2
2026,1,4,1879,255261,1,1,40.0,50.0,12.5,CASS,0,false,1
2026,1,4,1879,255262,2,2,40.0,50.0,12.5,CASS,0,false,2
2026,1,4,1886,255285,1,1,40.0,50.0,12.5,CASS,0,false,1
2026,1,4,1886,255286,2,2,40.0,50.0,12.5,CASS,0,false,2
2026,1,4,1893,255309,1,1,40.0,50.0,12.5,CASS,0,false,1
2026,1,4,1893,255310,2,2,40.0,50.0,12.5,CASS,0,false,2
2026,1,4,1900,255357,1,1,40.0,50.0,12.5,CASS,0,false,1
2026,1,4,1900,255358,2,2,40.0,50.0,12.5,CASS,0,false,2
2026,1,4,1907,255333,1,1,40.0,50.0,12.5,CASS,0,false,1
2026,1,4,1907,255334,2,2,40.0,50.0,12.5,CASS,0,false,2
2026,1,4,1914,255381,1,1,40.0,50.0,12.5,CASS,0,false,1
2026,1,4,1914,255382,2,2,40.0,50.0,12.5,CASS,0,false,2
2026,1,4,1921,255405,1,1,40.0,50.0,12.5,CASS,0,false,1
2026,1,4,1921,255406,2,2,40.0,50.0,12.5,CASS,0,false,2
2026,1,4,1991,255429,1,1,40.0,50.0,12.5,CASS,0,false,1
2026,1,4,1991,255430,2,2,40.0,50.0,12.5,CASS,0,false,2
2026,1,5,8,242663,Baseline assessment,Baseline assessment,10.0,0,0,CASS,0,false,1
2026,1,5,8,242664,2: Writing - essays,2: Writing - essays,20.0,33.33,11.8,CASS,0,false,2
2026,1,5,8,242665,3: Response to texts,3: Response to texts,40.0,66.67,23.5,CASS,0,false,3
2026,1,5,21,242433,Baseline assessment,Baseline assessment,10.0,0,0,CASS,0,false,1
2026,1,5,21,242434,2: Writing - essays,2: Writing - essays,20.0,33.33,11.8,CASS,0,false,2
2026,1,5,21,242435,3: Response to texts,3: Response to texts,40.0,66.67,23.5,CASS,0,false,3
2026,1,5,30,246571,Oral 1,Oral 1,20.0,100.0,33.0,CASS,0,false,1
2026,1,5,105,242673,Baseline assessment,Baseline assessment,10.0,0,0,CASS,0,false,1
2026,1,5,105,242674,2: Writing - essays,2: Writing - essays,20.0,33.33,11.8,CASS,0,false,2
2026,1,5,105,242675,3: Response to texts,3: Response to texts,40.0,66.67,23.5,CASS,0,false,3
2026,1,5,118,242443,Baseline assessment,Baseline assessment,10.0,0,0,CASS,0,false,1
2026,1,5,118,242444,2: Writing - essays,2: Writing - essays,20.0,33.33,11.8,CASS,0,false,2
2026,1,5,118,242445,3: Response to texts,3: Response to texts,40.0,66.67,23.5,CASS,0,false,3
2026,1,5,127,246575,Oral 1,Oral 1,20.0,100.0,33.0,CASS,0,false,1
2026,1,5,149,246579,Oral 1,Oral 1,20.0,100.0,33.0,CASS,0,false,1
2026,1,5,192,242683,Baseline assessment,Baseline assessment,10.0,0,0,CASS,0,false,1
2026,1,5,192,242684,2: Writing - essays,2: Writing - essays,20.0,33.33,11.8,CASS,0,false,2
2026,1,5,192,242685,3: Response to texts,3: Response to texts,40.0,66.67,23.5,CASS,0,false,3
2026,1,5,205,242453,Baseline assessment,Baseline assessment,10.0,0,0,CASS,0,false,1
2026,1,5,205,242454,2: Writing - essays,2: Writing - essays,20.0,33.33,11.8,CASS,0,false,2
2026,1,5,205,242455,3: Response to texts,3: Response to texts,40.0,66.67,23.5,CASS,0,false,3
2026,1,5,214,246583,Oral 1,Oral 1,20.0,100.0,33.0,CASS,0,false,1
2026,1,5,226,242693,Baseline assessment,Baseline assessment,10.0,0,0,CASS,0,false,1
2026,1,5,226,242694,2: Writing - essays,2: Writing - essays,20.0,33.33,11.8,CASS,0,false,2
2026,1,5,226,242695,3: Response to texts,3: Response to texts,40.0,66.67,23.5,CASS,0,false,3
2026,1,5,239,242463,Baseline assessment,Baseline assessment,10.0,0,0,CASS,0,false,1
2026,1,5,239,242464,2: Writing - essays,2: Writing - essays,20.0,33.33,11.8,CASS,0,false,2
2026,1,5,239,242465,3: Response to texts,3: Response to texts,40.0,66.67,23.5,CASS,0,false,3
2026,1,5,248,246587,Oral 1,Oral 1,20.0,100.0,33.0,CASS,0,false,1
2026,1,5,260,242703,Baseline assessment,Baseline assessment,10.0,0,0,CASS,0,false,1
2026,1,5,260,242704,2: Writing - essays,2: Writing - essays,20.0,33.33,11.8,CASS,0,false,2
2026,1,5,260,242705,3: Response to texts,3: Response to texts,40.0,66.67,23.5,CASS,0,false,3
2026,1,5,273,242473,Baseline assessment,Baseline assessment,10.0,0,0,CASS,0,false,1
2026,1,5,273,242474,2: Writing - essays,2: Writing - essays,20.0,33.33,11.8,CASS,0,false,2
2026,1,5,273,242475,3: Response to texts,3: Response to texts,40.0,66.67,23.5,CASS,0,false,3
2026,1,5,282,246591,Oral 1,Oral 1,20.0,100.0,33.0,CASS,0,false,1
2026,1,5,314,248547,Personal & Social Wellbeing,Personal & Social Wellbeing,30.0,30.0,10.25,CASS,3,false,1
2026,1,5,314,248548,Physical Education,Physical Education,30.0,30.0,10.25,CASS,2,false,2
2026,1,5,314,248549,Creative Arts,Creative Arts,40.0,40.0,13.0,CASS,1,false,3
2026,1,5,327,248579,Baseline Assessment,Baseline Assessment,20.0,0,0,CASS,0,false,1
2026,1,5,327,248580,1,1,25.0,50.0,20.0,CASS,0,false,2
2026,1,5,327,248581,2: Test,2: Test,25.0,50.0,15.0,CASS,0,false,3
2026,1,5,355,249275,1: Prac Task/ Investigation,1: Prac Task/ Investigation,15.0,40.0,12.5,CASS,0,false,1
2026,1,5,355,249276,2: Test,2: Test,20.0,60.0,18.75,CASS,0,false,2
2026,1,5,381,242713,Baseline assessment,Baseline assessment,10.0,0,0,CASS,0,false,1
2026,1,5,381,242714,2: Writing - essays,2: Writing - essays,20.0,33.33,11.8,CASS,0,false,2
2026,1,5,381,242715,3: Response to texts,3: Response to texts,40.0,66.67,23.5,CASS,0,false,3
2026,1,5,394,242483,Baseline assessment,Baseline assessment,10.0,0,0,CASS,0,false,1
2026,1,5,394,242484,2: Writing - essays,2: Writing - essays,20.0,33.33,11.8,CASS,0,false,2
2026,1,5,394,242485,3: Response to texts,3: Response to texts,40.0,66.67,23.5,CASS,0,false,3
2026,1,5,403,246595,Oral 1,Oral 1,20.0,100.0,33.0,CASS,0,false,1
2026,1,5,413,242493,Baseline assessment,Baseline assessment,10.0,0,0,CASS,0,false,1
2026,1,5,413,242494,2: Writing - essays,2: Writing - essays,20.0,33.33,11.8,CASS,0,false,2
2026,1,5,413,242495,3: Response to texts,3: Response to texts,40.0,66.67,23.5,CASS,0,false,3
2026,1,5,422,246599,Oral 1,Oral 1,20.0,100.0,33.0,CASS,0,false,1
2026,1,5,434,242723,Baseline assessment,Baseline assessment,10.0,0,0,CASS,0,false,1
2026,1,5,434,242724,2: Writing - essays,2: Writing - essays,20.0,33.33,11.8,CASS,0,false,2
2026,1,5,434,242725,3: Response to texts,3: Response to texts,40.0,66.67,23.5,CASS,0,false,3
2026,1,5,447,242503,Baseline assessment,Baseline assessment,10.0,0,0,CASS,0,false,1
2026,1,5,447,242504,2: Writing - essays,2: Writing - essays,20.0,33.33,11.8,CASS,0,false,2
2026,1,5,447,242505,3: Response to texts,3: Response to texts,40.0,66.67,23.5,CASS,0,false,3
2026,1,5,456,246603,Oral 1,Oral 1,20.0,100.0,33.0,CASS,0,false,1
2026,1,5,468,242733,Baseline assessment,Baseline assessment,10.0,0,0,CASS,0,false,1
2026,1,5,468,242734,2: Writing - essays,2: Writing - essays,20.0,33.33,11.8,CASS,0,false,2
2026,1,5,468,242735,3: Response to texts,3: Response to texts,40.0,66.67,23.5,CASS,0,false,3
2026,1,5,481,242513,Baseline assessment,Baseline assessment,10.0,0,0,CASS,0,false,1
2026,1,5,481,242514,2: Writing - essays,2: Writing - essays,20.0,33.33,11.8,CASS,0,false,2
2026,1,5,481,242515,3: Response to texts,3: Response to texts,40.0,66.67,23.5,CASS,0,false,3
2026,1,5,490,246607,Oral 1,Oral 1,20.0,100.0,33.0,CASS,0,false,1
2026,1,5,502,242743,Baseline assessment,Baseline assessment,10.0,0,0,CASS,0,false,1
2026,1,5,502,242744,2: Writing - essays,2: Writing - essays,20.0,33.33,11.8,CASS,0,false,2
2026,1,5,502,242745,3: Response to texts,3: Response to texts,40.0,66.67,23.5,CASS,0,false,3
2026,1,5,515,242523,Baseline assessment,Baseline assessment,10.0,0,0,CASS,0,false,1
2026,1,5,515,242524,2: Writing - essays,2: Writing - essays,20.0,33.33,11.8,CASS,0,false,2
2026,1,5,515,242525,3: Response to texts,3: Response to texts,40.0,66.67,23.5,CASS,0,false,3
2026,1,5,524,246611,Oral 1,Oral 1,20.0,100.0,33.0,CASS,0,false,1
2026,1,5,533,248796,1 : Geography,1 : Geography,30.0,50.0,15.0,CASS,1,false,1
2026,1,5,533,248797,2 : History,2 : History,30.0,50.0,15.0,CASS,2,false,2
2026,1,5,584,242753,Baseline assessment,Baseline assessment,10.0,0,0,CASS,0,false,1
2026,1,5,584,242754,2: Writing - essays,2: Writing - essays,20.0,33.33,11.8,CASS,0,false,2
2026,1,5,584,242755,3: Response to texts,3: Response to texts,40.0,66.67,23.5,CASS,0,false,3
2026,1,5,597,242533,Baseline assessment,Baseline assessment,10.0,0,0,CASS,0,false,1
2026,1,5,597,242534,2: Writing - essays,2: Writing - essays,20.0,33.33,11.8,CASS,0,false,2
2026,1,5,597,242535,3: Response to texts,3: Response to texts,40.0,66.67,23.5,CASS,0,false,3
2026,1,5,606,246615,Oral 1,Oral 1,20.0,100.0,33.0,CASS,0,false,1
2026,1,5,841,242763,Baseline assessment,Baseline assessment,10.0,0,0,CASS,0,false,1
2026,1,5,841,242764,2: Writing - essays,2: Writing - essays,20.0,33.33,11.8,CASS,0,false,2
2026,1,5,841,242765,3: Response to texts,3: Response to texts,40.0,66.67,23.5,CASS,0,false,3
2026,1,5,854,242543,Baseline assessment,Baseline assessment,10.0,0,0,CASS,0,false,1
2026,1,5,854,242544,2: Writing - essays,2: Writing - essays,20.0,33.33,11.8,CASS,0,false,2
2026,1,5,854,242545,3: Response to texts,3: Response to texts,40.0,66.67,23.5,CASS,0,false,3
2026,1,5,863,246619,Oral 1,Oral 1,20.0,100.0,33.0,CASS,0,false,1
2026,1,5,878,246623,Oral 1,Oral 1,20.0,100.0,33.0,CASS,0,false,1
2026,1,5,894,244103,Baseline assessment,Baseline assessment,10.0,0,0,CASS,0,false,1
2026,1,5,894,244104,2:  Recording - essays,2:  Recording - essays,20.0,33.33,11.8,CASS,0,false,2
2026,1,5,894,244105,3: Response to texts,3: Response to texts,40.0,66.67,23.5,CASS,0,false,3
2026,1,5,1732,254049,1,1,10.0,100.0,25.0,CASS,0,false,1
2026,1,5,1845,255149,1,1,40.0,50.0,12.5,CASS,0,false,1
2026,1,5,1845,255150,2,2,40.0,50.0,12.5,CASS,0,false,2
2026,1,5,1852,255173,1,1,40.0,50.0,12.5,CASS,0,false,1
2026,1,5,1852,255174,2,2,40.0,50.0,12.5,CASS,0,false,2
2026,1,5,1859,255197,1,1,40.0,50.0,12.5,CASS,0,false,1
2026,1,5,1859,255198,2,2,40.0,50.0,12.5,CASS,0,false,2
2026,1,5,1866,255221,1,1,40.0,50.0,12.5,CASS,0,false,1
2026,1,5,1866,255222,2,2,40.0,50.0,12.5,CASS,0,false,2
2026,1,5,1873,255245,1,1,40.0,50.0,12.5,CASS,0,false,1
2026,1,5,1873,255246,2,2,40.0,50.0,12.5,CASS,0,false,2
2026,1,5,1880,255269,1,1,40.0,50.0,12.5,CASS,0,false,1
2026,1,5,1880,255270,2,2,40.0,50.0,12.5,CASS,0,false,2
2026,1,5,1887,255293,1,1,40.0,50.0,12.5,CASS,0,false,1
2026,1,5,1887,255294,2,2,40.0,50.0,12.5,CASS,0,false,2
2026,1,5,1894,255317,1,1,40.0,50.0,12.5,CASS,0,false,1
2026,1,5,1894,255318,2,2,40.0,50.0,12.5,CASS,0,false,2
2026,1,5,1901,255365,1,1,40.0,50.0,12.5,CASS,0,false,1
2026,1,5,1901,255366,2,2,40.0,50.0,12.5,CASS,0,false,2
2026,1,5,1908,255341,1,1,40.0,50.0,12.5,CASS,0,false,1
2026,1,5,1908,255342,2,2,40.0,50.0,12.5,CASS,0,false,2
2026,1,5,1915,255389,1,1,40.0,50.0,12.5,CASS,0,false,1
2026,1,5,1915,255390,2,2,40.0,50.0,12.5,CASS,0,false,2
2026,1,5,1922,255413,1,1,40.0,50.0,12.5,CASS,0,false,1
2026,1,5,1922,255414,2,2,40.0,50.0,12.5,CASS,0,false,2
2026,1,5,1992,255437,1,1,40.0,50.0,12.5,CASS,0,false,1
2026,1,5,1992,255438,2,2,40.0,50.0,12.5,CASS,0,false,2
2026,1,6,9,244293,Baseline assessment,Baseline assessment,10.0,0,0,CASS,0,false,1
2026,1,6,9,244294,2: Writing - essays,2: Writing - essays,20.0,33.33,10.5,CASS,0,false,2
2026,1,6,9,244295,3: Response to texts,3: Response to texts,50.0,66.67,26.3,CASS,0,false,3
2026,1,6,22,244173,Baseline assessment,Baseline assessment,10.0,0,0,CASS,0,false,1
2026,1,6,22,244174,2: Writing - essays,2: Writing - essays,20.0,33.33,10.5,CASS,0,false,2
2026,1,6,22,244175,3: Response to texts,3: Response to texts,50.0,66.67,26.3,CASS,0,false,3
2026,1,6,31,246627,Oral 1,Oral 1,20.0,75.0,25.0,CASS,0,false,1
2026,1,6,31,246628,Writing,Writing,10.0,25.0,8.0,CASS,0,false,2
2026,1,6,106,244303,Baseline assessment,Baseline assessment,10.0,0,0,CASS,0,false,1
2026,1,6,106,244304,2: Writing - essays,2: Writing - essays,20.0,33.33,10.5,CASS,0,false,2
2026,1,6,106,244305,3: Response to texts,3: Response to texts,50.0,66.67,26.3,CASS,0,false,3
2026,1,6,119,244183,Baseline assessment,Baseline assessment,10.0,0,0,CASS,0,false,1
2026,1,6,119,244184,2: Writing - essays,2: Writing - essays,20.0,33.33,10.5,CASS,0,false,2
2026,1,6,119,244185,3: Response to texts,3: Response to texts,50.0,66.67,26.3,CASS,0,false,3
2026,1,6,128,246634,Oral 1,Oral 1,20.0,75.0,25.0,CASS,0,false,1
2026,1,6,128,246635,Writing,Writing,10.0,25.0,8.0,CASS,0,false,2
2026,1,6,150,246641,Oral 1,Oral 1,20.0,75.0,25.0,CASS,0,false,1
2026,1,6,150,246642,Writing,Writing,10.0,25.0,8.0,CASS,0,false,2
2026,1,6,193,244313,Baseline assessment,Baseline assessment,10.0,0,0,CASS,0,false,1
2026,1,6,193,244314,2: Writing - essays,2: Writing - essays,20.0,33.33,10.5,CASS,0,false,2
2026,1,6,193,244315,3: Response to texts,3: Response to texts,50.0,66.67,26.3,CASS,0,false,3
2026,1,6,206,244193,Baseline assessment,Baseline assessment,10.0,0,0,CASS,0,false,1
2026,1,6,206,244194,2: Writing - essays,2: Writing - essays,20.0,33.33,10.5,CASS,0,false,2
2026,1,6,206,244195,3: Response to texts,3: Response to texts,50.0,66.67,26.3,CASS,0,false,3
2026,1,6,215,246648,Oral 1,Oral 1,20.0,75.0,25.0,CASS,0,false,1
2026,1,6,215,246649,Writing,Writing,10.0,25.0,8.0,CASS,0,false,2
2026,1,6,227,244323,Baseline assessment,Baseline assessment,10.0,0,0,CASS,0,false,1
2026,1,6,227,244324,2: Writing - essays,2: Writing - essays,20.0,33.33,10.5,CASS,0,false,2
2026,1,6,227,244325,3: Response to texts,3: Response to texts,50.0,66.67,26.3,CASS,0,false,3
2026,1,6,240,244203,Baseline assessment,Baseline assessment,10.0,0,0,CASS,0,false,1
2026,1,6,240,244204,2: Writing - essays,2: Writing - essays,20.0,33.33,10.5,CASS,0,false,2
2026,1,6,240,244205,3: Response to texts,3: Response to texts,50.0,66.67,26.3,CASS,0,false,3
2026,1,6,249,246655,Oral 1,Oral 1,20.0,75.0,25.0,CASS,0,false,1
2026,1,6,249,246656,Writing,Writing,10.0,25.0,8.0,CASS,0,false,2
2026,1,6,261,244333,Baseline assessment,Baseline assessment,10.0,0,0,CASS,0,false,1
2026,1,6,261,244334,2: Writing - essays,2: Writing - essays,20.0,33.33,10.5,CASS,0,false,2
2026,1,6,261,244335,3: Response to texts,3: Response to texts,50.0,66.67,26.3,CASS,0,false,3
2026,1,6,274,244213,Baseline assessment,Baseline assessment,10.0,0,0,CASS,0,false,1
2026,1,6,274,244214,2: Writing - essays,2: Writing - essays,20.0,33.33,10.5,CASS,0,false,2
2026,1,6,274,244215,3: Response to texts,3: Response to texts,50.0,66.67,26.3,CASS,0,false,3
2026,1,6,283,246662,Oral 1,Oral 1,20.0,75.0,25.0,CASS,0,false,1
2026,1,6,283,246663,Writing,Writing,10.0,25.0,8.0,CASS,0,false,2
2026,1,6,315,248559,Personal & Social Wellbeing,Personal & Social Wellbeing,30.0,30.0,10.25,CASS,3,false,1
2026,1,6,315,248560,Physical Education,Physical Education,30.0,30.0,10.25,CASS,2,false,2
2026,1,6,315,248561,Creative Arts,Creative Arts,40.0,40.0,13.0,CASS,1,false,3
2026,1,6,328,248587,Baseline Assessment,Baseline Assessment,25.0,0,0,CASS,0,false,1
2026,1,6,328,248588,1,1,25.0,50.0,20.0,CASS,0,false,2
2026,1,6,328,248589,2: Test,2: Test,25.0,50.0,15.0,CASS,0,false,3
2026,1,6,356,249282,1: Prac Task/ Investigation,1: Prac Task/ Investigation,15.0,40.0,12.5,CASS,0,false,1
2026,1,6,356,249283,2: Test,2: Test,20.0,60.0,18.75,CASS,0,false,2
2026,1,6,382,244343,Baseline assessment,Baseline assessment,10.0,0,0,CASS,0,false,1
2026,1,6,382,244344,2: Writing - essays,2: Writing - essays,20.0,33.33,10.5,CASS,0,false,2
2026,1,6,382,244345,3: Response to texts,3: Response to texts,50.0,66.67,26.3,CASS,0,false,3
2026,1,6,395,244223,Baseline assessment,Baseline assessment,10.0,0,0,CASS,0,false,1
2026,1,6,395,244224,2: Writing - essays,2: Writing - essays,20.0,33.33,10.5,CASS,0,false,2
2026,1,6,395,244225,3: Response to texts,3: Response to texts,50.0,66.67,26.3,CASS,0,false,3
2026,1,6,404,246669,Oral 1,Oral 1,20.0,75.0,25.0,CASS,0,false,1
2026,1,6,404,246670,Writing,Writing,10.0,25.0,8.0,CASS,0,false,2
2026,1,6,414,244233,Baseline assessment,Baseline assessment,10.0,0,0,CASS,0,false,1
2026,1,6,414,244234,2: Writing - essays,2: Writing - essays,20.0,33.33,10.5,CASS,0,false,2
2026,1,6,414,244235,3: Response to texts,3: Response to texts,50.0,66.67,26.3,CASS,0,false,3
2026,1,6,423,246676,Oral 1,Oral 1,20.0,75.0,25.0,CASS,0,false,1
2026,1,6,423,246677,Writing,Writing,10.0,25.0,8.0,CASS,0,false,2
2026,1,6,435,244353,Baseline assessment,Baseline assessment,10.0,0,0,CASS,0,false,1
2026,1,6,435,244354,2: Writing - essays,2: Writing - essays,20.0,33.33,10.5,CASS,0,false,2
2026,1,6,435,244355,3: Response to texts,3: Response to texts,50.0,66.67,26.3,CASS,0,false,3
2026,1,6,448,244243,Baseline assessment,Baseline assessment,10.0,0,0,CASS,0,false,1
2026,1,6,448,244244,2: Writing - essays,2: Writing - essays,20.0,33.33,10.5,CASS,0,false,2
2026,1,6,448,244245,3: Response to texts,3: Response to texts,50.0,66.67,26.3,CASS,0,false,3
2026,1,6,457,246683,Oral 1,Oral 1,20.0,75.0,25.0,CASS,0,false,1
2026,1,6,457,246684,Writing,Writing,10.0,25.0,8.0,CASS,0,false,2
2026,1,6,469,244363,Baseline assessment,Baseline assessment,10.0,0,0,CASS,0,false,1
2026,1,6,469,244364,2: Writing - essays,2: Writing - essays,20.0,33.33,10.5,CASS,0,false,2
2026,1,6,469,244365,3: Response to texts,3: Response to texts,50.0,66.67,26.3,CASS,0,false,3
2026,1,6,482,244253,Baseline assessment,Baseline assessment,10.0,0,0,CASS,0,false,1
2026,1,6,482,244254,2: Writing - essays,2: Writing - essays,20.0,33.33,10.5,CASS,0,false,2
2026,1,6,482,244255,3: Response to texts,3: Response to texts,50.0,66.67,26.3,CASS,0,false,3
2026,1,6,491,246690,Oral 1,Oral 1,20.0,75.0,25.0,CASS,0,false,1
2026,1,6,491,246691,Writing,Writing,10.0,25.0,8.0,CASS,0,false,2
2026,1,6,503,244373,Baseline assessment,Baseline assessment,10.0,0,0,CASS,0,false,1
2026,1,6,503,244374,2: Writing - essays,2: Writing - essays,20.0,33.33,10.5,CASS,0,false,2
2026,1,6,503,244375,3: Response to texts,3: Response to texts,50.0,66.67,26.3,CASS,0,false,3
2026,1,6,516,244263,Baseline assessment,Baseline assessment,10.0,0,0,CASS,0,false,1
2026,1,6,516,244264,2: Writing - essays,2: Writing - essays,20.0,33.33,10.5,CASS,0,false,2
2026,1,6,516,244265,3: Response to texts,3: Response to texts,50.0,66.67,26.3,CASS,0,false,3
2026,1,6,525,246697,Oral 1,Oral 1,20.0,75.0,25.0,CASS,0,false,1
2026,1,6,525,246698,Writing,Writing,10.0,25.0,8.0,CASS,0,false,2
2026,1,6,534,248804,1 : Geography,1 : Geography,40.0,50.0,15.0,CASS,1,false,1
2026,1,6,534,248805,2 : History,2 : History,40.0,50.0,15.0,CASS,2,false,2
2026,1,6,585,244383,Baseline assessment,Baseline assessment,10.0,0,0,CASS,0,false,1
2026,1,6,585,244384,2: Writing - essays,2: Writing - essays,20.0,33.33,10.5,CASS,0,false,2
2026,1,6,585,244385,3: Response to texts,3: Response to texts,50.0,66.67,26.3,CASS,0,false,3
2026,1,6,598,244273,Baseline assessment,Baseline assessment,10.0,0,0,CASS,0,false,1
2026,1,6,598,244274,2: Writing - essays,2: Writing - essays,20.0,33.33,10.5,CASS,0,false,2
2026,1,6,598,244275,3: Response to texts,3: Response to texts,50.0,66.67,26.3,CASS,0,false,3
2026,1,6,607,246704,Oral 1,Oral 1,20.0,75.0,25.0,CASS,0,false,1
2026,1,6,607,246705,Writing,Writing,10.0,25.0,8.0,CASS,0,false,2
2026,1,6,654,250488,1. Listening and speaking,1. Listening and speaking,25.0,25.0,6.25,CASS,1,false,1
2026,1,6,654,250489,2. Reading and viewing,2. Reading and viewing,35.0,35.0,8.75,CASS,2,false,2
2026,1,6,654,250490,3. Language structures & conventions,3. Language structures & conventions,15.0,15.0,3.75,CASS,3,false,3
2026,1,6,654,250491,4. Writing and Presenting,4. Writing and Presenting,25.0,25.0,6.25,CASS,4,false,4
2026,1,6,658,250504,1. Listening and speaking,1. Listening and speaking,25.0,25.0,6.25,CASS,1,false,1
2026,1,6,658,250505,2. Reading and viewing,2. Reading and viewing,35.0,35.0,8.75,CASS,2,false,2
2026,1,6,658,250506,3. Language structures & conventions,3. Language structures & conventions,15.0,15.0,3.75,CASS,3,false,3
2026,1,6,658,250507,4. Writing and Presenting,4. Writing and Presenting,25.0,25.0,6.25,CASS,4,false,4
2026,1,6,662,250520,1. Listening and speaking,1. Listening and speaking,25.0,25.0,6.25,CASS,1,false,1
2026,1,6,662,250521,2. Reading and viewing,2. Reading and viewing,35.0,35.0,8.75,CASS,2,false,2
2026,1,6,662,250522,3. Language structures & conventions,3. Language structures & conventions,15.0,15.0,3.75,CASS,3,false,3
2026,1,6,662,250523,4. Writing and Presenting,4. Writing and Presenting,25.0,25.0,6.25,CASS,4,false,4
2026,1,6,666,250536,1. Listening and speaking,1. Listening and speaking,25.0,25.0,6.25,CASS,1,false,1
2026,1,6,666,250537,2. Reading and viewing,2. Reading and viewing,35.0,35.0,8.75,CASS,2,false,2
2026,1,6,666,250538,3. Language structures & conventions,3. Language structures & conventions,15.0,15.0,3.75,CASS,3,false,3
2026,1,6,666,250539,4. Writing and Presenting,4. Writing and Presenting,25.0,25.0,6.25,CASS,4,false,4
2026,1,6,670,250552,1. Listening and speaking,1. Listening and speaking,25.0,25.0,6.25,CASS,1,false,1
2026,1,6,670,250553,2. Reading and viewing,2. Reading and viewing,35.0,35.0,8.75,CASS,2,false,2
2026,1,6,670,250554,3. Language structures & conventions,3. Language structures & conventions,15.0,15.0,3.75,CASS,3,false,3
2026,1,6,670,250555,4. Writing and Presenting,4. Writing and Presenting,25.0,25.0,6.25,CASS,4,false,4
2026,1,6,674,250568,1. Listening and speaking,1. Listening and speaking,25.0,25.0,6.25,CASS,1,false,1
2026,1,6,674,250569,2. Reading and viewing,2. Reading and viewing,35.0,35.0,8.75,CASS,2,false,2
2026,1,6,674,250570,3. Language structures & conventions,3. Language structures & conventions,15.0,15.0,3.75,CASS,3,false,3
2026,1,6,674,250571,4. Writing and Presenting,4. Writing and Presenting,25.0,25.0,6.25,CASS,4,false,4
2026,1,6,678,250584,1. Listening and speaking,1. Listening and speaking,25.0,25.0,6.25,CASS,1,false,1
2026,1,6,678,250585,2. Reading and viewing,2. Reading and viewing,35.0,35.0,8.75,CASS,2,false,2
2026,1,6,678,250586,3. Language structures & conventions,3. Language structures & conventions,15.0,15.0,3.75,CASS,3,false,3
2026,1,6,678,250587,4. Writing and Presenting,4. Writing and Presenting,25.0,25.0,6.25,CASS,4,false,4
2026,1,6,682,250600,1. Listening and speaking,1. Listening and speaking,25.0,25.0,6.25,CASS,1,false,1
2026,1,6,682,250601,2. Reading and viewing,2. Reading and viewing,35.0,35.0,8.75,CASS,2,false,2
2026,1,6,682,250602,3. Language structures & conventions,3. Language structures & conventions,15.0,15.0,3.75,CASS,3,false,3
2026,1,6,682,250603,4. Writing and Presenting,4. Writing and Presenting,25.0,25.0,6.25,CASS,4,false,4
2026,1,6,686,250616,1. Listening and speaking,1. Listening and speaking,25.0,25.0,6.25,CASS,1,false,1
2026,1,6,686,250617,2. Reading and viewing,2. Reading and viewing,35.0,35.0,8.75,CASS,2,false,2
2026,1,6,686,250618,3. Language structures & conventions,3. Language structures & conventions,15.0,15.0,3.75,CASS,3,false,3
2026,1,6,686,250619,4. Writing and Presenting,4. Writing and Presenting,25.0,25.0,6.25,CASS,4,false,4
2026,1,6,690,250632,1. Listening and speaking,1. Listening and speaking,25.0,25.0,6.25,CASS,1,false,1
2026,1,6,690,250633,2. Reading and viewing,2. Reading and viewing,35.0,35.0,8.75,CASS,2,false,2
2026,1,6,690,250634,3. Language structures & conventions,3. Language structures & conventions,15.0,15.0,3.75,CASS,3,false,3
2026,1,6,690,250635,4. Writing and Presenting,4. Writing and Presenting,25.0,25.0,6.25,CASS,4,false,4
2026,1,6,694,250648,1. Listening and speaking,1. Listening and speaking,25.0,25.0,6.25,CASS,1,false,1
2026,1,6,694,250649,2. Reading and viewing,2. Reading and viewing,35.0,35.0,8.75,CASS,2,false,2
2026,1,6,694,250650,3. Language structures & conventions,3. Language structures & conventions,15.0,15.0,3.75,CASS,3,false,3
2026,1,6,694,250651,4. Writing and Presenting,4. Writing and Presenting,25.0,25.0,6.25,CASS,4,false,4
2026,1,6,698,249649,Keyboard Skills,Keyboard Skills,20.0,15.0,3.75,CASS,1,false,1
2026,1,6,698,249650,Graphics,Graphics,20.0,10.0,2.5,CASS,2,false,2
2026,1,6,698,249651,Word Processor,Word Processor,20.0,15.0,3.75,CASS,3,false,3
2026,1,6,698,249652,Spreadsheet,Spreadsheet,20.0,15.0,3.75,CASS,4,false,4
2026,1,6,698,249653,Presentations,Presentations,20.0,15.0,3.75,CASS,5,false,5
2026,1,6,698,249654,Systems Technologies,Systems Technologies,20.0,15.0,3.75,CASS,6,false,6
2026,1,6,698,249655,Internet & e-communications,Internet & e-communications,20.0,15.0,3.75,CASS,7,false,7
2026,1,6,754,249615,1,1,50.0,50.0,12.5,CASS,1,false,1
2026,1,6,754,249616,2,2,50.0,50.0,12.5,CASS,1,false,2
2026,1,6,758,249515,1,1,20.0,35.0,11.0,CASS,0,false,1
2026,1,6,758,249516,2,2,20.0,35.0,12.0,CASS,0,false,2
2026,1,6,758,249517,3: Test,3: Test,25.0,30.0,10.0,CASS,0,false,3
2026,1,6,786,249584,1,1,20.0,67.0,17.0,CASS,0,false,1
2026,1,6,786,249585,2,2,10.0,33.0,8.0,CASS,0,false,2
2026,1,6,842,244393,Baseline assessment,Baseline assessment,10.0,0,0,CASS,0,false,1
2026,1,6,842,244394,2: Writing - essays,2: Writing - essays,20.0,33.33,10.5,CASS,0,false,2
2026,1,6,842,244395,3: Response to texts,3: Response to texts,50.0,66.67,26.3,CASS,0,false,3
2026,1,6,855,244283,Baseline assessment,Baseline assessment,10.0,0,0,CASS,0,false,1
2026,1,6,855,244284,2: Writing - essays,2: Writing - essays,20.0,33.33,10.5,CASS,0,false,2
2026,1,6,855,244285,3: Response to texts,3: Response to texts,50.0,66.67,26.3,CASS,0,false,3
2026,1,6,864,246711,Oral 1,Oral 1,20.0,75.0,25.0,CASS,0,false,1
2026,1,6,864,246712,Writing,Writing,10.0,25.0,8.0,CASS,0,false,2
2026,1,6,879,246718,Oral 1,Oral 1,20.0,75.0,25.0,CASS,0,false,1
2026,1,6,879,246719,Writing,Writing,10.0,25.0,8.0,CASS,0,false,2
2026,1,6,895,244403,Baseline assessment,Baseline assessment,10.0,0,0,CASS,0,false,1
2026,1,6,895,244404,2:  Recording - essays,2:  Recording - essays,20.0,33.33,10.5,CASS,0,false,2
2026,1,6,895,244405,3: Response to texts,3: Response to texts,50.0,66.67,26.3,CASS,0,false,3
2026,1,6,908,251203,1. Listening and speaking,1. Listening and speaking,25.0,25.0,6.25,CASS,1,false,1
2026,1,6,908,251204,2. Reading and viewing,2. Reading and viewing,35.0,35.0,8.75,CASS,2,false,2
2026,1,6,908,251205,3. Language structures & conventions,3. Language structures & conventions,15.0,15.0,3.75,CASS,3,false,3
2026,1,6,908,251206,4. Writing and Recording,4. Writing and Recording,25.0,25.0,6.25,CASS,4,false,4
2026,1,6,912,251268,1. Listening and speaking,1. Listening and speaking,10.0,30.0,7.5,CASS,1,false,1
2026,1,6,912,251269,2. Reading and viewing,2. Reading and viewing,10.0,25.0,6.25,CASS,2,false,2
2026,1,6,912,251270,4. Language structures & conventions,4. Language structures & conventions,25.0,20.0,5.0,CASS,3,false,3
2026,1,6,912,251271,3. Writing and Presenting,3. Writing and Presenting,10.0,25.0,6.25,CASS,4,false,4
2026,1,6,916,251282,1. Listening and speaking,1. Listening and speaking,10.0,30.0,7.5,CASS,1,false,1
2026,1,6,916,251283,2. Reading and viewing,2. Reading and viewing,10.0,25.0,6.25,CASS,2,false,2
2026,1,6,916,251284,4. Language structures & conventions,4. Language structures & conventions,25.0,20.0,5.0,CASS,3,false,3
2026,1,6,916,251285,3. Writing and Presenting,3. Writing and Presenting,10.0,25.0,6.25,CASS,4,false,4
2026,1,6,920,251296,1. Listening and speaking,1. Listening and speaking,10.0,30.0,7.5,CASS,1,false,1
2026,1,6,920,251297,2. Reading and viewing,2. Reading and viewing,10.0,25.0,6.25,CASS,2,false,2
2026,1,6,920,251298,4. Language structures & conventions,4. Language structures & conventions,25.0,20.0,5.0,CASS,3,false,3
2026,1,6,920,251299,3. Writing and Presenting,3. Writing and Presenting,10.0,25.0,6.25,CASS,4,false,4
2026,1,6,924,251310,1. Listening and speaking,1. Listening and speaking,10.0,30.0,7.5,CASS,1,false,1
2026,1,6,924,251311,2. Reading and viewing,2. Reading and viewing,10.0,25.0,6.25,CASS,2,false,2
2026,1,6,924,251312,4. Language structures & conventions,4. Language structures & conventions,25.0,20.0,5.0,CASS,3,false,3
2026,1,6,924,251313,3. Writing and Presenting,3. Writing and Presenting,10.0,25.0,6.25,CASS,4,false,4
2026,1,6,928,251324,1. Listening and speaking,1. Listening and speaking,10.0,30.0,7.5,CASS,1,false,1
2026,1,6,928,251325,2. Reading and viewing,2. Reading and viewing,10.0,25.0,6.25,CASS,2,false,2
2026,1,6,928,251326,4. Language structures & conventions,4. Language structures & conventions,25.0,20.0,5.0,CASS,3,false,3
2026,1,6,928,251327,3. Writing and Presenting,3. Writing and Presenting,10.0,25.0,6.25,CASS,4,false,4
2026,1,6,932,251338,1. Listening and speaking,1. Listening and speaking,10.0,30.0,7.5,CASS,1,false,1
2026,1,6,932,251339,2. Reading and viewing,2. Reading and viewing,10.0,25.0,6.25,CASS,2,false,2
2026,1,6,932,251340,4. Language structures & conventions,4. Language structures & conventions,25.0,20.0,5.0,CASS,3,false,3
2026,1,6,932,251341,3. Writing and Presenting,3. Writing and Presenting,10.0,25.0,6.25,CASS,4,false,4
2026,1,6,936,251352,1. Listening and speaking,1. Listening and speaking,10.0,30.0,7.5,CASS,1,false,1
2026,1,6,936,251353,2. Reading and viewing,2. Reading and viewing,10.0,25.0,6.25,CASS,2,false,2
2026,1,6,936,251354,4. Language structures & conventions,4. Language structures & conventions,25.0,20.0,5.0,CASS,3,false,3
2026,1,6,936,251355,3. Writing and Presenting,3. Writing and Presenting,10.0,25.0,6.25,CASS,4,false,4
2026,1,6,940,251366,1. Listening and speaking,1. Listening and speaking,10.0,30.0,7.5,CASS,1,false,1
2026,1,6,940,251367,2. Reading and viewing,2. Reading and viewing,10.0,25.0,6.25,CASS,2,false,2
2026,1,6,940,251368,4. Language structures & conventions,4. Language structures & conventions,25.0,20.0,5.0,CASS,3,false,3
2026,1,6,940,251369,3. Writing and Presenting,3. Writing and Presenting,10.0,25.0,6.25,CASS,4,false,4
2026,1,6,944,251380,1. Listening and speaking,1. Listening and speaking,10.0,30.0,7.5,CASS,1,false,1
2026,1,6,944,251381,2. Reading and viewing,2. Reading and viewing,10.0,25.0,6.25,CASS,2,false,2
2026,1,6,944,251382,4. Language structures & conventions,4. Language structures & conventions,25.0,20.0,5.0,CASS,3,false,3
2026,1,6,944,251383,3. Writing and Presenting,3. Writing and Presenting,10.0,25.0,6.25,CASS,4,false,4
2026,1,6,948,251394,1. Listening and speaking,1. Listening and speaking,10.0,30.0,7.5,CASS,1,false,1
2026,1,6,948,251395,2. Reading and viewing,2. Reading and viewing,10.0,25.0,6.25,CASS,2,false,2
2026,1,6,948,251396,4. Language structures & conventions,4. Language structures & conventions,25.0,20.0,5.0,CASS,3,false,3
2026,1,6,948,251397,3. Writing and Presenting,3. Writing and Presenting,10.0,25.0,6.25,CASS,4,false,4
2026,1,6,952,251408,1. Listening and speaking,1. Listening and speaking,10.0,30.0,7.5,CASS,1,false,1
2026,1,6,952,251409,2. Reading and viewing,2. Reading and viewing,10.0,25.0,6.25,CASS,2,false,2
2026,1,6,952,251410,4. Language structures & conventions,4. Language structures & conventions,25.0,20.0,5.0,CASS,3,false,3
2026,1,6,952,251411,3. Writing and Presenting,3. Writing and Presenting,10.0,25.0,6.25,CASS,4,false,4
2026,1,6,976,249633,1,1,50.0,100.0,26.0,CASS,1,false,1
2026,1,6,1733,254045,1,1,10.0,100.0,25.0,CASS,0,false,1
2026,1,6,1846,255157,1,1,40.0,50.0,12.5,CASS,0,false,1
2026,1,6,1846,255158,2,2,40.0,50.0,12.5,CASS,0,false,2
2026,1,6,1853,255181,1,1,40.0,50.0,12.5,CASS,0,false,1
2026,1,6,1853,255182,2,2,40.0,50.0,12.5,CASS,0,false,2
2026,1,6,1860,255205,1,1,40.0,50.0,12.5,CASS,0,false,1
2026,1,6,1860,255206,2,2,40.0,50.0,12.5,CASS,0,false,2
2026,1,6,1867,255229,1,1,40.0,50.0,12.5,CASS,0,false,1
2026,1,6,1867,255230,2,2,40.0,50.0,12.5,CASS,0,false,2
2026,1,6,1874,255253,1,1,40.0,50.0,12.5,CASS,0,false,1
2026,1,6,1874,255254,2,2,40.0,50.0,12.5,CASS,0,false,2
2026,1,6,1881,255277,1,1,40.0,50.0,12.5,CASS,0,false,1
2026,1,6,1881,255278,2,2,40.0,50.0,12.5,CASS,0,false,2
2026,1,6,1888,255301,1,1,40.0,50.0,12.5,CASS,0,false,1
2026,1,6,1888,255302,2,2,40.0,50.0,12.5,CASS,0,false,2
2026,1,6,1895,255325,1,1,40.0,50.0,12.5,CASS,0,false,1
2026,1,6,1895,255326,2,2,40.0,50.0,12.5,CASS,0,false,2
2026,1,6,1902,255373,1,1,40.0,50.0,12.5,CASS,0,false,1
2026,1,6,1902,255374,2,2,40.0,50.0,12.5,CASS,0,false,2
2026,1,6,1909,255349,1,1,40.0,50.0,12.5,CASS,0,false,1
2026,1,6,1909,255350,2,2,40.0,50.0,12.5,CASS,0,false,2
2026,1,6,1916,255397,1,1,40.0,50.0,12.5,CASS,0,false,1
2026,1,6,1916,255398,2,2,40.0,50.0,12.5,CASS,0,false,2
2026,1,6,1923,255421,1,1,40.0,50.0,12.5,CASS,0,false,1
2026,1,6,1923,255422,2,2,40.0,50.0,12.5,CASS,0,false,2
2026,1,6,1993,255445,1,1,40.0,50.0,12.5,CASS,0,false,1
2026,1,6,1993,255446,2,2,40.0,50.0,12.5,CASS,0,false,2
2026,1,6,1994,249745,Theory,Theory,25.0,25.0,6.25,CASS,0,false,1
2026,1,6,1994,249746,Practical,Practical,50.0,75.0,18.75,CASS,0,false,2
2026,1,6,1995,249833,Office Admin: Theory,Office Admin: Theory,50.0,6.7,1.61,CASS,0,false,1
2026,1,6,1995,249834,Office Admin: Practical,Office Admin: Practical,25.0,2.3,0.66,CASS,0,false,2
2026,1,6,1995,249835,Wholesale & R: Theory,Wholesale & R: Theory,25.0,2.3,0.66,CASS,0,false,3
2026,1,6,1995,249836,Wholesale & R: Practical,Wholesale & R: Practical,50.0,6.8,1.61,CASS,0,false,4
2026,1,6,1995,249837,Art & Crafts: Practical,Art & Crafts: Practical,50.0,2.3,1.61,CASS,0,false,5
2026,1,6,1995,249838,Art & Crafts: Theory,Art & Crafts: Theory,25.0,6.8,0.66,CASS,0,false,6
2026,1,6,1995,249839,CS Foodproduction: Theory,CS Foodproduction: Theory,25.0,2.3,0.66,CASS,0,false,7
2026,1,6,1995,249840,CS Foodproduction: Practical,CS Foodproduction: Practical,50.0,6.8,1.61,CASS,0,false,8
2026,1,6,1995,249841,CS Sewing: Theory,CS Sewing: Theory,25.0,2.3,0.66,CASS,0,false,9
2026,1,6,1995,249842,CS Sewing:Practical,CS Sewing:Practical,50.0,6.8,1.61,CASS,0,false,10
2026,1,6,1995,249843,ST Upholstery: Theory,ST Upholstery: Theory,25.0,2.3,0.66,CASS,0,false,11
2026,1,6,1995,249844,ST Upholstery: Practical,ST Upholstery: Practical,50.0,6.8,1.61,CASS,0,false,12
2026,1,6,1995,249845,Beauty & Nail: Theory,Beauty & Nail: Theory,25.0,2.3,0.66,CASS,0,false,13
2026,1,6,1995,249846,Beauty & Nail: Practical,Beauty & Nail: Practical,50.0,6.8,1.61,CASS,0,false,14
2026,1,6,1995,249847,Hair & Beauty Care: Theory,Hair & Beauty Care: Theory,25.0,2.3,0.66,CASS,0,false,15
2026,1,6,1995,249848,Hair & Beauty Care: Practical,Hair & Beauty Care: Practical,50.0,6.8,1.61,CASS,0,false,16
2026,1,6,1995,249849,CS Hospitality: Practical,CS Hospitality: Practical,75.0,6.8,1.62,CASS,0,false,17
2026,1,6,1995,249850,CS Hospitality: Theory,CS Hospitality: Theory,25.0,2.3,0.66,CASS,0,false,18
2026,1,6,1995,249851,Anc Health Care: Theory,Anc Health Care: Theory,25.0,2.3,0.66,CASS,0,false,19
2026,1,6,1995,249852,Anc Health Care: Practical,Anc Health Care: Practical,50.0,6.8,1.62,CASS,0,false,20
2026,1,6,1995,249853,ECD Theory,ECD Theory,25.0,2.3,0.66,CASS,0,false,21
2026,1,6,1995,249854,ECD Practical,ECD Practical,75.0,6.8,1.62,CASS,0,false,22
2026,1,6,1996,249753,Civil Maintenance: Theory,Civil Maintenance: Theory,25.0,2.5,0.5,CASS,0,false,1
2026,1,6,1996,249754,Civil Maintenance: Practical,Civil Maintenance: Practical,75.0,7.5,2.0,CASS,0,false,2
2026,1,6,1996,249755,Civil Brickl & P: Theory,Civil Brickl & P: Theory,25.0,2.5,0.5,CASS,0,false,3
2026,1,6,1996,249756,Civil Brickl & P: Practical,Civil Brickl & P: Practical,50.0,7.5,2.0,CASS,0,false,4
2026,1,6,1996,249757,Civil Woodw & T: Theory,Civil Woodw & T: Theory,25.0,2.5,0.5,CASS,0,false,5
2026,1,6,1996,249758,Civil Woodw & T: Practical,Civil Woodw & T: Practical,50.0,7.5,2.0,CASS,0,false,6
2026,1,6,1996,249759,Civil Plumbing: Theory,Civil Plumbing: Theory,25.0,2.5,0.5,CASS,0,false,7
2026,1,6,1996,249760,Civil Plumbing: Practical,Civil Plumbing: Practical,50.0,7.5,2.0,CASS,0,false,8
2026,1,6,1996,249761,Mech Welding: Theory,Mech Welding: Theory,25.0,2.5,0.5,CASS,0,false,9
2026,1,6,1996,249762,Mech Welding: Practical,Mech Welding: Practical,50.0,7.5,2.0,CASS,0,false,10
2026,1,6,1996,249763,Mech BodyW: Theory,Mech BodyW: Theory,25.0,2.5,0.5,CASS,0,false,11
2026,1,6,1996,249764,Mech BodyW: Practical,Mech BodyW: Practical,50.0,7.5,2.0,CASS,0,false,12
2026,1,6,1996,249765,Mech Motor: Theory,Mech Motor: Theory,25.0,2.5,0.5,CASS,0,false,13
2026,1,6,1996,249766,Mech Motor: Practical,Mech Motor: Practical,50.0,7.5,2.0,CASS,0,false,14
2026,1,6,1996,249767,Mech Sheetmetal: Theory,Mech Sheetmetal: Theory,25.0,2.5,0.5,CASS,0,false,15
2026,1,6,1996,249768,Mech Sheetmetal: Practical,Mech Sheetmetal: Practical,50.0,7.5,2.0,CASS,0,false,16
2026,1,6,1996,249769,Electrical: Theory,Electrical: Theory,25.0,2.5,0.5,CASS,0,false,17
2026,1,6,1996,249770,Electrical: Practical,Electrical: Practical,50.0,7.5,2.0,CASS,0,false,18
2026,1,6,1996,249771,Agric: Theory,Agric: Theory,25.0,2.5,0.5,CASS,0,false,19
2026,1,6,1996,249772,Agric: Practical,Agric: Practical,75.0,7.5,2.0,CASS,0,false,20
2026,1,7,10,244677,Baseline assessment,Baseline assessment,10.0,0,0,CASS,0,false,1
2026,1,7,10,244678,2: Writing - essays,2: Writing - essays,30.0,33.33,11.5,CASS,0,false,2
2026,1,7,10,244679,3: Response to texts,3: Response to texts,60.0,66.67,23.1,CASS,0,false,3
2026,1,7,23,244413,Baseline assessment,Baseline assessment,10.0,0,0,CASS,0,false,1
2026,1,7,23,244414,2: Writing - essays,2: Writing - essays,30.0,33.33,11.5,CASS,0,false,2
2026,1,7,23,244415,3: Response to texts,3: Response to texts,60.0,66.67,23.1,CASS,0,false,3
2026,1,7,32,246725,Oral 1,Oral 1,15.0,60.0,0,CASS,0,false,1
2026,1,7,32,246726,Writing,Writing,20.0,40.0,33.33,CASS,0,false,2
2026,1,7,53,253091,1 : Art form 1,1 : Art form 1,25.0,50.0,12.5,CASS,1,false,1
2026,1,7,53,253092,2 : Art form 2,2 : Art form 2,25.0,50.0,12.5,CASS,2,false,2
2026,1,7,89,249007,1. Case study / assignment,1. Case study / assignment,50.0,50.0,17.0,CASS,0,false,1
2026,1,7,89,249008,2: Test,2: Test,50.0,50.0,17.0,CASS,0,false,2
2026,1,7,107,244688,Baseline assessment,Baseline assessment,10.0,0,0,CASS,0,false,1
2026,1,7,107,244689,2: Writing - essays,2: Writing - essays,30.0,33.33,11.5,CASS,0,false,2
2026,1,7,107,244690,3: Response to texts,3: Response to texts,60.0,66.67,23.1,CASS,0,false,3
2026,1,7,120,244424,Baseline assessment,Baseline assessment,10.0,0,0,CASS,0,false,1
2026,1,7,120,244425,2: Writing - essays,2: Writing - essays,30.0,33.33,11.5,CASS,0,false,2
2026,1,7,120,244426,3: Response to texts,3: Response to texts,60.0,66.67,23.1,CASS,0,false,3
2026,1,7,129,246752,Oral 1,Oral 1,15.0,60.0,0,CASS,0,false,1
2026,1,7,129,246753,Writing,Writing,20.0,40.0,33.33,CASS,0,false,2
2026,1,7,151,246779,Oral 1,Oral 1,15.0,60.0,0,CASS,0,false,1
2026,1,7,151,246780,Writing,Writing,20.0,40.0,33.33,CASS,0,false,2
2026,1,7,194,244699,Baseline assessment,Baseline assessment,10.0,0,0,CASS,0,false,1
2026,1,7,194,244700,2: Writing - essays,2: Writing - essays,30.0,33.33,11.5,CASS,0,false,2
2026,1,7,194,244701,3: Response to texts,3: Response to texts,60.0,66.67,23.1,CASS,0,false,3
2026,1,7,207,244435,Baseline assessment,Baseline assessment,10.0,0,0,CASS,0,false,1
2026,1,7,207,244436,2: Writing - essays,2: Writing - essays,30.0,33.33,11.5,CASS,0,false,2
2026,1,7,207,244437,3: Response to texts,3: Response to texts,60.0,66.67,23.1,CASS,0,false,3
2026,1,7,216,246806,Oral 1,Oral 1,15.0,60.0,0,CASS,0,false,1
2026,1,7,216,246807,Writing,Writing,20.0,40.0,33.33,CASS,0,false,2
2026,1,7,228,244710,Baseline assessment,Baseline assessment,10.0,0,0,CASS,0,false,1
2026,1,7,228,244711,2: Writing - essays,2: Writing - essays,30.0,33.33,11.5,CASS,0,false,2
2026,1,7,228,244712,3: Response to texts,3: Response to texts,60.0,66.67,23.1,CASS,0,false,3
2026,1,7,241,244446,Baseline assessment,Baseline assessment,10.0,0,0,CASS,0,false,1
2026,1,7,241,244447,2: Writing - essays,2: Writing - essays,30.0,33.33,11.5,CASS,0,false,2
2026,1,7,241,244448,3: Response to texts,3: Response to texts,60.0,66.67,23.1,CASS,0,false,3
2026,1,7,250,246869,Oral 1,Oral 1,15.0,60.0,0,CASS,0,false,1
2026,1,7,250,246870,Writing,Writing,20.0,40.0,33.33,CASS,0,false,2
2026,1,7,262,244721,Baseline assessment,Baseline assessment,10.0,0,0,CASS,0,false,1
2026,1,7,262,244722,2: Writing - essays,2: Writing - essays,30.0,33.33,11.5,CASS,0,false,2
2026,1,7,262,244723,3: Response to texts,3: Response to texts,60.0,66.67,23.1,CASS,0,false,3
2026,1,7,275,244457,Baseline assessment,Baseline assessment,10.0,0,0,CASS,0,false,1
2026,1,7,275,244458,2: Writing - essays,2: Writing - essays,30.0,33.33,11.5,CASS,0,false,2
2026,1,7,275,244459,3: Response to texts,3: Response to texts,60.0,66.67,23.1,CASS,0,false,3
2026,1,7,284,246833,Oral 1,Oral 1,15.0,60.0,0,CASS,0,false,1
2026,1,7,284,246834,Writing,Writing,20.0,40.0,33.33,CASS,0,false,2
2026,1,7,300,248444,1,1,70.0,70.0,23.0,CASS,0,false,1
2026,1,7,300,248445,PET,PET,30.0,30.0,10.0,CASS,0,false,2
2026,1,7,329,248595,Baseline Assessment,Baseline Assessment,25.0,0,0,CASS,0,false,1
2026,1,7,329,248596,1,1,50.0,40.0,20.0,CASS,0,false,2
2026,1,7,329,248597,2: Test,2: Test,40.0,60.0,15.0,CASS,0,false,3
2026,1,7,351,249244,1: Prac Task/ Investigation,1: Prac Task/ Investigation,20.0,40.0,12.5,CASS,0,false,1
2026,1,7,351,249245,2: Test,2: Test,30.0,60.0,18.75,CASS,0,false,2
2026,1,7,383,244732,Baseline assessment,Baseline assessment,10.0,0,0,CASS,0,false,1
2026,1,7,383,244733,2: Writing - essays,2: Writing - essays,30.0,33.33,11.5,CASS,0,false,2
2026,1,7,383,244734,3: Response to texts,3: Response to texts,60.0,66.67,23.1,CASS,0,false,3
2026,1,7,396,244468,Baseline assessment,Baseline assessment,10.0,0,0,CASS,0,false,1
2026,1,7,396,244469,2: Writing - essays,2: Writing - essays,30.0,33.33,11.5,CASS,0,false,2
2026,1,7,396,244470,3: Response to texts,3: Response to texts,60.0,66.67,23.1,CASS,0,false,3
2026,1,7,405,246914,Oral 1,Oral 1,15.0,60.0,0,CASS,0,false,1
2026,1,7,405,246915,Writing,Writing,20.0,40.0,33.33,CASS,0,false,2
2026,1,7,415,244479,Baseline assessment,Baseline assessment,10.0,0,0,CASS,0,false,1
2026,1,7,415,244480,2: Writing - essays,2: Writing - essays,30.0,33.33,11.5,CASS,0,false,2
2026,1,7,415,244481,3: Response to texts,3: Response to texts,60.0,66.67,23.1,CASS,0,false,3
2026,1,7,424,246941,Oral 1,Oral 1,15.0,60.0,0,CASS,0,false,1
2026,1,7,424,246942,Writing,Writing,20.0,40.0,33.33,CASS,0,false,2
2026,1,7,436,244743,Baseline assessment,Baseline assessment,10.0,0,0,CASS,0,false,1
2026,1,7,436,244744,2: Writing - essays,2: Writing - essays,30.0,33.33,11.5,CASS,0,false,2
2026,1,7,436,244745,3: Response to texts,3: Response to texts,60.0,66.67,23.1,CASS,0,false,3
2026,1,7,449,244490,Baseline assessment,Baseline assessment,10.0,0,0,CASS,0,false,1
2026,1,7,449,244491,2: Writing - essays,2: Writing - essays,30.0,33.33,11.5,CASS,0,false,2
2026,1,7,449,244492,3: Response to texts,3: Response to texts,60.0,66.67,23.1,CASS,0,false,3
2026,1,7,458,246968,Oral 1,Oral 1,15.0,60.0,0,CASS,0,false,1
2026,1,7,458,246969,Writing,Writing,20.0,40.0,33.33,CASS,0,false,2
2026,1,7,470,244754,Baseline assessment,Baseline assessment,10.0,0,0,CASS,0,false,1
2026,1,7,470,244755,2: Writing - essays,2: Writing - essays,30.0,33.33,11.5,CASS,0,false,2
2026,1,7,470,244756,3: Response to texts,3: Response to texts,60.0,66.67,23.1,CASS,0,false,3
2026,1,7,483,244501,Baseline assessment,Baseline assessment,10.0,0,0,CASS,0,false,1
2026,1,7,483,244502,2: Writing - essays,2: Writing - essays,30.0,33.33,11.5,CASS,0,false,2
2026,1,7,483,244503,3: Response to texts,3: Response to texts,60.0,66.67,23.1,CASS,0,false,3
2026,1,7,492,246995,Oral 1,Oral 1,15.0,60.0,0,CASS,0,false,1
2026,1,7,492,246996,Writing,Writing,20.0,40.0,33.33,CASS,0,false,2
2026,1,7,504,244765,Baseline assessment,Baseline assessment,10.0,0,0,CASS,0,false,1
2026,1,7,504,244766,2: Writing - essays,2: Writing - essays,30.0,33.33,11.5,CASS,0,false,2
2026,1,7,504,244767,3: Response to texts,3: Response to texts,60.0,66.67,23.1,CASS,0,false,3
2026,1,7,517,244512,Baseline assessment,Baseline assessment,10.0,0,0,CASS,0,false,1
2026,1,7,517,244513,2: Writing - essays,2: Writing - essays,30.0,33.33,11.5,CASS,0,false,2
2026,1,7,517,244514,3: Response to texts,3: Response to texts,60.0,66.67,23.1,CASS,0,false,3
2026,1,7,526,247022,Oral 1,Oral 1,15.0,60.0,0,CASS,0,false,1
2026,1,7,526,247023,Writing,Writing,20.0,40.0,33.33,CASS,0,false,2
2026,1,7,535,248812,1 : Geography,1 : Geography,50.0,50.0,15.0,CASS,1,false,1
2026,1,7,535,248813,2 : History,2 : History,50.0,50.0,15.0,CASS,2,false,2
2026,1,7,558,248846,1 : PAT 1,1 : PAT 1,70.0,100.0,33.33,CASS,0,false,1
2026,1,7,586,244776,Baseline assessment,Baseline assessment,10.0,0,0,CASS,0,false,1
2026,1,7,586,244777,2: Writing - essays,2: Writing - essays,30.0,33.33,11.5,CASS,0,false,2
2026,1,7,586,244778,3: Response to texts,3: Response to texts,60.0,66.67,23.1,CASS,0,false,3
2026,1,7,599,244523,Baseline assessment,Baseline assessment,10.0,0,0,CASS,0,false,1
2026,1,7,599,244524,2: Writing - essays,2: Writing - essays,30.0,33.33,11.5,CASS,0,false,2
2026,1,7,599,244525,3: Response to texts,3: Response to texts,60.0,66.67,23.1,CASS,0,false,3
2026,1,7,608,247049,Oral 1,Oral 1,15.0,60.0,0,CASS,0,false,1
2026,1,7,608,247050,Writing,Writing,20.0,40.0,33.33,CASS,0,false,2
2026,1,7,631,250434,Theory,Theory,25.0,25.0,11.0,CASS,0,false,1
2026,1,7,631,250435,Practical,Practical,25.0,75.0,22.0,CASS,0,false,2
2026,1,7,635,250071,Practical,Practical,25.0,75.0,22.0,CASS,0,false,1
2026,1,7,635,250072,Theory,Theory,25.0,25.0,11.0,CASS,0,false,2
2026,1,7,643,250167,Practical,Practical,25.0,75.0,22.0,CASS,0,false,1
2026,1,7,643,250168,Theory,Theory,25.0,25.0,11.0,CASS,0,false,2
2026,1,7,647,249948,Practical,Practical,35.0,75.0,22.0,CASS,0,false,1
2026,1,7,647,249949,Theory,Theory,25.0,25.0,11.0,CASS,0,false,2
2026,1,7,651,250055,Practical,Practical,25.0,75.0,22.0,CASS,0,false,1
2026,1,7,651,250056,Theory,Theory,25.0,25.0,11.0,CASS,0,false,2
2026,1,7,655,250664,1. Listening and speaking,1. Listening and speaking,25.0,25.0,8.5,CASS,1,false,1
2026,1,7,655,250665,2. Reading and viewing,2. Reading and viewing,35.0,35.0,8.5,CASS,2,false,2
2026,1,7,655,250666,3. Language structures & conventions,3. Language structures & conventions,15.0,15.0,7.5,CASS,3,false,3
2026,1,7,655,250667,4. Writing and Presenting,4. Writing and Presenting,25.0,25.0,8.5,CASS,4,false,4
2026,1,7,659,250696,1. Listening and speaking,1. Listening and speaking,25.0,25.0,8.5,CASS,1,false,1
2026,1,7,659,250697,2. Reading and viewing,2. Reading and viewing,35.0,35.0,8.5,CASS,2,false,2
2026,1,7,659,250698,3. Language structures & conventions,3. Language structures & conventions,15.0,15.0,7.5,CASS,3,false,3
2026,1,7,659,250699,4. Writing and Presenting,4. Writing and Presenting,25.0,25.0,8.5,CASS,4,false,4
2026,1,7,663,250728,1. Listening and speaking,1. Listening and speaking,25.0,25.0,8.5,CASS,1,false,1
2026,1,7,663,250729,2. Reading and viewing,2. Reading and viewing,35.0,35.0,8.5,CASS,2,false,2
2026,1,7,663,250730,3. Language structures & conventions,3. Language structures & conventions,15.0,15.0,7.5,CASS,3,false,3
2026,1,7,663,250731,4. Writing and Presenting,4. Writing and Presenting,25.0,25.0,8.5,CASS,4,false,4
2026,1,7,667,250760,1. Listening and speaking,1. Listening and speaking,25.0,25.0,8.5,CASS,1,false,1
2026,1,7,667,250761,2. Reading and viewing,2. Reading and viewing,35.0,35.0,8.5,CASS,2,false,2
2026,1,7,667,250762,3. Language structures & conventions,3. Language structures & conventions,15.0,15.0,7.5,CASS,3,false,3
2026,1,7,667,250763,4. Writing and Presenting,4. Writing and Presenting,25.0,25.0,8.5,CASS,4,false,4
2026,1,7,671,250792,1. Listening and speaking,1. Listening and speaking,25.0,25.0,8.5,CASS,1,false,1
2026,1,7,671,250793,2. Reading and viewing,2. Reading and viewing,35.0,35.0,8.5,CASS,2,false,2
2026,1,7,671,250794,3. Language structures & conventions,3. Language structures & conventions,15.0,15.0,7.5,CASS,3,false,3
2026,1,7,671,250795,4. Writing and Presenting,4. Writing and Presenting,25.0,25.0,8.5,CASS,4,false,4
2026,1,7,675,250824,1. Listening and speaking,1. Listening and speaking,25.0,25.0,8.5,CASS,1,false,1
2026,1,7,675,250825,2. Reading and viewing,2. Reading and viewing,35.0,35.0,8.5,CASS,2,false,2
2026,1,7,675,250826,3. Language structures & conventions,3. Language structures & conventions,15.0,15.0,7.5,CASS,3,false,3
2026,1,7,675,250827,4. Writing and Presenting,4. Writing and Presenting,25.0,25.0,8.5,CASS,4,false,4
2026,1,7,679,250856,1. Listening and speaking,1. Listening and speaking,25.0,25.0,8.5,CASS,1,false,1
2026,1,7,679,250857,2. Reading and viewing,2. Reading and viewing,35.0,35.0,8.5,CASS,2,false,2
2026,1,7,679,250858,3. Language structures & conventions,3. Language structures & conventions,15.0,15.0,7.5,CASS,3,false,3
2026,1,7,679,250859,4. Writing and Presenting,4. Writing and Presenting,25.0,25.0,8.5,CASS,4,false,4
2026,1,7,683,250888,1. Listening and speaking,1. Listening and speaking,25.0,25.0,8.5,CASS,1,false,1
2026,1,7,683,250889,2. Reading and viewing,2. Reading and viewing,35.0,35.0,8.5,CASS,2,false,2
2026,1,7,683,250890,3. Language structures & conventions,3. Language structures & conventions,15.0,15.0,7.5,CASS,3,false,3
2026,1,7,683,250891,4. Writing and Presenting,4. Writing and Presenting,25.0,25.0,8.5,CASS,4,false,4
2026,1,7,687,250920,1. Listening and speaking,1. Listening and speaking,25.0,25.0,8.5,CASS,1,false,1
2026,1,7,687,250921,2. Reading and viewing,2. Reading and viewing,35.0,35.0,8.5,CASS,2,false,2
2026,1,7,687,250922,3. Language structures & conventions,3. Language structures & conventions,15.0,15.0,7.5,CASS,3,false,3
2026,1,7,687,250923,4. Writing and Presenting,4. Writing and Presenting,25.0,25.0,8.5,CASS,4,false,4
2026,1,7,691,250952,1. Listening and speaking,1. Listening and speaking,25.0,25.0,8.5,CASS,1,false,1
2026,1,7,691,250953,2. Reading and viewing,2. Reading and viewing,35.0,35.0,8.5,CASS,2,false,2
2026,1,7,691,250954,3. Language structures & conventions,3. Language structures & conventions,15.0,15.0,7.5,CASS,3,false,3
2026,1,7,691,250955,4. Writing and Presenting,4. Writing and Presenting,25.0,25.0,8.5,CASS,4,false,4
2026,1,7,695,250984,1. Listening and speaking,1. Listening and speaking,25.0,25.0,8.5,CASS,1,false,1
2026,1,7,695,250985,2. Reading and viewing,2. Reading and viewing,35.0,35.0,8.5,CASS,2,false,2
2026,1,7,695,250986,3. Language structures & conventions,3. Language structures & conventions,15.0,15.0,7.5,CASS,3,false,3
2026,1,7,695,250987,4. Writing and Presenting,4. Writing and Presenting,25.0,25.0,8.5,CASS,4,false,4
2026,1,7,699,249677,Keyboard Skills,Keyboard Skills,20.0,15.0,3.75,CASS,1,false,1
2026,1,7,699,249678,Graphics,Graphics,20.0,10.0,2.5,CASS,2,false,2
2026,1,7,699,249679,Word Processor,Word Processor,20.0,15.0,3.75,CASS,3,false,3
2026,1,7,699,249680,Spreadsheet,Spreadsheet,20.0,15.0,3.75,CASS,4,false,4
2026,1,7,699,249681,Presentations,Presentations,20.0,15.0,3.75,CASS,5,false,5
2026,1,7,699,249682,Systems Technologies,Systems Technologies,20.0,15.0,3.75,CASS,6,false,6
2026,1,7,699,249683,Internet & e-communications,Internet & e-communications,20.0,15.0,3.75,CASS,7,false,7
2026,1,7,707,250087,Practical,Practical,25.0,75.0,22.0,CASS,0,false,1
2026,1,7,707,250088,Theory,Theory,25.0,25.0,11.0,CASS,0,false,2
2026,1,7,715,250194,Practical,Practical,150.0,75.0,22.0,CASS,0,false,1
2026,1,7,715,250195,Theory,Theory,50.0,25.0,11.0,CASS,0,false,2
2026,1,7,731,250007,Practical,Practical,25.0,75.0,22.0,CASS,0,false,1
2026,1,7,731,250008,Theory,Theory,25.0,25.0,11.0,CASS,0,false,2
2026,1,7,735,250461,Practical,Practical,50.0,75.0,22.0,CASS,0,false,1
2026,1,7,735,250462,Theory,Theory,50.0,25.0,11.0,CASS,0,false,2
2026,1,7,751,250407,Theory,Theory,25.0,25.0,11.0,CASS,0,false,1
2026,1,7,751,250408,Practical,Practical,25.0,75.0,22.0,CASS,0,false,2
2026,1,7,755,249625,1,1,100.0,100.0,25.0,CASS,1,false,1
2026,1,7,759,249525,1,1,25.0,35.0,11.0,CASS,0,false,1
2026,1,7,759,249526,2,2,25.0,35.0,12.0,CASS,0,false,2
2026,1,7,759,249527,3: Test,3: Test,25.0,30.0,10.0,CASS,0,false,3
2026,1,7,763,250119,Theory,Theory,25.0,25.0,11.0,CASS,0,false,1
2026,1,7,763,250120,Practical,Practical,25.0,75.0,22.0,CASS,0,false,2
2026,1,7,767,249975,Practical,Practical,25.0,75.0,22.0,CASS,0,false,1
2026,1,7,767,249976,Theory,Theory,25.0,25.0,11.0,CASS,0,false,2
2026,1,7,771,250151,Practical,Practical,25.0,75.0,22.0,CASS,0,false,1
2026,1,7,771,250152,Theory,Theory,25.0,25.0,11.0,CASS,0,false,2
2026,1,7,775,249921,Practical,Practical,50.0,75.0,22.0,CASS,0,false,1
2026,1,7,775,249922,Theory,Theory,50.0,25.0,11.0,CASS,0,false,2
2026,1,7,779,250135,Theory,Theory,25.0,25.0,11.0,CASS,0,false,1
2026,1,7,779,250136,Practical,Practical,25.0,75.0,22.0,CASS,0,false,2
2026,1,7,787,249592,1,1,20.0,67.0,17.0,CASS,0,false,1
2026,1,7,787,249593,2,2,10.0,33.0,8.0,CASS,0,false,2
2026,1,7,803,250248,Practical,Practical,75.0,75.0,22.0,CASS,0,false,1
2026,1,7,803,250249,Test,Test,25.0,25.0,11.0,CASS,0,false,2
2026,1,7,819,250023,Practical,Practical,25.0,75.0,22.0,CASS,0,false,1
2026,1,7,819,250024,Theory,Theory,25.0,25.0,11.0,CASS,0,false,2
2026,1,7,831,250103,Theory,Theory,25.0,25.0,11.0,CASS,0,false,1
2026,1,7,831,250104,Practical,Practical,25.0,75.0,22.0,CASS,0,false,2
2026,1,7,843,244787,Baseline assessment,Baseline assessment,10.0,0,0,CASS,0,false,1
2026,1,7,843,244788,2: Writing - essays,2: Writing - essays,30.0,33.33,11.5,CASS,0,false,2
2026,1,7,843,244789,3: Response to texts,3: Response to texts,60.0,66.67,23.1,CASS,0,false,3
2026,1,7,856,244534,Baseline assessment,Baseline assessment,10.0,0,0,CASS,0,false,1
2026,1,7,856,244535,2: Writing - essays,2: Writing - essays,30.0,33.33,11.5,CASS,0,false,2
2026,1,7,856,244536,3: Response to texts,3: Response to texts,60.0,66.67,23.1,CASS,0,false,3
2026,1,7,865,247076,Oral 1,Oral 1,15.0,60.0,0,CASS,0,false,1
2026,1,7,865,247077,Writing,Writing,20.0,40.0,33.33,CASS,0,false,2
2026,1,7,880,246860,Oral 1,Oral 1,15.0,60.0,0,CASS,0,false,1
2026,1,7,880,246861,Writing,Writing,20.0,40.0,33.33,CASS,0,false,2
2026,1,7,896,244919,Baseline assessment,Baseline assessment,10.0,0,0,CASS,0,false,1
2026,1,7,896,244920,2:  Recording - essays,2:  Recording - essays,30.0,33.33,11.5,CASS,0,false,2
2026,1,7,896,244921,3: Response to texts,3: Response to texts,60.0,66.67,23.1,CASS,0,false,3
2026,1,7,909,251219,1. Listening and speaking,1. Listening and speaking,25.0,25.0,6.25,CASS,1,false,1
2026,1,7,909,251220,2. Reading and viewing,2. Reading and viewing,35.0,35.0,8.75,CASS,2,false,2
2026,1,7,909,251221,3. Language structures & conventions,3. Language structures & conventions,15.0,15.0,3.75,CASS,3,false,3
2026,1,7,909,251222,4. Writing and Recording,4. Writing and Recording,25.0,25.0,6.25,CASS,4,false,4
2026,1,7,913,251422,1. Listening and speaking,1. Listening and speaking,25.0,30.0,8.5,CASS,1,false,1
2026,1,7,913,251423,2. Reading and viewing,2. Reading and viewing,35.0,30.0,8.5,CASS,2,false,2
2026,1,7,913,251424,4. Language structures & conventions,4. Language structures & conventions,15.0,15.0,7.5,CASS,3,false,3
2026,1,7,913,251425,3. Writing and Presenting,3. Writing and Presenting,25.0,25.0,8.5,CASS,4,false,4
2026,1,7,917,251438,1. Listening and speaking,1. Listening and speaking,25.0,30.0,8.5,CASS,1,false,1
2026,1,7,917,251439,2. Reading and viewing,2. Reading and viewing,35.0,30.0,8.5,CASS,2,false,2
2026,1,7,917,251440,4. Language structures & conventions,4. Language structures & conventions,15.0,15.0,7.5,CASS,3,false,3
2026,1,7,917,251441,3. Writing and Presenting,3. Writing and Presenting,25.0,25.0,8.5,CASS,4,false,4
2026,1,7,921,251454,1. Listening and speaking,1. Listening and speaking,25.0,30.0,8.5,CASS,1,false,1
2026,1,7,921,251455,2. Reading and viewing,2. Reading and viewing,35.0,30.0,8.5,CASS,2,false,2
2026,1,7,921,251456,4. Language structures & conventions,4. Language structures & conventions,15.0,15.0,7.5,CASS,3,false,3
2026,1,7,921,251457,3. Writing and Presenting,3. Writing and Presenting,25.0,25.0,8.5,CASS,4,false,4
2026,1,7,925,251470,1. Listening and speaking,1. Listening and speaking,25.0,30.0,8.5,CASS,1,false,1
2026,1,7,925,251471,2. Reading and viewing,2. Reading and viewing,35.0,30.0,8.5,CASS,2,false,2
2026,1,7,925,251472,4. Language structures & conventions,4. Language structures & conventions,15.0,15.0,7.5,CASS,3,false,3
2026,1,7,925,251473,3. Writing and Presenting,3. Writing and Presenting,25.0,25.0,8.5,CASS,4,false,4
2026,1,7,929,251486,1. Listening and speaking,1. Listening and speaking,25.0,30.0,8.5,CASS,1,false,1
2026,1,7,929,251487,2. Reading and viewing,2. Reading and viewing,35.0,30.0,8.5,CASS,2,false,2
2026,1,7,929,251488,4. Language structures & conventions,4. Language structures & conventions,15.0,15.0,7.5,CASS,3,false,3
2026,1,7,929,251489,3. Writing and Presenting,3. Writing and Presenting,25.0,25.0,8.5,CASS,4,false,4
2026,1,7,933,251502,1. Listening and speaking,1. Listening and speaking,25.0,30.0,8.5,CASS,1,false,1
2026,1,7,933,251503,2. Reading and viewing,2. Reading and viewing,35.0,30.0,8.5,CASS,2,false,2
2026,1,7,933,251504,4. Language structures & conventions,4. Language structures & conventions,15.0,15.0,7.5,CASS,3,false,3
2026,1,7,933,251505,3. Writing and Presenting,3. Writing and Presenting,25.0,25.0,8.5,CASS,4,false,4
2026,1,7,937,251518,1. Listening and speaking,1. Listening and speaking,25.0,30.0,8.5,CASS,1,false,1
2026,1,7,937,251519,2. Reading and viewing,2. Reading and viewing,35.0,30.0,8.5,CASS,2,false,2
2026,1,7,937,251520,4. Language structures & conventions,4. Language structures & conventions,15.0,15.0,7.5,CASS,3,false,3
2026,1,7,937,251521,3. Writing and Presenting,3. Writing and Presenting,25.0,25.0,8.5,CASS,4,false,4
2026,1,7,941,251534,1. Listening and speaking,1. Listening and speaking,25.0,30.0,8.5,CASS,1,false,1
2026,1,7,941,251535,2. Reading and viewing,2. Reading and viewing,35.0,30.0,8.5,CASS,2,false,2
2026,1,7,941,251536,4. Language structures & conventions,4. Language structures & conventions,15.0,15.0,7.5,CASS,3,false,3
2026,1,7,941,251537,3. Writing and Presenting,3. Writing and Presenting,25.0,25.0,8.5,CASS,4,false,4
2026,1,7,945,251550,1. Listening and speaking,1. Listening and speaking,25.0,30.0,8.5,CASS,1,false,1
2026,1,7,945,251551,2. Reading and viewing,2. Reading and viewing,35.0,30.0,8.5,CASS,2,false,2
2026,1,7,945,251552,4. Language structures & conventions,4. Language structures & conventions,15.0,15.0,7.5,CASS,3,false,3
2026,1,7,945,251553,3. Writing and Presenting,3. Writing and Presenting,25.0,25.0,8.5,CASS,4,false,4
2026,1,7,949,251566,1. Listening and speaking,1. Listening and speaking,25.0,30.0,8.5,CASS,1,false,1
2026,1,7,949,251567,2. Reading and viewing,2. Reading and viewing,35.0,30.0,8.5,CASS,2,false,2
2026,1,7,949,251568,4. Language structures & conventions,4. Language structures & conventions,15.0,15.0,7.5,CASS,3,false,3
2026,1,7,949,251569,3. Writing and Presenting,3. Writing and Presenting,25.0,25.0,8.5,CASS,4,false,4
2026,1,7,953,251582,1. Listening and speaking,1. Listening and speaking,25.0,30.0,8.5,CASS,1,false,1
2026,1,7,953,251583,2. Reading and viewing,2. Reading and viewing,35.0,30.0,8.5,CASS,2,false,2
2026,1,7,953,251584,4. Language structures & conventions,4. Language structures & conventions,15.0,15.0,7.5,CASS,3,false,3
2026,1,7,953,251585,3. Writing and Presenting,3. Writing and Presenting,25.0,25.0,8.5,CASS,4,false,4
2026,1,7,965,250221,Practical,Practical,75.0,75.0,22.0,CASS,0,false,1
2026,1,7,965,250222,Theory,Theory,25.0,25.0,11.0,CASS,0,false,2
2026,1,7,969,250039,Practical,Practical,25.0,75.0,22.0,CASS,0,false,1
2026,1,7,969,250040,Theory,Theory,25.0,25.0,11.0,CASS,0,false,2
2026,1,7,973,249991,Practical,Practical,25.0,75.0,22.0,CASS,0,false,1
2026,1,7,973,249992,Theory,Theory,25.0,25.0,11.0,CASS,0,false,2
2026,1,7,977,249637,1,1,50.0,100.0,26.0,CASS,1,false,1
2026,1,7,981,249558,Practical,Practical,25.0,50.0,12.0,CASS,0,false,1
2026,1,7,981,249559,Test,Test,25.0,50.0,8.0,CASS,0,false,2
2026,1,7,1734,254041,1,1,10.0,100.0,25.0,CASS,0,false,1
2026,1,7,1754,253107,1 : Art form 1,1 : Art form 1,25.0,50.0,12.5,CASS,1,false,1
2026,1,7,1754,253108,2 : Art form 2,2 : Art form 2,25.0,50.0,12.5,CASS,2,false,2
2026,1,7,1755,253115,1 : Art form 1,1 : Art form 1,25.0,50.0,12.5,CASS,1,false,1
2026,1,7,1755,253116,2 : Art form 2,2 : Art form 2,25.0,50.0,12.5,CASS,2,false,2
2026,1,7,1756,253123,1 : Art form 1,1 : Art form 1,25.0,50.0,12.5,CASS,1,false,1
2026,1,7,1756,253124,2 : Art form 2,2 : Art form 2,25.0,50.0,12.5,CASS,2,false,2
2026,1,7,1757,253131,1 : Art form 1,1 : Art form 1,25.0,50.0,12.5,CASS,1,false,1
2026,1,7,1757,253132,2 : Art form 2,2 : Art form 2,25.0,50.0,12.5,CASS,2,false,2
2026,1,7,1758,253139,1 : Art form 1,1 : Art form 1,25.0,50.0,12.5,CASS,1,false,1
2026,1,7,1758,253140,2 : Art form 2,2 : Art form 2,25.0,50.0,12.5,CASS,2,false,2
2026,1,7,1759,253147,1 : Art form 1,1 : Art form 1,25.0,50.0,12.5,CASS,1,false,1
2026,1,7,1759,253148,2 : Art form 2,2 : Art form 2,25.0,50.0,12.5,CASS,2,false,2
2026,1,7,1775,254213,1,1,50.0,50.0,14.0,CASS,0,false,1
2026,1,7,1775,254214,2,2,50.0,50.0,14.0,CASS,0,false,2
2026,1,7,1776,254221,1,1,50.0,50.0,14.0,CASS,0,false,1
2026,1,7,1776,254222,2,2,50.0,50.0,14.0,CASS,0,false,2
2026,1,7,1777,254229,1,1,50.0,50.0,14.0,CASS,0,false,1
2026,1,7,1777,254230,2,2,50.0,50.0,14.0,CASS,0,false,2
2026,1,7,1778,254237,1,1,50.0,50.0,14.0,CASS,0,false,1
2026,1,7,1778,254238,2,2,50.0,50.0,14.0,CASS,0,false,2
2026,1,7,1779,254245,1,1,50.0,50.0,14.0,CASS,0,false,1
2026,1,7,1779,254246,2,2,50.0,50.0,14.0,CASS,0,false,2
2026,1,7,1780,254253,1,1,50.0,50.0,14.0,CASS,0,false,1
2026,1,7,1780,254254,2,2,50.0,50.0,14.0,CASS,0,false,2
2026,1,7,1781,254261,1,1,50.0,50.0,14.0,CASS,0,false,1
2026,1,7,1781,254262,2,2,50.0,50.0,14.0,CASS,0,false,2
2026,1,7,1782,254269,1,1,50.0,50.0,14.0,CASS,0,false,1
2026,1,7,1782,254270,2,2,50.0,50.0,14.0,CASS,0,false,2
2026,1,7,1783,254277,1,1,50.0,50.0,14.0,CASS,0,false,1
2026,1,7,1783,254278,2,2,50.0,50.0,14.0,CASS,0,false,2
2026,1,7,1784,254285,1,1,50.0,50.0,14.0,CASS,0,false,1
2026,1,7,1784,254286,2,2,50.0,50.0,14.0,CASS,0,false,2
2026,1,7,1785,254293,1,1,50.0,50.0,14.0,CASS,0,false,1
2026,1,7,1785,254294,2,2,50.0,50.0,14.0,CASS,0,false,2
2026,2,0,16,254076,Listening and speaking,Listening and speaking,3.0,60.0,15.0,CASS,1,false,1
2026,2,0,16,254077,Emergent reading,Emergent reading,3.0,20.0,5.0,CASS,2,false,2
2026,2,0,16,254078,Emergent writing,Emergent writing,3.0,20.0,5.0,CASS,3,false,3
2026,2,0,113,254088,Listening and speaking,Listening and speaking,3.0,60.0,15.0,CASS,1,false,1
2026,2,0,113,254089,Emergent reading,Emergent reading,3.0,20.0,5.0,CASS,2,false,2
2026,2,0,113,254090,Emergent writing,Emergent writing,3.0,20.0,5.0,CASS,3,false,3
2026,2,0,200,254100,Listening and speaking,Listening and speaking,3.0,60.0,15.0,CASS,1,false,1
2026,2,0,200,254101,Emergent reading,Emergent reading,3.0,20.0,5.0,CASS,2,false,2
2026,2,0,200,254102,Emergent writing,Emergent writing,3.0,20.0,5.0,CASS,3,false,3
2026,2,0,234,254112,Listening and speaking,Listening and speaking,3.0,60.0,15.0,CASS,1,false,1
2026,2,0,234,254113,Emergent reading,Emergent reading,3.0,20.0,5.0,CASS,2,false,2
2026,2,0,234,254114,Emergent writing,Emergent writing,3.0,20.0,5.0,CASS,3,false,3
2026,2,0,268,254124,Listening and speaking,Listening and speaking,3.0,60.0,15.0,CASS,1,false,1
2026,2,0,268,254125,Emergent reading,Emergent reading,3.0,20.0,5.0,CASS,2,false,2
2026,2,0,268,254126,Emergent writing,Emergent writing,3.0,20.0,5.0,CASS,3,false,3
2026,2,0,309,253336,Beginning Knowledge & PSW,Beginning Knowledge & PSW,3.0,33.0,8.25,CASS,3,false,1
2026,2,0,309,253337,Creative Arts,Creative Arts,3.0,33.0,8.25,CASS,1,false,2
2026,2,0,309,253338,Physical Education,Physical Education,3.0,34.0,8.5,CASS,2,false,3
2026,2,0,322,253398,"1: Numbers, operations and relationships","1: Numbers, operations and relationships",3.0,65.0,16.25,CASS,1,false,1
2026,2,0,322,253399,"2: Patterns, functions and algebra","2: Patterns, functions and algebra",3.0,10.0,2.5,CASS,2,false,2
2026,2,0,322,253400,3: Space and shape (Geometry),3: Space and shape (Geometry),3.0,11.0,2.75,CASS,3,false,3
2026,2,0,322,253401,4: Measurement,4: Measurement,3.0,9.0,2.25,CASS,4,false,4
2026,2,0,322,253402,5: Data handling,5: Data handling,3.0,5.0,1.25,CASS,5,false,5
2026,2,0,389,254136,Listening and speaking,Listening and speaking,3.0,60.0,15.0,CASS,1,false,1
2026,2,0,389,254137,Emergent reading,Emergent reading,3.0,20.0,5.0,CASS,2,false,2
2026,2,0,389,254138,Emergent writing,Emergent writing,3.0,20.0,5.0,CASS,3,false,3
2026,2,0,442,254148,Listening and speaking,Listening and speaking,3.0,60.0,15.0,CASS,1,false,1
2026,2,0,442,254149,Emergent reading,Emergent reading,3.0,20.0,5.0,CASS,2,false,2
2026,2,0,442,254150,Emergent writing,Emergent writing,3.0,20.0,5.0,CASS,3,false,3
2026,2,0,476,254160,Listening and speaking,Listening and speaking,3.0,60.0,15.0,CASS,1,false,1
2026,2,0,476,254161,Emergent reading,Emergent reading,3.0,20.0,5.0,CASS,2,false,2
2026,2,0,476,254162,Emergent writing,Emergent writing,3.0,20.0,5.0,CASS,3,false,3
2026,2,0,510,254172,Listening and speaking,Listening and speaking,3.0,60.0,15.0,CASS,1,false,1
2026,2,0,510,254173,Emergent reading,Emergent reading,3.0,20.0,5.0,CASS,2,false,2
2026,2,0,510,254174,Emergent writing,Emergent writing,3.0,20.0,5.0,CASS,3,false,3
2026,2,0,592,254184,Listening and speaking,Listening and speaking,3.0,60.0,15.0,CASS,1,false,1
2026,2,0,592,254185,Emergent reading,Emergent reading,3.0,20.0,5.0,CASS,2,false,2
2026,2,0,592,254186,Emergent writing,Emergent writing,3.0,20.0,5.0,CASS,3,false,3
2026,2,0,849,254196,Listening and speaking,Listening and speaking,3.0,60.0,15.0,CASS,1,false,1
2026,2,0,849,254197,Emergent reading,Emergent reading,3.0,20.0,5.0,CASS,2,false,2
2026,2,0,849,254198,Emergent writing,Emergent writing,3.0,20.0,5.0,CASS,3,false,3
2026,2,0,889,253276,Observing and Signing,Observing and Signing,3.0,60.0,10.0,CASS,1,false,1
2026,2,0,889,253277,Emergent reading,Emergent reading,3.0,20.0,8.0,CASS,2,false,2
2026,2,0,889,253278,Emergent recording,Emergent recording,3.0,20.0,7.0,CASS,3,false,3
2026,2,0,1727,254070,2,2,10.0,100.0,25.0,CASS,0,false,1
2026,2,0,1751,254207,General Development,General Development,3.0,50.0,12.5,CASS,0,false,1
2026,2,0,1751,254208,Perceptial Skills,Perceptial Skills,3.0,50.0,12.5,CASS,0,false,2
2026,2,0,1840,254727,3,3,20.0,50.0,12.5,CASS,0,false,1
2026,2,0,1840,254728,4,4,20.0,50.0,12.5,CASS,0,false,2
2026,2,0,1847,254759,3,3,20.0,50.0,12.5,CASS,0,false,1
2026,2,0,1847,254760,4,4,20.0,50.0,12.5,CASS,0,false,2
2026,2,0,1854,254791,3,3,20.0,50.0,12.5,CASS,0,false,1
2026,2,0,1854,254792,4,4,20.0,50.0,12.5,CASS,0,false,2
2026,2,0,1861,254823,3,3,20.0,50.0,12.5,CASS,0,false,1
2026,2,0,1861,254824,4,4,20.0,50.0,12.5,CASS,0,false,2
2026,2,0,1868,254855,3,3,20.0,50.0,12.5,CASS,0,false,1
2026,2,0,1868,254856,4,4,20.0,50.0,12.5,CASS,0,false,2
2026,2,0,1875,254887,3,3,20.0,50.0,12.5,CASS,0,false,1
2026,2,0,1875,254888,4,4,20.0,50.0,12.5,CASS,0,false,2
2026,2,0,1882,254919,3,3,20.0,50.0,12.5,CASS,0,false,1
2026,2,0,1882,254920,4,4,20.0,50.0,12.5,CASS,0,false,2
2026,2,0,1889,254951,3,3,20.0,50.0,12.5,CASS,0,false,1
2026,2,0,1889,254952,4,4,20.0,50.0,12.5,CASS,0,false,2
2026,2,0,1896,254983,3,3,20.0,50.0,12.5,CASS,0,false,1
2026,2,0,1896,254984,4,4,20.0,50.0,12.5,CASS,0,false,2
2026,2,0,1903,255015,3,3,20.0,50.0,12.5,CASS,0,false,1
2026,2,0,1903,255016,4,4,20.0,50.0,12.5,CASS,0,false,2
2026,2,0,1910,255047,3,3,20.0,50.0,12.5,CASS,0,false,1
2026,2,0,1910,255048,4,4,20.0,50.0,12.5,CASS,0,false,2
2026,2,0,1917,255079,3,3,20.0,50.0,12.5,CASS,0,false,1
2026,2,0,1917,255080,4,4,20.0,50.0,12.5,CASS,0,false,2
2026,2,0,1987,255111,3,3,20.0,50.0,12.5,CASS,0,false,1
2026,2,0,1987,255112,4,4,20.0,50.0,12.5,CASS,0,false,2
2026,2,1,4,238766,Listening and speaking,Listening and speaking,10.0,60.0,15.0,CASS,1,false,1
2026,2,1,4,238767,Reading (Phonics and Comprehension),Reading (Phonics and Comprehension),10.0,40.0,10.0,CASS,3,false,2
2026,2,1,17,240122,1: Listening and speaking,1: Listening and speaking,10.0,25.0,6.25,CASS,1,false,1
2026,2,1,17,240123,2: Phonics,2: Phonics,10.0,20.0,5.0,CASS,4,false,2
2026,2,1,17,240124,3: Reading and comprehension,3: Reading and comprehension,10.0,25.0,6.25,CASS,3,false,3
2026,2,1,17,240125,4: Writing,4: Writing,10.0,20.0,5.0,CASS,5,false,4
2026,2,1,17,240126,5: Handwriting,5: Handwriting,5.0,10.0,2.5,CASS,6,false,5
2026,2,1,101,238774,Listening and speaking,Listening and speaking,10.0,60.0,15.0,CASS,1,false,1
2026,2,1,101,238775,Reading (Phonics and Comprehension),Reading (Phonics and Comprehension),10.0,40.0,10.0,CASS,3,false,2
2026,2,1,114,240142,1: Listening and speaking,1: Listening and speaking,10.0,25.0,6.25,CASS,1,false,1
2026,2,1,114,240143,2: Phonics,2: Phonics,10.0,20.0,5.0,CASS,4,false,2
2026,2,1,114,240144,3: Reading and comprehension,3: Reading and comprehension,10.0,25.0,6.25,CASS,3,false,3
2026,2,1,114,240145,4: Writing,4: Writing,10.0,20.0,5.0,CASS,5,false,4
2026,2,1,114,240146,5: Handwriting,5: Handwriting,5.0,10.0,2.5,CASS,6,false,5
2026,2,1,188,238782,Listening and speaking,Listening and speaking,10.0,60.0,15.0,CASS,1,false,1
2026,2,1,188,238783,Reading (Phonics and Comprehension),Reading (Phonics and Comprehension),10.0,40.0,10.0,CASS,3,false,2
2026,2,1,201,240162,1: Listening and speaking,1: Listening and speaking,10.0,25.0,6.25,CASS,1,false,1
2026,2,1,201,240163,2: Phonics,2: Phonics,10.0,20.0,5.0,CASS,4,false,2
2026,2,1,201,240164,3: Reading and comprehension,3: Reading and comprehension,10.0,25.0,6.25,CASS,3,false,3
2026,2,1,201,240165,4: Writing,4: Writing,10.0,20.0,5.0,CASS,5,false,4
2026,2,1,201,240166,5: Handwriting,5: Handwriting,5.0,10.0,2.5,CASS,6,false,5
2026,2,1,222,238790,Listening and speaking,Listening and speaking,10.0,60.0,15.0,CASS,1,false,1
2026,2,1,222,238791,Reading (Phonics and Comprehension),Reading (Phonics and Comprehension),10.0,40.0,10.0,CASS,3,false,2
2026,2,1,235,240182,1: Listening and speaking,1: Listening and speaking,10.0,25.0,6.25,CASS,1,false,1
2026,2,1,235,240183,2: Phonics,2: Phonics,10.0,20.0,5.0,CASS,4,false,2
2026,2,1,235,240184,3: Reading and comprehension,3: Reading and comprehension,10.0,25.0,6.25,CASS,3,false,3
2026,2,1,235,240185,4: Writing,4: Writing,10.0,20.0,5.0,CASS,5,false,4
2026,2,1,235,240186,5: Handwriting,5: Handwriting,5.0,10.0,2.5,CASS,6,false,5
2026,2,1,256,238798,Listening and speaking,Listening and speaking,10.0,60.0,15.0,CASS,1,false,1
2026,2,1,256,238799,Reading (Phonics and Comprehension),Reading (Phonics and Comprehension),10.0,40.0,10.0,CASS,3,false,2
2026,2,1,269,240202,1: Listening and speaking,1: Listening and speaking,10.0,25.0,6.25,CASS,1,false,1
2026,2,1,269,240203,2: Phonics,2: Phonics,10.0,20.0,5.0,CASS,4,false,2
2026,2,1,269,240204,3: Reading and comprehension,3: Reading and comprehension,10.0,25.0,6.25,CASS,3,false,3
2026,2,1,269,240205,4: Writing,4: Writing,10.0,20.0,5.0,CASS,5,false,4
2026,2,1,269,240206,5: Handwriting,5: Handwriting,5.0,10.0,2.5,CASS,6,false,5
2026,2,1,310,248502,Beginning Knowledge & PSW,Beginning Knowledge & PSW,30.0,40.0,10.0,CASS,3,false,1
2026,2,1,310,248503,Creative Arts,Creative Arts,40.0,30.0,7.5,CASS,1,false,2
2026,2,1,310,248504,Physical Education,Physical Education,10.0,30.0,7.5,CASS,2,false,3
2026,2,1,323,249180,"1: Numbers, operations and relationships","1: Numbers, operations and relationships",20.0,65.0,16.25,CASS,1,false,1
2026,2,1,323,249181,"2: Patterns, functions and algebra","2: Patterns, functions and algebra",10.0,10.0,2.5,CASS,2,false,2
2026,2,1,323,249182,3: Space and shape (Geometry),3: Space and shape (Geometry),10.0,11.0,2.75,CASS,3,false,3
2026,2,1,323,249183,4: Measurement,4: Measurement,10.0,9.0,2.25,CASS,4,false,4
2026,2,1,323,249184,5: Data handling,5: Data handling,5.0,5.0,1.25,CASS,5,false,5
2026,2,1,377,238806,Listening and speaking,Listening and speaking,10.0,60.0,15.0,CASS,1,false,1
2026,2,1,377,238807,Reading (Phonics and Comprehension),Reading (Phonics and Comprehension),10.0,40.0,10.0,CASS,3,false,2
2026,2,1,390,240222,1: Listening and speaking,1: Listening and speaking,10.0,25.0,6.25,CASS,1,false,1
2026,2,1,390,240223,2: Phonics,2: Phonics,10.0,20.0,5.0,CASS,4,false,2
2026,2,1,390,240224,3: Reading and comprehension,3: Reading and comprehension,10.0,25.0,6.25,CASS,3,false,3
2026,2,1,390,240225,4: Writing,4: Writing,10.0,20.0,5.0,CASS,5,false,4
2026,2,1,390,240226,5: Handwriting,5: Handwriting,5.0,10.0,2.5,CASS,6,false,5
2026,2,1,430,238814,Listening and speaking,Listening and speaking,10.0,60.0,15.0,CASS,1,false,1
2026,2,1,430,238815,Reading (Phonics and Comprehension),Reading (Phonics and Comprehension),10.0,40.0,10.0,CASS,3,false,2
2026,2,1,443,240242,1: Listening and speaking,1: Listening and speaking,10.0,25.0,6.25,CASS,1,false,1
2026,2,1,443,240243,2: Phonics,2: Phonics,10.0,20.0,5.0,CASS,4,false,2
2026,2,1,443,240244,3: Reading and comprehension,3: Reading and comprehension,10.0,25.0,6.25,CASS,3,false,3
2026,2,1,443,240245,4: Writing,4: Writing,10.0,20.0,5.0,CASS,5,false,4
2026,2,1,443,240246,5: Handwriting,5: Handwriting,5.0,10.0,2.5,CASS,6,false,5
2026,2,1,464,238822,Listening and speaking,Listening and speaking,10.0,60.0,15.0,CASS,1,false,1
2026,2,1,464,238823,Reading (Phonics and Comprehension),Reading (Phonics and Comprehension),10.0,40.0,10.0,CASS,3,false,2
2026,2,1,477,240262,1: Listening and speaking,1: Listening and speaking,10.0,25.0,6.25,CASS,1,false,1
2026,2,1,477,240263,2: Phonics,2: Phonics,10.0,20.0,5.0,CASS,4,false,2
2026,2,1,477,240264,3: Reading and comprehension,3: Reading and comprehension,10.0,25.0,6.25,CASS,3,false,3
2026,2,1,477,240265,4: Writing,4: Writing,10.0,20.0,5.0,CASS,5,false,4
2026,2,1,477,240266,5: Handwriting,5: Handwriting,5.0,10.0,2.5,CASS,6,false,5
2026,2,1,498,238830,Listening and speaking,Listening and speaking,10.0,60.0,15.0,CASS,1,false,1
2026,2,1,498,238831,Reading (Phonics and Comprehension),Reading (Phonics and Comprehension),10.0,40.0,10.0,CASS,3,false,2
2026,2,1,511,240282,1: Listening and speaking,1: Listening and speaking,10.0,25.0,6.25,CASS,1,false,1
2026,2,1,511,240283,2: Phonics,2: Phonics,10.0,20.0,5.0,CASS,4,false,2
2026,2,1,511,240284,3: Reading and comprehension,3: Reading and comprehension,10.0,25.0,6.25,CASS,3,false,3
2026,2,1,511,240285,4: Writing,4: Writing,10.0,20.0,5.0,CASS,5,false,4
2026,2,1,511,240286,5: Handwriting,5: Handwriting,5.0,10.0,2.5,CASS,6,false,5
2026,2,1,580,238838,Listening and speaking,Listening and speaking,10.0,60.0,15.0,CASS,1,false,1
2026,2,1,580,238839,Reading (Phonics and Comprehension),Reading (Phonics and Comprehension),10.0,40.0,10.0,CASS,3,false,2
2026,2,1,593,240302,1: Listening and speaking,1: Listening and speaking,10.0,25.0,6.25,CASS,1,false,1
2026,2,1,593,240303,2: Phonics,2: Phonics,10.0,20.0,5.0,CASS,4,false,2
2026,2,1,593,240304,3: Reading and comprehension,3: Reading and comprehension,10.0,25.0,6.25,CASS,3,false,3
2026,2,1,593,240305,4: Writing,4: Writing,10.0,20.0,5.0,CASS,5,false,4
2026,2,1,593,240306,5: Handwriting,5: Handwriting,5.0,10.0,2.5,CASS,6,false,5
2026,2,1,837,238846,Listening and speaking,Listening and speaking,10.0,60.0,15.0,CASS,1,false,1
2026,2,1,837,238847,Reading (Phonics and Comprehension),Reading (Phonics and Comprehension),10.0,40.0,10.0,CASS,3,false,2
2026,2,1,850,240322,1: Listening and speaking,1: Listening and speaking,10.0,25.0,6.25,CASS,1,false,1
2026,2,1,850,240323,2: Phonics,2: Phonics,10.0,20.0,5.0,CASS,4,false,2
2026,2,1,850,240324,3: Reading and comprehension,3: Reading and comprehension,10.0,25.0,6.25,CASS,3,false,3
2026,2,1,850,240325,4: Writing,4: Writing,10.0,20.0,5.0,CASS,5,false,4
2026,2,1,850,240326,5: Handwriting,5: Handwriting,5.0,10.0,2.5,CASS,6,false,5
2026,2,1,890,240781,1: Observing and Signing,1: Observing and Signing,10.0,27.5,7.0,CASS,1,false,1
2026,2,1,890,240782,2: Phonics,2: Phonics,10.0,22.5,5.5,CASS,4,false,2
2026,2,1,890,240783,3: Reading and comprehension,3: Reading and comprehension,10.0,27.5,7.0,CASS,3,false,3
2026,2,1,890,240784,4: Recording,4: Recording,10.0,22.5,5.5,CASS,5,false,4
2026,2,1,1424,238502,Listening and speaking,Listening and speaking,10.0,50.0,12.5,CASS,1,false,1
2026,2,1,1424,238503,Reading (Phonics and Comprehension),Reading (Phonics and Comprehension),10.0,50.0,12.5,CASS,3,false,2
2026,2,1,1427,238526,Listening and speaking,Listening and speaking,10.0,50.0,12.5,CASS,1,false,1
2026,2,1,1427,238527,Reading (Phonics and Comprehension),Reading (Phonics and Comprehension),10.0,50.0,12.5,CASS,3,false,2
2026,2,1,1430,238550,Listening and speaking,Listening and speaking,10.0,50.0,12.5,CASS,1,false,1
2026,2,1,1430,238551,Reading (Phonics and Comprehension),Reading (Phonics and Comprehension),10.0,50.0,12.5,CASS,3,false,2
2026,2,1,1433,238574,Listening and speaking,Listening and speaking,10.0,50.0,12.5,CASS,1,false,1
2026,2,1,1433,238575,Reading (Phonics and Comprehension),Reading (Phonics and Comprehension),10.0,50.0,12.5,CASS,3,false,2
2026,2,1,1436,238598,Listening and speaking,Listening and speaking,10.0,50.0,12.5,CASS,1,false,1
2026,2,1,1436,238599,Reading (Phonics and Comprehension),Reading (Phonics and Comprehension),10.0,50.0,12.5,CASS,3,false,2
2026,2,1,1439,238622,Listening and speaking,Listening and speaking,10.0,50.0,12.5,CASS,1,false,1
2026,2,1,1439,238623,Reading (Phonics and Comprehension),Reading (Phonics and Comprehension),10.0,50.0,12.5,CASS,3,false,2
2026,2,1,1442,238646,Listening and speaking,Listening and speaking,10.0,50.0,12.5,CASS,1,false,1
2026,2,1,1442,238647,Reading (Phonics and Comprehension),Reading (Phonics and Comprehension),10.0,50.0,12.5,CASS,3,false,2
2026,2,1,1445,238670,Listening and speaking,Listening and speaking,10.0,50.0,12.5,CASS,1,false,1
2026,2,1,1445,238671,Reading (Phonics and Comprehension),Reading (Phonics and Comprehension),10.0,50.0,12.5,CASS,3,false,2
2026,2,1,1448,238694,Listening and speaking,Listening and speaking,10.0,50.0,12.5,CASS,1,false,1
2026,2,1,1448,238695,Reading (Phonics and Comprehension),Reading (Phonics and Comprehension),10.0,50.0,12.5,CASS,3,false,2
2026,2,1,1451,238718,Listening and speaking,Listening and speaking,10.0,50.0,12.5,CASS,1,false,1
2026,2,1,1451,238719,Reading (Phonics and Comprehension),Reading (Phonics and Comprehension),10.0,50.0,12.5,CASS,3,false,2
2026,2,1,1454,238742,Listening and speaking,Listening and speaking,10.0,50.0,12.5,CASS,1,false,1
2026,2,1,1454,238743,Reading (Phonics and Comprehension),Reading (Phonics and Comprehension),10.0,50.0,12.5,CASS,3,false,2
2026,2,1,1728,254066,2,2,10.0,100.0,25.0,CASS,0,false,1
2026,2,1,1737,253596,Listening and speaking,Listening and speaking,3.0,60.0,10.0,CASS,1,false,1
2026,2,1,1737,253597,Emergent reading,Emergent reading,3.0,20.0,7.0,CASS,2,false,2
2026,2,1,1737,253598,Emergent writing,Emergent writing,3.0,20.0,8.0,CASS,3,false,3
2026,2,1,1738,253716,Listening and speaking,Listening and speaking,3.0,60.0,10.0,CASS,1,false,1
2026,2,1,1738,253717,Emergent reading,Emergent reading,3.0,20.0,7.0,CASS,2,false,2
2026,2,1,1738,253718,Emergent writing,Emergent writing,3.0,20.0,8.0,CASS,3,false,3
2026,2,1,1739,253704,Listening and speaking,Listening and speaking,3.0,60.0,10.0,CASS,1,false,1
2026,2,1,1739,253705,Emergent reading,Emergent reading,3.0,20.0,7.0,CASS,2,false,2
2026,2,1,1739,253706,Emergent writing,Emergent writing,3.0,20.0,8.0,CASS,3,false,3
2026,2,1,1740,253692,Listening and speaking,Listening and speaking,3.0,60.0,10.0,CASS,1,false,1
2026,2,1,1740,253693,Emergent reading,Emergent reading,3.0,20.0,7.0,CASS,2,false,2
2026,2,1,1740,253694,Emergent writing,Emergent writing,3.0,20.0,8.0,CASS,3,false,3
2026,2,1,1741,253680,Listening and speaking,Listening and speaking,3.0,60.0,10.0,CASS,1,false,1
2026,2,1,1741,253681,Emergent reading,Emergent reading,3.0,20.0,7.0,CASS,2,false,2
2026,2,1,1741,253682,Emergent writing,Emergent writing,3.0,20.0,8.0,CASS,3,false,3
2026,2,1,1742,253384,Beginning Knowledge & PSW,Beginning Knowledge & PSW,3.0,33.0,8.25,CASS,3,false,1
2026,2,1,1742,253385,Creative Arts,Creative Arts,3.0,33.0,8.25,CASS,1,false,2
2026,2,1,1742,253386,Physical Education,Physical Education,3.0,34.0,8.5,CASS,2,false,3
2026,2,1,1743,253727,"1: Numbers, operations and relationships","1: Numbers, operations and relationships",3.0,50.0,15.0,CASS,1,false,1
2026,2,1,1743,253728,3: Space and shape (Geometry),3: Space and shape (Geometry),3.0,50.0,10.0,CASS,3,false,2
2026,2,1,1744,253668,Listening and speaking,Listening and speaking,3.0,60.0,10.0,CASS,1,false,1
2026,2,1,1744,253669,Emergent reading,Emergent reading,3.0,20.0,7.0,CASS,2,false,2
2026,2,1,1744,253670,Emergent writing,Emergent writing,3.0,20.0,8.0,CASS,3,false,3
2026,2,1,1745,253656,Listening and speaking,Listening and speaking,3.0,60.0,10.0,CASS,1,false,1
2026,2,1,1745,253657,Emergent reading,Emergent reading,3.0,20.0,7.0,CASS,2,false,2
2026,2,1,1745,253658,Emergent writing,Emergent writing,3.0,20.0,8.0,CASS,3,false,3
2026,2,1,1746,253644,Listening and speaking,Listening and speaking,3.0,60.0,10.0,CASS,1,false,1
2026,2,1,1746,253645,Emergent reading,Emergent reading,3.0,20.0,7.0,CASS,2,false,2
2026,2,1,1746,253646,Emergent writing,Emergent writing,3.0,20.0,8.0,CASS,3,false,3
2026,2,1,1747,253632,Listening and speaking,Listening and speaking,3.0,60.0,10.0,CASS,1,false,1
2026,2,1,1747,253633,Emergent reading,Emergent reading,3.0,20.0,7.0,CASS,2,false,2
2026,2,1,1747,253634,Emergent writing,Emergent writing,3.0,20.0,8.0,CASS,3,false,3
2026,2,1,1748,253620,Listening and speaking,Listening and speaking,3.0,60.0,10.0,CASS,1,false,1
2026,2,1,1748,253621,Emergent reading,Emergent reading,3.0,20.0,7.0,CASS,2,false,2
2026,2,1,1748,253622,Emergent writing,Emergent writing,3.0,20.0,8.0,CASS,3,false,3
2026,2,1,1749,253608,Listening and speaking,Listening and speaking,3.0,60.0,10.0,CASS,1,false,1
2026,2,1,1749,253609,Emergent reading,Emergent reading,3.0,20.0,7.0,CASS,2,false,2
2026,2,1,1749,253610,Emergent writing,Emergent writing,3.0,20.0,8.0,CASS,3,false,3
2026,2,1,1750,253324,Observing and Signing,Observing and Signing,3.0,60.0,10.0,CASS,1,false,1
2026,2,1,1750,253325,Emergent reading,Emergent reading,3.0,20.0,8.0,CASS,2,false,2
2026,2,1,1750,253326,Emergent recording,Emergent recording,3.0,20.0,7.0,CASS,3,false,3
2026,2,1,1774,258078,Home language,Home language,20.0,50.0,0,CASS,0,false,1
2026,2,1,1774,258079,Mathematics,Mathematics,20.0,50.0,0,CASS,0,false,2
2026,2,1,1841,254735,3,3,20.0,50.0,12.5,CASS,0,false,1
2026,2,1,1841,254736,4,4,20.0,50.0,12.5,CASS,0,false,2
2026,2,1,1848,254767,3,3,20.0,50.0,12.5,CASS,0,false,1
2026,2,1,1848,254768,4,4,20.0,50.0,12.5,CASS,0,false,2
2026,2,1,1855,254799,3,3,20.0,50.0,12.5,CASS,0,false,1
2026,2,1,1855,254800,4,4,20.0,50.0,12.5,CASS,0,false,2
2026,2,1,1862,254831,3,3,20.0,50.0,12.5,CASS,0,false,1
2026,2,1,1862,254832,4,4,20.0,50.0,12.5,CASS,0,false,2
2026,2,1,1869,254863,3,3,20.0,50.0,12.5,CASS,0,false,1
2026,2,1,1869,254864,4,4,20.0,50.0,12.5,CASS,0,false,2
2026,2,1,1876,254895,3,3,20.0,50.0,12.5,CASS,0,false,1
2026,2,1,1876,254896,4,4,20.0,50.0,12.5,CASS,0,false,2
2026,2,1,1883,254927,3,3,20.0,50.0,12.5,CASS,0,false,1
2026,2,1,1883,254928,4,4,20.0,50.0,12.5,CASS,0,false,2
2026,2,1,1890,254959,3,3,20.0,50.0,12.5,CASS,0,false,1
2026,2,1,1890,254960,4,4,20.0,50.0,12.5,CASS,0,false,2
2026,2,1,1897,254991,3,3,20.0,50.0,12.5,CASS,0,false,1
2026,2,1,1897,254992,4,4,20.0,50.0,12.5,CASS,0,false,2
2026,2,1,1904,255023,3,3,20.0,50.0,12.5,CASS,0,false,1
2026,2,1,1904,255024,4,4,20.0,50.0,12.5,CASS,0,false,2
2026,2,1,1911,255055,3,3,20.0,50.0,12.5,CASS,0,false,1
2026,2,1,1911,255056,4,4,20.0,50.0,12.5,CASS,0,false,2
2026,2,1,1918,255087,3,3,20.0,50.0,12.5,CASS,0,false,1
2026,2,1,1918,255088,4,4,20.0,50.0,12.5,CASS,0,false,2
2026,2,1,1988,255119,3,3,20.0,50.0,12.5,CASS,0,false,1
2026,2,1,1988,255120,4,4,20.0,50.0,12.5,CASS,0,false,2
2026,2,2,5,239032,1: Listening and speaking,1: Listening and speaking,30.0,50.0,12.5,CASS,1,false,1
2026,2,2,5,239033,2: Phonics,2: Phonics,30.0,20.0,5.0,CASS,4,false,2
2026,2,2,5,239034,3: Reading and comprehension,3: Reading and comprehension,30.0,25.0,6.25,CASS,8,false,3
2026,2,2,5,239035,4: Writing,4: Writing,20.0,5.0,1.25,CASS,5,false,4
2026,2,2,18,240831,1: Listening and speaking,1: Listening and speaking,10.0,20.0,5.0,CASS,1,false,1
2026,2,2,18,240832,2: Phonics,2: Phonics,10.0,20.0,5.0,CASS,4,false,2
2026,2,2,18,240833,3: Reading and comprehension,3: Reading and comprehension,10.0,25.0,6.25,CASS,3,false,3
2026,2,2,18,240834,4: Writing,4: Writing,10.0,25.0,6.25,CASS,5,false,4
2026,2,2,18,240835,5: Handwriting,5: Handwriting,5.0,10.0,2.5,CASS,6,false,5
2026,2,2,102,239048,1: Listening and speaking,1: Listening and speaking,30.0,50.0,12.5,CASS,1,false,1
2026,2,2,102,239049,2: Phonics,2: Phonics,30.0,20.0,5.0,CASS,4,false,2
2026,2,2,102,239050,3: Reading and comprehension,3: Reading and comprehension,30.0,25.0,6.25,CASS,8,false,3
2026,2,2,102,239051,4: Writing,4: Writing,20.0,5.0,1.25,CASS,5,false,4
2026,2,2,115,240852,1: Listening and speaking,1: Listening and speaking,10.0,20.0,5.0,CASS,1,false,1
2026,2,2,115,240853,2: Phonics,2: Phonics,10.0,20.0,5.0,CASS,4,false,2
2026,2,2,115,240854,3: Reading and comprehension,3: Reading and comprehension,10.0,25.0,6.25,CASS,3,false,3
2026,2,2,115,240855,4: Writing,4: Writing,10.0,25.0,6.25,CASS,5,false,4
2026,2,2,115,240856,5: Handwriting,5: Handwriting,5.0,10.0,2.5,CASS,6,false,5
2026,2,2,189,239064,1: Listening and speaking,1: Listening and speaking,30.0,50.0,12.5,CASS,1,false,1
2026,2,2,189,239065,2: Phonics,2: Phonics,30.0,20.0,5.0,CASS,4,false,2
2026,2,2,189,239066,3: Reading and comprehension,3: Reading and comprehension,30.0,25.0,6.25,CASS,8,false,3
2026,2,2,189,239067,4: Writing,4: Writing,20.0,5.0,1.25,CASS,5,false,4
2026,2,2,202,240873,1: Listening and speaking,1: Listening and speaking,10.0,20.0,5.0,CASS,1,false,1
2026,2,2,202,240874,2: Phonics,2: Phonics,10.0,20.0,5.0,CASS,4,false,2
2026,2,2,202,240875,3: Reading and comprehension,3: Reading and comprehension,10.0,25.0,6.25,CASS,3,false,3
2026,2,2,202,240876,4: Writing,4: Writing,10.0,25.0,6.25,CASS,5,false,4
2026,2,2,202,240877,5: Handwriting,5: Handwriting,5.0,10.0,2.5,CASS,6,false,5
2026,2,2,223,239080,1: Listening and speaking,1: Listening and speaking,30.0,50.0,12.5,CASS,1,false,1
2026,2,2,223,239081,2: Phonics,2: Phonics,30.0,20.0,5.0,CASS,4,false,2
2026,2,2,223,239082,3: Reading and comprehension,3: Reading and comprehension,30.0,25.0,6.25,CASS,8,false,3
2026,2,2,223,239083,4: Writing,4: Writing,20.0,5.0,1.25,CASS,5,false,4
2026,2,2,236,240894,1: Listening and speaking,1: Listening and speaking,10.0,20.0,5.0,CASS,1,false,1
2026,2,2,236,240895,2: Phonics,2: Phonics,10.0,20.0,5.0,CASS,4,false,2
2026,2,2,236,240896,3: Reading and comprehension,3: Reading and comprehension,10.0,25.0,6.25,CASS,3,false,3
2026,2,2,236,240897,4: Writing,4: Writing,10.0,25.0,6.25,CASS,5,false,4
2026,2,2,236,240898,5: Handwriting,5: Handwriting,5.0,10.0,2.5,CASS,6,false,5
2026,2,2,257,239096,1: Listening and speaking,1: Listening and speaking,30.0,50.0,12.5,CASS,1,false,1
2026,2,2,257,239097,2: Phonics,2: Phonics,30.0,20.0,5.0,CASS,4,false,2
2026,2,2,257,239098,3: Reading and comprehension,3: Reading and comprehension,30.0,25.0,6.25,CASS,8,false,3
2026,2,2,257,239099,4: Writing,4: Writing,20.0,5.0,1.25,CASS,5,false,4
2026,2,2,270,240915,1: Listening and speaking,1: Listening and speaking,10.0,20.0,5.0,CASS,1,false,1
2026,2,2,270,240916,2: Phonics,2: Phonics,10.0,20.0,5.0,CASS,4,false,2
2026,2,2,270,240917,3: Reading and comprehension,3: Reading and comprehension,10.0,25.0,6.25,CASS,3,false,3
2026,2,2,270,240918,4: Writing,4: Writing,10.0,25.0,6.25,CASS,5,false,4
2026,2,2,270,240919,5: Handwriting,5: Handwriting,5.0,10.0,2.5,CASS,6,false,5
2026,2,2,311,248514,Beginning Knowledge & PSW,Beginning Knowledge & PSW,30.0,40.0,10.0,CASS,3,false,1
2026,2,2,311,248515,Creative Arts,Creative Arts,40.0,30.0,7.5,CASS,1,false,2
2026,2,2,311,248516,Physical Education,Physical Education,10.0,30.0,7.5,CASS,2,false,3
2026,2,2,324,249201,"1: Numbers, operations and relationships","1: Numbers, operations and relationships",20.0,60.0,15.0,CASS,1,false,1
2026,2,2,324,249202,"2: Patterns, functions and algebra","2: Patterns, functions and algebra",10.0,10.0,2.5,CASS,2,false,2
2026,2,2,324,249203,3: Space and shape (Geometry),3: Space and shape (Geometry),10.0,13.0,3.25,CASS,3,false,3
2026,2,2,324,249204,4: Measurement,4: Measurement,10.0,12.0,3.0,CASS,4,false,4
2026,2,2,324,249205,5: Data handling,5: Data handling,5.0,5.0,1.25,CASS,5,false,5
2026,2,2,378,239112,1: Listening and speaking,1: Listening and speaking,30.0,50.0,12.5,CASS,1,false,1
2026,2,2,378,239113,2: Phonics,2: Phonics,30.0,20.0,5.0,CASS,4,false,2
2026,2,2,378,239114,3: Reading and comprehension,3: Reading and comprehension,30.0,25.0,6.25,CASS,8,false,3
2026,2,2,378,239115,4: Writing,4: Writing,20.0,5.0,1.25,CASS,5,false,4
2026,2,2,391,240936,1: Listening and speaking,1: Listening and speaking,10.0,20.0,5.0,CASS,1,false,1
2026,2,2,391,240937,2: Phonics,2: Phonics,10.0,20.0,5.0,CASS,4,false,2
2026,2,2,391,240938,3: Reading and comprehension,3: Reading and comprehension,10.0,25.0,6.25,CASS,3,false,3
2026,2,2,391,240939,4: Writing,4: Writing,10.0,25.0,6.25,CASS,5,false,4
2026,2,2,391,240940,5: Handwriting,5: Handwriting,5.0,10.0,2.5,CASS,6,false,5
2026,2,2,431,239128,1: Listening and speaking,1: Listening and speaking,30.0,50.0,12.5,CASS,1,false,1
2026,2,2,431,239129,2: Phonics,2: Phonics,30.0,20.0,5.0,CASS,4,false,2
2026,2,2,431,239130,3: Reading and comprehension,3: Reading and comprehension,30.0,25.0,6.25,CASS,8,false,3
2026,2,2,431,239131,4: Writing,4: Writing,20.0,5.0,1.25,CASS,5,false,4
2026,2,2,444,240957,1: Listening and speaking,1: Listening and speaking,10.0,20.0,5.0,CASS,1,false,1
2026,2,2,444,240958,2: Phonics,2: Phonics,10.0,20.0,5.0,CASS,4,false,2
2026,2,2,444,240959,3: Reading and comprehension,3: Reading and comprehension,10.0,25.0,6.25,CASS,3,false,3
2026,2,2,444,240960,4: Writing,4: Writing,10.0,25.0,6.25,CASS,5,false,4
2026,2,2,444,240961,5: Handwriting,5: Handwriting,5.0,10.0,2.5,CASS,6,false,5
2026,2,2,465,239144,1: Listening and speaking,1: Listening and speaking,30.0,50.0,12.5,CASS,1,false,1
2026,2,2,465,239145,2: Phonics,2: Phonics,30.0,20.0,5.0,CASS,4,false,2
2026,2,2,465,239146,3: Reading and comprehension,3: Reading and comprehension,30.0,25.0,6.25,CASS,8,false,3
2026,2,2,465,239147,4: Writing,4: Writing,20.0,5.0,1.25,CASS,5,false,4
2026,2,2,478,240978,1: Listening and speaking,1: Listening and speaking,10.0,20.0,5.0,CASS,1,false,1
2026,2,2,478,240979,2: Phonics,2: Phonics,10.0,20.0,5.0,CASS,4,false,2
2026,2,2,478,240980,3: Reading and comprehension,3: Reading and comprehension,10.0,25.0,6.25,CASS,3,false,3
2026,2,2,478,240981,4: Writing,4: Writing,10.0,25.0,6.25,CASS,5,false,4
2026,2,2,478,240982,5: Handwriting,5: Handwriting,5.0,10.0,2.5,CASS,6,false,5
2026,2,2,499,239160,1: Listening and speaking,1: Listening and speaking,30.0,50.0,12.5,CASS,1,false,1
2026,2,2,499,239161,2: Phonics,2: Phonics,30.0,20.0,5.0,CASS,4,false,2
2026,2,2,499,239162,3: Reading and comprehension,3: Reading and comprehension,30.0,25.0,6.25,CASS,8,false,3
2026,2,2,499,239163,4: Writing,4: Writing,20.0,5.0,1.25,CASS,5,false,4
2026,2,2,512,240999,1: Listening and speaking,1: Listening and speaking,10.0,20.0,5.0,CASS,1,false,1
2026,2,2,512,241000,2: Phonics,2: Phonics,10.0,20.0,5.0,CASS,4,false,2
2026,2,2,512,241001,3: Reading and comprehension,3: Reading and comprehension,10.0,25.0,6.25,CASS,3,false,3
2026,2,2,512,241002,4: Writing,4: Writing,10.0,25.0,6.25,CASS,5,false,4
2026,2,2,512,241003,5: Handwriting,5: Handwriting,5.0,10.0,2.5,CASS,6,false,5
2026,2,2,581,239176,1: Listening and speaking,1: Listening and speaking,30.0,50.0,12.5,CASS,1,false,1
2026,2,2,581,239177,2: Phonics,2: Phonics,30.0,20.0,5.0,CASS,4,false,2
2026,2,2,581,239178,3: Reading and comprehension,3: Reading and comprehension,30.0,25.0,6.25,CASS,8,false,3
2026,2,2,581,239179,4: Writing,4: Writing,20.0,5.0,1.25,CASS,5,false,4
2026,2,2,594,241020,1: Listening and speaking,1: Listening and speaking,10.0,20.0,5.0,CASS,1,false,1
2026,2,2,594,241021,2: Phonics,2: Phonics,10.0,20.0,5.0,CASS,4,false,2
2026,2,2,594,241022,3: Reading and comprehension,3: Reading and comprehension,10.0,25.0,6.25,CASS,3,false,3
2026,2,2,594,241023,4: Writing,4: Writing,10.0,25.0,6.25,CASS,5,false,4
2026,2,2,594,241024,5: Handwriting,5: Handwriting,5.0,10.0,2.5,CASS,6,false,5
2026,2,2,838,239192,1: Listening and speaking,1: Listening and speaking,30.0,50.0,12.5,CASS,1,false,1
2026,2,2,838,239193,2: Phonics,2: Phonics,30.0,20.0,5.0,CASS,4,false,2
2026,2,2,838,239194,3: Reading and comprehension,3: Reading and comprehension,30.0,25.0,6.25,CASS,8,false,3
2026,2,2,838,239195,4: Writing,4: Writing,20.0,5.0,1.25,CASS,5,false,4
2026,2,2,851,241041,1: Listening and speaking,1: Listening and speaking,10.0,20.0,5.0,CASS,1,false,1
2026,2,2,851,241042,2: Phonics,2: Phonics,10.0,20.0,5.0,CASS,4,false,2
2026,2,2,851,241043,3: Reading and comprehension,3: Reading and comprehension,10.0,25.0,6.25,CASS,3,false,3
2026,2,2,851,241044,4: Writing,4: Writing,10.0,25.0,6.25,CASS,5,false,4
2026,2,2,851,241045,5: Handwriting,5: Handwriting,5.0,10.0,2.5,CASS,6,false,5
2026,2,2,891,241523,1: Observing and Signing,1: Observing and Signing,10.0,22.5,5.5,CASS,1,false,1
2026,2,2,891,241524,2: Phonics,2: Phonics,10.0,22.5,5.5,CASS,4,false,2
2026,2,2,891,241525,3: Reading and comprehension,3: Reading and comprehension,10.0,27.5,7.0,CASS,2,false,3
2026,2,2,891,241526,4: Recording,4: Recording,10.0,27.5,7.0,CASS,5,false,4
2026,2,2,1425,238510,Listening and speaking,Listening and speaking,10.0,50.0,12.5,CASS,1,false,1
2026,2,2,1425,238511,Reading (Phonics and Comprehension),Reading (Phonics and Comprehension),10.0,50.0,12.5,CASS,3,false,2
2026,2,2,1428,238534,Listening and speaking,Listening and speaking,10.0,50.0,12.5,CASS,1,false,1
2026,2,2,1428,238535,Reading (Phonics and Comprehension),Reading (Phonics and Comprehension),10.0,50.0,12.5,CASS,3,false,2
2026,2,2,1431,238558,Listening and speaking,Listening and speaking,10.0,50.0,12.5,CASS,1,false,1
2026,2,2,1431,238559,Reading (Phonics and Comprehension),Reading (Phonics and Comprehension),10.0,50.0,12.5,CASS,3,false,2
2026,2,2,1434,238582,Listening and speaking,Listening and speaking,10.0,50.0,12.5,CASS,1,false,1
2026,2,2,1434,238583,Reading (Phonics and Comprehension),Reading (Phonics and Comprehension),10.0,50.0,12.5,CASS,3,false,2
2026,2,2,1437,238606,Listening and speaking,Listening and speaking,10.0,50.0,12.5,CASS,1,false,1
2026,2,2,1437,238607,Reading (Phonics and Comprehension),Reading (Phonics and Comprehension),10.0,50.0,12.5,CASS,3,false,2
2026,2,2,1440,238630,Listening and speaking,Listening and speaking,10.0,50.0,12.5,CASS,1,false,1
2026,2,2,1440,238631,Reading (Phonics and Comprehension),Reading (Phonics and Comprehension),10.0,50.0,12.5,CASS,3,false,2
2026,2,2,1443,238654,Listening and speaking,Listening and speaking,10.0,50.0,12.5,CASS,1,false,1
2026,2,2,1443,238655,Reading (Phonics and Comprehension),Reading (Phonics and Comprehension),10.0,50.0,12.5,CASS,3,false,2
2026,2,2,1446,238678,Listening and speaking,Listening and speaking,10.0,50.0,12.5,CASS,1,false,1
2026,2,2,1446,238679,Reading (Phonics and Comprehension),Reading (Phonics and Comprehension),10.0,50.0,12.5,CASS,3,false,2
2026,2,2,1449,238702,Listening and speaking,Listening and speaking,10.0,50.0,12.5,CASS,1,false,1
2026,2,2,1449,238703,Reading (Phonics and Comprehension),Reading (Phonics and Comprehension),10.0,50.0,12.5,CASS,3,false,2
2026,2,2,1452,238726,Listening and speaking,Listening and speaking,10.0,50.0,12.5,CASS,1,false,1
2026,2,2,1452,238727,Reading (Phonics and Comprehension),Reading (Phonics and Comprehension),10.0,50.0,12.5,CASS,3,false,2
2026,2,2,1455,238750,Listening and speaking,Listening and speaking,10.0,50.0,12.5,CASS,1,false,1
2026,2,2,1455,238751,Reading (Phonics and Comprehension),Reading (Phonics and Comprehension),10.0,50.0,12.5,CASS,3,false,2
2026,2,2,1729,254062,2,2,10.0,100.0,25.0,CASS,0,false,1
2026,2,2,1842,254743,3,3,20.0,50.0,12.5,CASS,0,false,1
2026,2,2,1842,254744,4,4,20.0,50.0,12.5,CASS,0,false,2
2026,2,2,1849,254775,3,3,20.0,50.0,12.5,CASS,0,false,1
2026,2,2,1849,254776,4,4,20.0,50.0,12.5,CASS,0,false,2
2026,2,2,1856,254807,3,3,20.0,50.0,12.5,CASS,0,false,1
2026,2,2,1856,254808,4,4,20.0,50.0,12.5,CASS,0,false,2
2026,2,2,1863,254839,3,3,20.0,50.0,12.5,CASS,0,false,1
2026,2,2,1863,254840,4,4,20.0,50.0,12.5,CASS,0,false,2
2026,2,2,1870,254871,3,3,20.0,50.0,12.5,CASS,0,false,1
2026,2,2,1870,254872,4,4,20.0,50.0,12.5,CASS,0,false,2
2026,2,2,1877,254903,3,3,20.0,50.0,12.5,CASS,0,false,1
2026,2,2,1877,254904,4,4,20.0,50.0,12.5,CASS,0,false,2
2026,2,2,1884,254935,3,3,20.0,50.0,12.5,CASS,0,false,1
2026,2,2,1884,254936,4,4,20.0,50.0,12.5,CASS,0,false,2
2026,2,2,1891,254967,3,3,20.0,50.0,12.5,CASS,0,false,1
2026,2,2,1891,254968,4,4,20.0,50.0,12.5,CASS,0,false,2
2026,2,2,1898,254999,3,3,20.0,50.0,12.5,CASS,0,false,1
2026,2,2,1898,255000,4,4,20.0,50.0,12.5,CASS,0,false,2
2026,2,2,1905,255031,3,3,20.0,50.0,12.5,CASS,0,false,1
2026,2,2,1905,255032,4,4,20.0,50.0,12.5,CASS,0,false,2
2026,2,2,1912,255063,3,3,20.0,50.0,12.5,CASS,0,false,1
2026,2,2,1912,255064,4,4,20.0,50.0,12.5,CASS,0,false,2
2026,2,2,1919,255095,3,3,20.0,50.0,12.5,CASS,0,false,1
2026,2,2,1919,255096,4,4,20.0,50.0,12.5,CASS,0,false,2
2026,2,2,1989,255127,3,3,20.0,50.0,12.5,CASS,0,false,1
2026,2,2,1989,255128,4,4,20.0,50.0,12.5,CASS,0,false,2
2026,2,3,6,239561,1: Listening and speaking,1: Listening and speaking,10.0,40.0,10.0,CASS,1,false,1
2026,2,3,6,239562,2: Phonics,2: Phonics,30.0,20.0,5.0,CASS,4,false,2
2026,2,3,6,239563,3: Reading and comprehension,3: Reading and comprehension,20.0,30.0,7.5,CASS,8,false,3
2026,2,3,6,239564,4: Writing,4: Writing,20.0,10.0,2.5,CASS,5,false,4
2026,2,3,19,241575,1: Listening and speaking,1: Listening and speaking,10.0,15.0,3.75,CASS,1,false,1
2026,2,3,19,241576,2: Phonics,2: Phonics,10.0,20.0,5.0,CASS,4,false,2
2026,2,3,19,241577,3: Reading and comprehension,3: Reading and comprehension,10.0,25.0,6.25,CASS,3,false,3
2026,2,3,19,241578,4: Writing,4: Writing,10.0,30.0,7.5,CASS,5,false,4
2026,2,3,19,241579,5: Handwriting,5: Handwriting,5.0,10.0,2.5,CASS,6,false,5
2026,2,3,103,239578,1: Listening and speaking,1: Listening and speaking,10.0,40.0,10.0,CASS,1,false,1
2026,2,3,103,239579,2: Phonics,2: Phonics,30.0,20.0,5.0,CASS,4,false,2
2026,2,3,103,239580,3: Reading and comprehension,3: Reading and comprehension,20.0,30.0,7.5,CASS,8,false,3
2026,2,3,103,239581,4: Writing,4: Writing,20.0,10.0,2.5,CASS,5,false,4
2026,2,3,116,241596,1: Listening and speaking,1: Listening and speaking,10.0,15.0,3.75,CASS,1,false,1
2026,2,3,116,241597,2: Phonics,2: Phonics,10.0,20.0,5.0,CASS,4,false,2
2026,2,3,116,241598,3: Reading and comprehension,3: Reading and comprehension,10.0,25.0,6.25,CASS,3,false,3
2026,2,3,116,241599,4: Writing,4: Writing,10.0,30.0,7.5,CASS,5,false,4
2026,2,3,116,241600,5: Handwriting,5: Handwriting,5.0,10.0,2.5,CASS,6,false,5
2026,2,3,190,239595,1: Listening and speaking,1: Listening and speaking,10.0,40.0,10.0,CASS,1,false,1
2026,2,3,190,239596,2: Phonics,2: Phonics,30.0,20.0,5.0,CASS,4,false,2
2026,2,3,190,239597,3: Reading and comprehension,3: Reading and comprehension,20.0,30.0,7.5,CASS,8,false,3
2026,2,3,190,239598,4: Writing,4: Writing,20.0,10.0,2.5,CASS,5,false,4
2026,2,3,203,241617,1: Listening and speaking,1: Listening and speaking,10.0,15.0,3.75,CASS,1,false,1
2026,2,3,203,241618,2: Phonics,2: Phonics,10.0,20.0,5.0,CASS,4,false,2
2026,2,3,203,241619,3: Reading and comprehension,3: Reading and comprehension,10.0,25.0,6.25,CASS,3,false,3
2026,2,3,203,241620,4: Writing,4: Writing,10.0,30.0,7.5,CASS,5,false,4
2026,2,3,203,241621,5: Handwriting,5: Handwriting,5.0,10.0,2.5,CASS,6,false,5
2026,2,3,224,239612,1: Listening and speaking,1: Listening and speaking,10.0,40.0,10.0,CASS,1,false,1
2026,2,3,224,239613,2: Phonics,2: Phonics,30.0,20.0,5.0,CASS,4,false,2
2026,2,3,224,239614,3: Reading and comprehension,3: Reading and comprehension,20.0,30.0,7.5,CASS,8,false,3
2026,2,3,224,239615,4: Writing,4: Writing,20.0,10.0,2.5,CASS,5,false,4
2026,2,3,237,241638,1: Listening and speaking,1: Listening and speaking,10.0,15.0,3.75,CASS,1,false,1
2026,2,3,237,241639,2: Phonics,2: Phonics,10.0,20.0,5.0,CASS,4,false,2
2026,2,3,237,241640,3: Reading and comprehension,3: Reading and comprehension,10.0,25.0,6.25,CASS,3,false,3
2026,2,3,237,241641,4: Writing,4: Writing,10.0,30.0,7.5,CASS,5,false,4
2026,2,3,237,241642,5: Handwriting,5: Handwriting,5.0,10.0,2.5,CASS,6,false,5
2026,2,3,258,239629,1: Listening and speaking,1: Listening and speaking,10.0,40.0,10.0,CASS,1,false,1
2026,2,3,258,239630,2: Phonics,2: Phonics,30.0,20.0,5.0,CASS,4,false,2
2026,2,3,258,239631,3: Reading and comprehension,3: Reading and comprehension,20.0,30.0,7.5,CASS,8,false,3
2026,2,3,258,239632,4: Writing,4: Writing,20.0,10.0,2.5,CASS,5,false,4
2026,2,3,271,241659,1: Listening and speaking,1: Listening and speaking,10.0,15.0,3.75,CASS,1,false,1
2026,2,3,271,241660,2: Phonics,2: Phonics,10.0,20.0,5.0,CASS,4,false,2
2026,2,3,271,241661,3: Reading and comprehension,3: Reading and comprehension,10.0,25.0,6.25,CASS,3,false,3
2026,2,3,271,241662,4: Writing,4: Writing,10.0,30.0,7.5,CASS,5,false,4
2026,2,3,271,241663,5: Handwriting,5: Handwriting,5.0,10.0,2.5,CASS,6,false,5
2026,2,3,312,248526,Beginning Knowledge & PSW,Beginning Knowledge & PSW,30.0,40.0,10.0,CASS,3,false,1
2026,2,3,312,248527,Creative Arts,Creative Arts,40.0,30.0,7.5,CASS,1,false,2
2026,2,3,312,248528,Physical Education,Physical Education,10.0,30.0,7.5,CASS,2,false,3
2026,2,3,325,249222,"1: Numbers, operations and relationships","1: Numbers, operations and relationships",20.0,58.0,14.5,CASS,1,false,1
2026,2,3,325,249223,"2: Patterns, functions and algebra","2: Patterns, functions and algebra",10.0,10.0,2.5,CASS,2,false,2
2026,2,3,325,249224,3: Space and shape (Geometry),3: Space and shape (Geometry),10.0,13.0,3.25,CASS,3,false,3
2026,2,3,325,249225,4: Measurement,4: Measurement,10.0,14.0,3.5,CASS,4,false,4
2026,2,3,325,249226,5: Data handling,5: Data handling,5.0,5.0,1.25,CASS,5,false,5
2026,2,3,379,239646,1: Listening and speaking,1: Listening and speaking,10.0,40.0,10.0,CASS,1,false,1
2026,2,3,379,239647,2: Phonics,2: Phonics,30.0,20.0,5.0,CASS,4,false,2
2026,2,3,379,239648,3: Reading and comprehension,3: Reading and comprehension,20.0,30.0,7.5,CASS,8,false,3
2026,2,3,379,239649,4: Writing,4: Writing,20.0,10.0,2.5,CASS,5,false,4
2026,2,3,392,241680,1: Listening and speaking,1: Listening and speaking,10.0,15.0,3.75,CASS,1,false,1
2026,2,3,392,241681,2: Phonics,2: Phonics,10.0,20.0,5.0,CASS,4,false,2
2026,2,3,392,241682,3: Reading and comprehension,3: Reading and comprehension,10.0,25.0,6.25,CASS,3,false,3
2026,2,3,392,241683,4: Writing,4: Writing,10.0,30.0,7.5,CASS,5,false,4
2026,2,3,392,241684,5: Handwriting,5: Handwriting,5.0,10.0,2.5,CASS,6,false,5
2026,2,3,432,239663,1: Listening and speaking,1: Listening and speaking,10.0,40.0,10.0,CASS,1,false,1
2026,2,3,432,239664,2: Phonics,2: Phonics,30.0,20.0,5.0,CASS,4,false,2
2026,2,3,432,239665,3: Reading and comprehension,3: Reading and comprehension,20.0,30.0,7.5,CASS,8,false,3
2026,2,3,432,239666,4: Writing,4: Writing,20.0,10.0,2.5,CASS,5,false,4
2026,2,3,445,241701,1: Listening and speaking,1: Listening and speaking,10.0,15.0,3.75,CASS,1,false,1
2026,2,3,445,241702,2: Phonics,2: Phonics,10.0,20.0,5.0,CASS,4,false,2
2026,2,3,445,241703,3: Reading and comprehension,3: Reading and comprehension,10.0,25.0,6.25,CASS,3,false,3
2026,2,3,445,241704,4: Writing,4: Writing,10.0,30.0,7.5,CASS,5,false,4
2026,2,3,445,241705,5: Handwriting,5: Handwriting,5.0,10.0,2.5,CASS,6,false,5
2026,2,3,466,239680,1: Listening and speaking,1: Listening and speaking,10.0,40.0,10.0,CASS,1,false,1
2026,2,3,466,239681,2: Phonics,2: Phonics,30.0,20.0,5.0,CASS,4,false,2
2026,2,3,466,239682,3: Reading and comprehension,3: Reading and comprehension,20.0,30.0,7.5,CASS,8,false,3
2026,2,3,466,239683,4: Writing,4: Writing,20.0,10.0,2.5,CASS,5,false,4
2026,2,3,479,241722,1: Listening and speaking,1: Listening and speaking,10.0,15.0,3.75,CASS,1,false,1
2026,2,3,479,241723,2: Phonics,2: Phonics,10.0,20.0,5.0,CASS,4,false,2
2026,2,3,479,241724,3: Reading and comprehension,3: Reading and comprehension,10.0,25.0,6.25,CASS,3,false,3
2026,2,3,479,241725,4: Writing,4: Writing,10.0,30.0,7.5,CASS,5,false,4
2026,2,3,479,241726,5: Handwriting,5: Handwriting,5.0,10.0,2.5,CASS,6,false,5
2026,2,3,500,239697,1: Listening and speaking,1: Listening and speaking,10.0,40.0,10.0,CASS,1,false,1
2026,2,3,500,239698,2: Phonics,2: Phonics,30.0,20.0,5.0,CASS,4,false,2
2026,2,3,500,239699,3: Reading and comprehension,3: Reading and comprehension,20.0,30.0,7.5,CASS,8,false,3
2026,2,3,500,239700,4: Writing,4: Writing,20.0,10.0,2.5,CASS,5,false,4
2026,2,3,513,241743,1: Listening and speaking,1: Listening and speaking,10.0,15.0,3.75,CASS,1,false,1
2026,2,3,513,241744,2: Phonics,2: Phonics,10.0,20.0,5.0,CASS,4,false,2
2026,2,3,513,241745,3: Reading and comprehension,3: Reading and comprehension,10.0,25.0,6.25,CASS,3,false,3
2026,2,3,513,241746,4: Writing,4: Writing,10.0,30.0,7.5,CASS,5,false,4
2026,2,3,513,241747,5: Handwriting,5: Handwriting,5.0,10.0,2.5,CASS,6,false,5
2026,2,3,582,239714,1: Listening and speaking,1: Listening and speaking,10.0,40.0,10.0,CASS,1,false,1
2026,2,3,582,239715,2: Phonics,2: Phonics,30.0,20.0,5.0,CASS,4,false,2
2026,2,3,582,239716,3: Reading and comprehension,3: Reading and comprehension,20.0,30.0,7.5,CASS,8,false,3
2026,2,3,582,239717,4: Writing,4: Writing,20.0,10.0,2.5,CASS,5,false,4
2026,2,3,595,241764,1: Listening and speaking,1: Listening and speaking,10.0,15.0,3.75,CASS,1,false,1
2026,2,3,595,241765,2: Phonics,2: Phonics,10.0,20.0,5.0,CASS,4,false,2
2026,2,3,595,241766,3: Reading and comprehension,3: Reading and comprehension,10.0,25.0,6.25,CASS,3,false,3
2026,2,3,595,241767,4: Writing,4: Writing,10.0,30.0,7.5,CASS,5,false,4
2026,2,3,595,241768,5: Handwriting,5: Handwriting,5.0,10.0,2.5,CASS,6,false,5
2026,2,3,839,239731,1: Listening and speaking,1: Listening and speaking,10.0,40.0,10.0,CASS,1,false,1
2026,2,3,839,239732,2: Phonics,2: Phonics,30.0,20.0,5.0,CASS,4,false,2
2026,2,3,839,239733,3: Reading and comprehension,3: Reading and comprehension,20.0,30.0,7.5,CASS,8,false,3
2026,2,3,839,239734,4: Writing,4: Writing,20.0,10.0,2.5,CASS,5,false,4
2026,2,3,852,241785,1: Listening and speaking,1: Listening and speaking,10.0,15.0,3.75,CASS,1,false,1
2026,2,3,852,241786,2: Phonics,2: Phonics,10.0,20.0,5.0,CASS,4,false,2
2026,2,3,852,241787,3: Reading and comprehension,3: Reading and comprehension,10.0,25.0,6.25,CASS,3,false,3
2026,2,3,852,241788,4: Writing,4: Writing,10.0,30.0,7.5,CASS,5,false,4
2026,2,3,852,241789,5: Handwriting,5: Handwriting,5.0,10.0,2.5,CASS,6,false,5
2026,2,3,892,242267,1: Observing and Signing,1: Observing and Signing,10.0,17.5,4.38,CASS,1,false,1
2026,2,3,892,242268,2: Phonics,2: Phonics,10.0,22.5,5.62,CASS,4,false,2
2026,2,3,892,242269,3: Reading and comprehension,3: Reading and comprehension,10.0,27.5,6.88,CASS,2,false,3
2026,2,3,892,242270,4: Recording,4: Recording,10.0,32.5,8.12,CASS,5,false,4
2026,2,3,1426,238518,Listening and speaking,Listening and speaking,10.0,50.0,12.5,CASS,1,false,1
2026,2,3,1426,238519,Reading (Phonics and Comprehension),Reading (Phonics and Comprehension),10.0,50.0,12.5,CASS,3,false,2
2026,2,3,1429,238542,Listening and speaking,Listening and speaking,10.0,50.0,12.5,CASS,1,false,1
2026,2,3,1429,238543,Reading (Phonics and Comprehension),Reading (Phonics and Comprehension),10.0,50.0,12.5,CASS,3,false,2
2026,2,3,1432,238566,Listening and speaking,Listening and speaking,10.0,50.0,12.5,CASS,1,false,1
2026,2,3,1432,238567,Reading (Phonics and Comprehension),Reading (Phonics and Comprehension),10.0,50.0,12.5,CASS,3,false,2
2026,2,3,1435,238590,Listening and speaking,Listening and speaking,10.0,50.0,12.5,CASS,1,false,1
2026,2,3,1435,238591,Reading (Phonics and Comprehension),Reading (Phonics and Comprehension),10.0,50.0,12.5,CASS,3,false,2
2026,2,3,1438,238614,Listening and speaking,Listening and speaking,10.0,50.0,12.5,CASS,1,false,1
2026,2,3,1438,238615,Reading (Phonics and Comprehension),Reading (Phonics and Comprehension),10.0,50.0,12.5,CASS,3,false,2
2026,2,3,1441,238638,Listening and speaking,Listening and speaking,10.0,50.0,12.5,CASS,1,false,1
2026,2,3,1441,238639,Reading (Phonics and Comprehension),Reading (Phonics and Comprehension),10.0,50.0,12.5,CASS,3,false,2
2026,2,3,1444,238662,Listening and speaking,Listening and speaking,10.0,50.0,12.5,CASS,1,false,1
2026,2,3,1444,238663,Reading (Phonics and Comprehension),Reading (Phonics and Comprehension),10.0,50.0,12.5,CASS,3,false,2
2026,2,3,1447,238686,Listening and speaking,Listening and speaking,10.0,50.0,12.5,CASS,1,false,1
2026,2,3,1447,238687,Reading (Phonics and Comprehension),Reading (Phonics and Comprehension),10.0,50.0,12.5,CASS,3,false,2
2026,2,3,1450,238710,Listening and speaking,Listening and speaking,10.0,50.0,12.5,CASS,1,false,1
2026,2,3,1450,238711,Reading (Phonics and Comprehension),Reading (Phonics and Comprehension),10.0,50.0,12.5,CASS,3,false,2
2026,2,3,1453,238734,Listening and speaking,Listening and speaking,10.0,50.0,12.5,CASS,1,false,1
2026,2,3,1453,238735,Reading (Phonics and Comprehension),Reading (Phonics and Comprehension),10.0,50.0,12.5,CASS,3,false,2
2026,2,3,1456,238758,Listening and speaking,Listening and speaking,10.0,50.0,12.5,CASS,1,false,1
2026,2,3,1456,238759,Reading (Phonics and Comprehension),Reading (Phonics and Comprehension),10.0,50.0,12.5,CASS,3,false,2
2026,2,3,1730,254058,2,2,10.0,100.0,25.0,CASS,0,false,1
2026,2,3,1843,254751,3,3,20.0,50.0,12.5,CASS,0,false,1
2026,2,3,1843,254752,4,4,20.0,50.0,12.5,CASS,0,false,2
2026,2,3,1850,254783,3,3,20.0,50.0,12.5,CASS,0,false,1
2026,2,3,1850,254784,4,4,20.0,50.0,12.5,CASS,0,false,2
2026,2,3,1857,254815,3,3,20.0,50.0,12.5,CASS,0,false,1
2026,2,3,1857,254816,4,4,20.0,50.0,12.5,CASS,0,false,2
2026,2,3,1864,254847,3,3,20.0,50.0,12.5,CASS,0,false,1
2026,2,3,1864,254848,4,4,20.0,50.0,12.5,CASS,0,false,2
2026,2,3,1871,254879,3,3,20.0,50.0,12.5,CASS,0,false,1
2026,2,3,1871,254880,4,4,20.0,50.0,12.5,CASS,0,false,2
2026,2,3,1878,254911,3,3,20.0,50.0,12.5,CASS,0,false,1
2026,2,3,1878,254912,4,4,20.0,50.0,12.5,CASS,0,false,2
2026,2,3,1885,254943,3,3,20.0,50.0,12.5,CASS,0,false,1
2026,2,3,1885,254944,4,4,20.0,50.0,12.5,CASS,0,false,2
2026,2,3,1892,254975,3,3,20.0,50.0,12.5,CASS,0,false,1
2026,2,3,1892,254976,4,4,20.0,50.0,12.5,CASS,0,false,2
2026,2,3,1899,255007,3,3,20.0,50.0,12.5,CASS,0,false,1
2026,2,3,1899,255008,4,4,20.0,50.0,12.5,CASS,0,false,2
2026,2,3,1906,255039,3,3,20.0,50.0,12.5,CASS,0,false,1
2026,2,3,1906,255040,4,4,20.0,50.0,12.5,CASS,0,false,2
2026,2,3,1913,255071,3,3,20.0,50.0,12.5,CASS,0,false,1
2026,2,3,1913,255072,4,4,20.0,50.0,12.5,CASS,0,false,2
2026,2,3,1920,255103,3,3,20.0,50.0,12.5,CASS,0,false,1
2026,2,3,1920,255104,4,4,20.0,50.0,12.5,CASS,0,false,2
2026,2,3,1990,255135,3,3,20.0,50.0,12.5,CASS,0,false,1
2026,2,3,1990,255136,4,4,20.0,50.0,12.5,CASS,0,false,2
2026,2,4,7,242556,1: Oral,1: Oral,20.0,28.58,11.8,CASS,0,false,1
2026,2,4,7,242557,4: Transactional writing,4: Transactional writing,10.0,14.28,5.9,CASS,0,false,2
2026,2,4,7,242558,5: Response to texts,5: Response to texts,40.0,57.14,23.5,CASS,0,false,3
2026,2,4,20,242316,1: Oral,1: Oral,20.0,28.58,11.8,CASS,0,false,1
2026,2,4,20,242317,4: Transactional writing,4: Transactional writing,10.0,14.28,5.9,CASS,0,false,2
2026,2,4,20,242318,5: Response to texts,5: Response to texts,40.0,57.14,23.5,CASS,0,false,3
2026,2,4,29,246516,Writing,Writing,10.0,100.0,33.0,CASS,0,false,1
2026,2,4,104,242566,1: Oral,1: Oral,20.0,28.58,11.8,CASS,0,false,1
2026,2,4,104,242567,4: Transactional writing,4: Transactional writing,10.0,14.28,5.9,CASS,0,false,2
2026,2,4,104,242568,5: Response to texts,5: Response to texts,40.0,57.14,23.5,CASS,0,false,3
2026,2,4,117,242326,1: Oral,1: Oral,20.0,28.58,11.8,CASS,0,false,1
2026,2,4,117,242327,4: Transactional writing,4: Transactional writing,10.0,14.28,5.9,CASS,0,false,2
2026,2,4,117,242328,5: Response to texts,5: Response to texts,40.0,57.14,23.5,CASS,0,false,3
2026,2,4,126,246520,Writing,Writing,10.0,100.0,33.0,CASS,0,false,1
2026,2,4,148,246524,Writing,Writing,10.0,100.0,33.0,CASS,0,false,1
2026,2,4,191,242576,1: Oral,1: Oral,20.0,28.58,11.8,CASS,0,false,1
2026,2,4,191,242577,4: Transactional writing,4: Transactional writing,10.0,14.28,5.9,CASS,0,false,2
2026,2,4,191,242578,5: Response to texts,5: Response to texts,40.0,57.14,23.5,CASS,0,false,3
2026,2,4,204,242356,1: Oral,1: Oral,20.0,28.58,11.8,CASS,0,false,1
2026,2,4,204,242357,4: Transactional writing,4: Transactional writing,10.0,14.28,5.9,CASS,0,false,2
2026,2,4,204,242358,5: Response to texts,5: Response to texts,40.0,57.14,23.5,CASS,0,false,3
2026,2,4,213,246528,Writing,Writing,10.0,100.0,33.0,CASS,0,false,1
2026,2,4,225,242586,1: Oral,1: Oral,20.0,28.58,11.8,CASS,0,false,1
2026,2,4,225,242587,4: Transactional writing,4: Transactional writing,10.0,14.28,5.9,CASS,0,false,2
2026,2,4,225,242588,5: Response to texts,5: Response to texts,40.0,57.14,23.5,CASS,0,false,3
2026,2,4,238,242336,1: Oral,1: Oral,20.0,28.58,11.8,CASS,0,false,1
2026,2,4,238,242337,4: Transactional writing,4: Transactional writing,10.0,14.28,5.9,CASS,0,false,2
2026,2,4,238,242338,5: Response to texts,5: Response to texts,40.0,57.14,23.5,CASS,0,false,3
2026,2,4,247,246532,Writing,Writing,10.0,100.0,33.0,CASS,0,false,1
2026,2,4,259,242596,1: Oral,1: Oral,20.0,28.58,11.8,CASS,0,false,1
2026,2,4,259,242597,4: Transactional writing,4: Transactional writing,10.0,14.28,5.9,CASS,0,false,2
2026,2,4,259,242598,5: Response to texts,5: Response to texts,40.0,57.14,23.5,CASS,0,false,3
2026,2,4,272,242346,1: Oral,1: Oral,20.0,28.58,11.8,CASS,0,false,1
2026,2,4,272,242347,4: Transactional writing,4: Transactional writing,10.0,14.28,5.9,CASS,0,false,2
2026,2,4,272,242348,5: Response to texts,5: Response to texts,40.0,57.14,23.5,CASS,0,false,3
2026,2,4,281,246536,Writing,Writing,10.0,100.0,33.0,CASS,0,false,1
2026,2,4,313,248538,Personal & Social Wellbeing,Personal & Social Wellbeing,30.0,30.0,10.25,CASS,3,false,1
2026,2,4,313,248539,Creative Arts,Creative Arts,40.0,40.0,13.0,CASS,1,false,2
2026,2,4,313,248540,Physical Education,Physical Education,30.0,30.0,10.25,CASS,2,false,3
2026,2,4,326,248574,3,3,25.0,50.0,15.0,CASS,0,false,1
2026,2,4,326,248575,4: Test,4: Test,25.0,50.0,20.0,CASS,0,false,2
2026,2,4,354,249270,3: Prac Task/ Investigation,3: Prac Task/ Investigation,15.0,40.0,12.5,CASS,0,false,1
2026,2,4,354,249271,4: Test,4: Test,20.0,60.0,25.0,CASS,0,false,2
2026,2,4,380,242606,1: Oral,1: Oral,20.0,28.58,11.8,CASS,0,false,1
2026,2,4,380,242607,4: Transactional writing,4: Transactional writing,10.0,14.28,5.9,CASS,0,false,2
2026,2,4,380,242608,5: Response to texts,5: Response to texts,40.0,57.14,23.5,CASS,0,false,3
2026,2,4,393,242366,1: Oral,1: Oral,20.0,28.58,11.8,CASS,0,false,1
2026,2,4,393,242367,4: Transactional writing,4: Transactional writing,10.0,14.28,5.9,CASS,0,false,2
2026,2,4,393,242368,5: Response to texts,5: Response to texts,40.0,57.14,23.5,CASS,0,false,3
2026,2,4,402,246540,Writing,Writing,10.0,100.0,33.0,CASS,0,false,1
2026,2,4,412,242376,1: Oral,1: Oral,20.0,28.58,11.8,CASS,0,false,1
2026,2,4,412,242377,4: Transactional writing,4: Transactional writing,10.0,14.28,5.9,CASS,0,false,2
2026,2,4,412,242378,5: Response to texts,5: Response to texts,40.0,57.14,23.5,CASS,0,false,3
2026,2,4,421,246544,Writing,Writing,10.0,100.0,33.0,CASS,0,false,1
2026,2,4,433,242616,1: Oral,1: Oral,20.0,28.58,11.8,CASS,0,false,1
2026,2,4,433,242617,4: Transactional writing,4: Transactional writing,10.0,14.28,5.9,CASS,0,false,2
2026,2,4,433,242618,5: Response to texts,5: Response to texts,40.0,57.14,23.5,CASS,0,false,3
2026,2,4,446,242386,1: Oral,1: Oral,20.0,28.58,11.8,CASS,0,false,1
2026,2,4,446,242387,4: Transactional writing,4: Transactional writing,10.0,14.28,5.9,CASS,0,false,2
2026,2,4,446,242388,5: Response to texts,5: Response to texts,40.0,57.14,23.5,CASS,0,false,3
2026,2,4,455,246548,Writing,Writing,10.0,100.0,33.0,CASS,0,false,1
2026,2,4,467,242626,1: Oral,1: Oral,20.0,28.58,11.8,CASS,0,false,1
2026,2,4,467,242627,4: Transactional writing,4: Transactional writing,10.0,14.28,5.9,CASS,0,false,2
2026,2,4,467,242628,5: Response to texts,5: Response to texts,40.0,57.14,23.5,CASS,0,false,3
2026,2,4,480,242396,1: Oral,1: Oral,20.0,28.58,11.8,CASS,0,false,1
2026,2,4,480,242397,4: Transactional writing,4: Transactional writing,10.0,14.28,5.9,CASS,0,false,2
2026,2,4,480,242398,5: Response to texts,5: Response to texts,40.0,57.14,23.5,CASS,0,false,3
2026,2,4,489,246552,Writing,Writing,10.0,100.0,33.0,CASS,0,false,1
2026,2,4,501,242636,1: Oral,1: Oral,20.0,28.58,11.8,CASS,0,false,1
2026,2,4,501,242637,4: Transactional writing,4: Transactional writing,10.0,14.28,5.9,CASS,0,false,2
2026,2,4,501,242638,5: Response to texts,5: Response to texts,40.0,57.14,23.5,CASS,0,false,3
2026,2,4,514,242406,1: Oral,1: Oral,20.0,28.58,11.8,CASS,0,false,1
2026,2,4,514,242407,4: Transactional writing,4: Transactional writing,10.0,14.28,5.9,CASS,0,false,2
2026,2,4,514,242408,5: Response to texts,5: Response to texts,40.0,57.14,23.5,CASS,0,false,3
2026,2,4,523,246556,Writing,Writing,10.0,100.0,33.0,CASS,0,false,1
2026,2,4,532,248790,3 : Geography,3 : Geography,25.0,50.0,20.0,CASS,1,false,1
2026,2,4,532,248791,4 : History,4 : History,25.0,50.0,20.0,CASS,2,false,2
2026,2,4,583,242646,1: Oral,1: Oral,20.0,28.58,11.8,CASS,0,false,1
2026,2,4,583,242647,4: Transactional writing,4: Transactional writing,10.0,14.28,5.9,CASS,0,false,2
2026,2,4,583,242648,5: Response to texts,5: Response to texts,40.0,57.14,23.5,CASS,0,false,3
2026,2,4,596,242416,1: Oral,1: Oral,20.0,28.58,11.8,CASS,0,false,1
2026,2,4,596,242417,4: Transactional writing,4: Transactional writing,10.0,14.28,5.9,CASS,0,false,2
2026,2,4,596,242418,5: Response to texts,5: Response to texts,40.0,57.14,23.5,CASS,0,false,3
2026,2,4,605,246560,Writing,Writing,10.0,100.0,33.0,CASS,0,false,1
2026,2,4,840,242656,1: Oral,1: Oral,20.0,28.58,11.8,CASS,0,false,1
2026,2,4,840,242657,4: Transactional writing,4: Transactional writing,10.0,14.28,5.9,CASS,0,false,2
2026,2,4,840,242658,5: Response to texts,5: Response to texts,40.0,57.14,23.5,CASS,0,false,3
2026,2,4,853,242426,1: Oral,1: Oral,20.0,28.58,11.8,CASS,0,false,1
2026,2,4,853,242427,4: Transactional writing,4: Transactional writing,10.0,14.28,5.9,CASS,0,false,2
2026,2,4,853,242428,5: Response to texts,5: Response to texts,40.0,57.14,23.5,CASS,0,false,3
2026,2,4,862,246564,Writing,Writing,10.0,100.0,33.0,CASS,0,false,1
2026,2,4,877,246568,Writing,Writing,10.0,100.0,33.0,CASS,0,false,1
2026,2,4,893,244096,Observing and Signing 1,Observing and Signing 1,20.0,28.58,11.8,CASS,0,false,1
2026,2,4,893,244097,4: Transactional recording,4: Transactional recording,10.0,14.28,5.9,CASS,0,false,2
2026,2,4,893,244098,5: Response to texts,5: Response to texts,40.0,57.14,23.5,CASS,0,false,3
2026,2,4,1731,254054,2,2,10.0,100.0,25.0,CASS,0,false,1
2026,2,4,1844,255143,3,3,40.0,50.0,12.5,CASS,0,false,1
2026,2,4,1844,255144,4,4,40.0,50.0,12.5,CASS,0,false,2
2026,2,4,1851,255167,3,3,40.0,50.0,12.5,CASS,0,false,1
2026,2,4,1851,255168,4,4,40.0,50.0,12.5,CASS,0,false,2
2026,2,4,1858,255191,3,3,40.0,50.0,12.5,CASS,0,false,1
2026,2,4,1858,255192,4,4,40.0,50.0,12.5,CASS,0,false,2
2026,2,4,1865,255215,3,3,40.0,50.0,12.5,CASS,0,false,1
2026,2,4,1865,255216,4,4,40.0,50.0,12.5,CASS,0,false,2
2026,2,4,1872,255239,3,3,40.0,50.0,12.5,CASS,0,false,1
2026,2,4,1872,255240,4,4,40.0,50.0,12.5,CASS,0,false,2
2026,2,4,1879,255263,3,3,40.0,50.0,12.5,CASS,0,false,1
2026,2,4,1879,255264,4,4,40.0,50.0,12.5,CASS,0,false,2
2026,2,4,1886,255287,3,3,40.0,50.0,12.5,CASS,0,false,1
2026,2,4,1886,255288,4,4,40.0,50.0,12.5,CASS,0,false,2
2026,2,4,1893,255311,3,3,40.0,50.0,12.5,CASS,0,false,1
2026,2,4,1893,255312,4,4,40.0,50.0,12.5,CASS,0,false,2
2026,2,4,1900,255359,3,3,40.0,50.0,12.5,CASS,0,false,1
2026,2,4,1900,255360,4,4,40.0,50.0,12.5,CASS,0,false,2
2026,2,4,1907,255335,3,3,40.0,50.0,12.5,CASS,0,false,1
2026,2,4,1907,255336,4,4,40.0,50.0,12.5,CASS,0,false,2
2026,2,4,1914,255383,3,3,40.0,50.0,12.5,CASS,0,false,1
2026,2,4,1914,255384,4,4,40.0,50.0,12.5,CASS,0,false,2
2026,2,4,1921,255407,3,3,40.0,50.0,12.5,CASS,0,false,1
2026,2,4,1921,255408,4,4,40.0,50.0,12.5,CASS,0,false,2
2026,2,4,1991,255431,3,3,40.0,50.0,12.5,CASS,0,false,1
2026,2,4,1991,255432,4,4,40.0,50.0,12.5,CASS,0,false,2
2026,2,5,8,242666,1: Oral,1: Oral,20.0,28.58,11.8,CASS,0,false,1
2026,2,5,8,242667,4: Transactional writing,4: Transactional writing,10.0,14.28,5.9,CASS,0,false,2
2026,2,5,8,242668,5: Response to texts,5: Response to texts,40.0,57.14,23.5,CASS,0,false,3
2026,2,5,21,242436,1: Oral,1: Oral,20.0,28.58,11.8,CASS,0,false,1
2026,2,5,21,242437,4: Transactional writing,4: Transactional writing,10.0,14.28,5.9,CASS,0,false,2
2026,2,5,21,242438,5: Response to texts,5: Response to texts,40.0,57.14,23.5,CASS,0,false,3
2026,2,5,30,246572,Writing,Writing,10.0,100.0,33.0,CASS,0,false,1
2026,2,5,105,242676,1: Oral,1: Oral,20.0,28.58,11.8,CASS,0,false,1
2026,2,5,105,242677,4: Transactional writing,4: Transactional writing,10.0,14.28,5.9,CASS,0,false,2
2026,2,5,105,242678,5: Response to texts,5: Response to texts,40.0,57.14,23.5,CASS,0,false,3
2026,2,5,118,242446,1: Oral,1: Oral,20.0,28.58,11.8,CASS,0,false,1
2026,2,5,118,242447,4: Transactional writing,4: Transactional writing,10.0,14.28,5.9,CASS,0,false,2
2026,2,5,118,242448,5: Response to texts,5: Response to texts,40.0,57.14,23.5,CASS,0,false,3
2026,2,5,127,246576,Writing,Writing,10.0,100.0,33.0,CASS,0,false,1
2026,2,5,149,246580,Writing,Writing,10.0,100.0,33.0,CASS,0,false,1
2026,2,5,192,242686,1: Oral,1: Oral,20.0,28.58,11.8,CASS,0,false,1
2026,2,5,192,242687,4: Transactional writing,4: Transactional writing,10.0,14.28,5.9,CASS,0,false,2
2026,2,5,192,242688,5: Response to texts,5: Response to texts,40.0,57.14,23.5,CASS,0,false,3
2026,2,5,205,242456,1: Oral,1: Oral,20.0,28.58,11.8,CASS,0,false,1
2026,2,5,205,242457,4: Transactional writing,4: Transactional writing,10.0,14.28,5.9,CASS,0,false,2
2026,2,5,205,242458,5: Response to texts,5: Response to texts,40.0,57.14,23.5,CASS,0,false,3
2026,2,5,214,246584,Writing,Writing,10.0,100.0,33.0,CASS,0,false,1
2026,2,5,226,242696,1: Oral,1: Oral,20.0,28.58,11.8,CASS,0,false,1
2026,2,5,226,242697,4: Transactional writing,4: Transactional writing,10.0,14.28,5.9,CASS,0,false,2
2026,2,5,226,242698,5: Response to texts,5: Response to texts,40.0,57.14,23.5,CASS,0,false,3
2026,2,5,239,242466,1: Oral,1: Oral,20.0,28.58,11.8,CASS,0,false,1
2026,2,5,239,242467,4: Transactional writing,4: Transactional writing,10.0,14.28,5.9,CASS,0,false,2
2026,2,5,239,242468,5: Response to texts,5: Response to texts,40.0,57.14,23.5,CASS,0,false,3
2026,2,5,248,246588,Writing,Writing,10.0,100.0,33.0,CASS,0,false,1
2026,2,5,260,242706,1: Oral,1: Oral,20.0,28.58,11.8,CASS,0,false,1
2026,2,5,260,242707,4: Transactional writing,4: Transactional writing,10.0,14.28,5.9,CASS,0,false,2
2026,2,5,260,242708,5: Response to texts,5: Response to texts,40.0,57.14,23.5,CASS,0,false,3
2026,2,5,273,242476,1: Oral,1: Oral,20.0,28.58,11.8,CASS,0,false,1
2026,2,5,273,242477,4: Transactional writing,4: Transactional writing,10.0,14.28,5.9,CASS,0,false,2
2026,2,5,273,242478,5: Response to texts,5: Response to texts,40.0,57.14,23.5,CASS,0,false,3
2026,2,5,282,246592,Writing,Writing,10.0,100.0,33.0,CASS,0,false,1
2026,2,5,314,248550,Personal & Social Wellbeing,Personal & Social Wellbeing,30.0,30.0,10.25,CASS,3,false,1
2026,2,5,314,248551,Creative Arts,Creative Arts,40.0,40.0,13.0,CASS,1,false,2
2026,2,5,314,248552,Physical Education,Physical Education,30.0,30.0,10.25,CASS,2,false,3
2026,2,5,327,248582,3,3,25.0,50.0,15.0,CASS,0,false,1
2026,2,5,327,248583,4: Test,4: Test,30.0,50.0,20.0,CASS,0,false,2
2026,2,5,355,249277,3: Prac Task/ Investigation,3: Prac Task/ Investigation,15.0,40.0,12.5,CASS,0,false,1
2026,2,5,355,249278,4: Test,4: Test,20.0,60.0,25.0,CASS,0,false,2
2026,2,5,381,242716,1: Oral,1: Oral,20.0,28.58,11.8,CASS,0,false,1
2026,2,5,381,242717,4: Transactional writing,4: Transactional writing,10.0,14.28,5.9,CASS,0,false,2
2026,2,5,381,242718,5: Response to texts,5: Response to texts,40.0,57.14,23.5,CASS,0,false,3
2026,2,5,394,242486,1: Oral,1: Oral,20.0,28.58,11.8,CASS,0,false,1
2026,2,5,394,242487,4: Transactional writing,4: Transactional writing,10.0,14.28,5.9,CASS,0,false,2
2026,2,5,394,242488,5: Response to texts,5: Response to texts,40.0,57.14,23.5,CASS,0,false,3
2026,2,5,403,246596,Writing,Writing,10.0,100.0,33.0,CASS,0,false,1
2026,2,5,413,242496,1: Oral,1: Oral,20.0,28.58,11.8,CASS,0,false,1
2026,2,5,413,242497,4: Transactional writing,4: Transactional writing,10.0,14.28,5.9,CASS,0,false,2
2026,2,5,413,242498,5: Response to texts,5: Response to texts,40.0,57.14,23.5,CASS,0,false,3
2026,2,5,422,246600,Writing,Writing,10.0,100.0,33.0,CASS,0,false,1
2026,2,5,434,242726,1: Oral,1: Oral,20.0,28.58,11.8,CASS,0,false,1
2026,2,5,434,242727,4: Transactional writing,4: Transactional writing,10.0,14.28,5.9,CASS,0,false,2
2026,2,5,434,242728,5: Response to texts,5: Response to texts,40.0,57.14,23.5,CASS,0,false,3
2026,2,5,447,242506,1: Oral,1: Oral,20.0,28.58,11.8,CASS,0,false,1
2026,2,5,447,242507,4: Transactional writing,4: Transactional writing,10.0,14.28,5.9,CASS,0,false,2
2026,2,5,447,242508,5: Response to texts,5: Response to texts,40.0,57.14,23.5,CASS,0,false,3
2026,2,5,456,246604,Writing,Writing,10.0,100.0,33.0,CASS,0,false,1
2026,2,5,468,242736,1: Oral,1: Oral,20.0,28.58,11.8,CASS,0,false,1
2026,2,5,468,242737,4: Transactional writing,4: Transactional writing,10.0,14.28,5.9,CASS,0,false,2
2026,2,5,468,242738,5: Response to texts,5: Response to texts,40.0,57.14,23.5,CASS,0,false,3
2026,2,5,481,242516,1: Oral,1: Oral,20.0,28.58,11.8,CASS,0,false,1
2026,2,5,481,242517,4: Transactional writing,4: Transactional writing,10.0,14.28,5.9,CASS,0,false,2
2026,2,5,481,242518,5: Response to texts,5: Response to texts,40.0,57.14,23.5,CASS,0,false,3
2026,2,5,490,246608,Writing,Writing,10.0,100.0,33.0,CASS,0,false,1
2026,2,5,502,242746,1: Oral,1: Oral,20.0,28.58,11.8,CASS,0,false,1
2026,2,5,502,242747,4: Transactional writing,4: Transactional writing,10.0,14.28,5.9,CASS,0,false,2
2026,2,5,502,242748,5: Response to texts,5: Response to texts,40.0,57.14,23.5,CASS,0,false,3
2026,2,5,515,242526,1: Oral,1: Oral,20.0,28.58,11.8,CASS,0,false,1
2026,2,5,515,242527,4: Transactional writing,4: Transactional writing,10.0,14.28,5.9,CASS,0,false,2
2026,2,5,515,242528,5: Response to texts,5: Response to texts,40.0,57.14,23.5,CASS,0,false,3
2026,2,5,524,246612,Writing,Writing,10.0,100.0,33.0,CASS,0,false,1
2026,2,5,533,248798,3 : Geography,3 : Geography,30.0,50.0,20.0,CASS,1,false,1
2026,2,5,533,248799,4 : History,4 : History,30.0,50.0,20.0,CASS,2,false,2
2026,2,5,584,242756,1: Oral,1: Oral,20.0,28.58,11.8,CASS,0,false,1
2026,2,5,584,242757,4: Transactional writing,4: Transactional writing,10.0,14.28,5.9,CASS,0,false,2
2026,2,5,584,242758,5: Response to texts,5: Response to texts,40.0,57.14,23.5,CASS,0,false,3
2026,2,5,597,242536,1: Oral,1: Oral,20.0,28.58,11.8,CASS,0,false,1
2026,2,5,597,242537,4: Transactional writing,4: Transactional writing,10.0,14.28,5.9,CASS,0,false,2
2026,2,5,597,242538,5: Response to texts,5: Response to texts,40.0,57.14,23.5,CASS,0,false,3
2026,2,5,606,246616,Writing,Writing,10.0,100.0,33.0,CASS,0,false,1
2026,2,5,841,242766,1: Oral,1: Oral,20.0,28.58,11.8,CASS,0,false,1
2026,2,5,841,242767,4: Transactional writing,4: Transactional writing,10.0,14.28,5.9,CASS,0,false,2
2026,2,5,841,242768,5: Response to texts,5: Response to texts,40.0,57.14,23.5,CASS,0,false,3
2026,2,5,854,242546,1: Oral,1: Oral,20.0,28.58,11.8,CASS,0,false,1
2026,2,5,854,242547,4: Transactional writing,4: Transactional writing,10.0,14.28,5.9,CASS,0,false,2
2026,2,5,854,242548,5: Response to texts,5: Response to texts,40.0,57.14,23.5,CASS,0,false,3
2026,2,5,863,246620,Writing,Writing,10.0,100.0,33.0,CASS,0,false,1
2026,2,5,878,246624,Writing,Writing,10.0,100.0,33.0,CASS,0,false,1
2026,2,5,894,244106,Observing and Signing 1,Observing and Signing 1,20.0,28.58,11.8,CASS,0,false,1
2026,2,5,894,244107,4: Transactional recording,4: Transactional recording,10.0,14.28,5.9,CASS,0,false,2
2026,2,5,894,244108,5: Response to texts,5: Response to texts,40.0,57.14,23.5,CASS,0,false,3
2026,2,5,1732,254050,2,2,10.0,100.0,25.0,CASS,0,false,1
2026,2,5,1845,255151,3,3,40.0,50.0,12.5,CASS,0,false,1
2026,2,5,1845,255152,4,4,40.0,50.0,12.5,CASS,0,false,2
2026,2,5,1852,255175,3,3,40.0,50.0,12.5,CASS,0,false,1
2026,2,5,1852,255176,4,4,40.0,50.0,12.5,CASS,0,false,2
2026,2,5,1859,255199,3,3,40.0,50.0,12.5,CASS,0,false,1
2026,2,5,1859,255200,4,4,40.0,50.0,12.5,CASS,0,false,2
2026,2,5,1866,255223,3,3,40.0,50.0,12.5,CASS,0,false,1
2026,2,5,1866,255224,4,4,40.0,50.0,12.5,CASS,0,false,2
2026,2,5,1873,255247,3,3,40.0,50.0,12.5,CASS,0,false,1
2026,2,5,1873,255248,4,4,40.0,50.0,12.5,CASS,0,false,2
2026,2,5,1880,255271,3,3,40.0,50.0,12.5,CASS,0,false,1
2026,2,5,1880,255272,4,4,40.0,50.0,12.5,CASS,0,false,2
2026,2,5,1887,255295,3,3,40.0,50.0,12.5,CASS,0,false,1
2026,2,5,1887,255296,4,4,40.0,50.0,12.5,CASS,0,false,2
2026,2,5,1894,255319,3,3,40.0,50.0,12.5,CASS,0,false,1
2026,2,5,1894,255320,4,4,40.0,50.0,12.5,CASS,0,false,2
2026,2,5,1901,255367,3,3,40.0,50.0,12.5,CASS,0,false,1
2026,2,5,1901,255368,4,4,40.0,50.0,12.5,CASS,0,false,2
2026,2,5,1908,255343,3,3,40.0,50.0,12.5,CASS,0,false,1
2026,2,5,1908,255344,4,4,40.0,50.0,12.5,CASS,0,false,2
2026,2,5,1915,255391,3,3,40.0,50.0,12.5,CASS,0,false,1
2026,2,5,1915,255392,4,4,40.0,50.0,12.5,CASS,0,false,2
2026,2,5,1922,255415,3,3,40.0,50.0,12.5,CASS,0,false,1
2026,2,5,1922,255416,4,4,40.0,50.0,12.5,CASS,0,false,2
2026,2,5,1992,255439,3,3,40.0,50.0,12.5,CASS,0,false,1
2026,2,5,1992,255440,4,4,40.0,50.0,12.5,CASS,0,false,2
2026,2,6,9,244296,1: Oral,1: Oral,20.0,28.58,10.5,CASS,0,false,1
2026,2,6,9,244297,4: Transactional writing,4: Transactional writing,10.0,14.28,5.3,CASS,0,false,2
2026,2,6,9,244298,5: Response to texts,5: Response to texts,50.0,57.14,26.3,CASS,0,false,3
2026,2,6,22,244176,1: Oral,1: Oral,20.0,28.58,10.5,CASS,0,false,1
2026,2,6,22,244177,4: Transactional writing,4: Transactional writing,10.0,14.28,5.3,CASS,0,false,2
2026,2,6,22,244178,5: Response to texts,5: Response to texts,50.0,57.14,26.3,CASS,0,false,3
2026,2,6,31,246629,Oral 2,Oral 2,20.0,75.0,20.0,CASS,0,false,1
2026,2,6,31,246630,Writing,Writing,15.0,25.0,15.0,CASS,0,false,2
2026,2,6,106,244306,1: Oral,1: Oral,20.0,28.58,10.5,CASS,0,false,1
2026,2,6,106,244307,4: Transactional writing,4: Transactional writing,10.0,14.28,5.3,CASS,0,false,2
2026,2,6,106,244308,5: Response to texts,5: Response to texts,50.0,57.14,26.3,CASS,0,false,3
2026,2,6,119,244186,1: Oral,1: Oral,20.0,28.58,10.5,CASS,0,false,1
2026,2,6,119,244187,4: Transactional writing,4: Transactional writing,10.0,14.28,5.3,CASS,0,false,2
2026,2,6,119,244188,5: Response to texts,5: Response to texts,50.0,57.14,26.3,CASS,0,false,3
2026,2,6,128,246636,Oral 2,Oral 2,20.0,75.0,20.0,CASS,0,false,1
2026,2,6,128,246637,Writing,Writing,15.0,25.0,15.0,CASS,0,false,2
2026,2,6,150,246643,Oral 2,Oral 2,20.0,75.0,20.0,CASS,0,false,1
2026,2,6,150,246644,Writing,Writing,15.0,25.0,15.0,CASS,0,false,2
2026,2,6,193,244316,1: Oral,1: Oral,20.0,28.58,10.5,CASS,0,false,1
2026,2,6,193,244317,4: Transactional writing,4: Transactional writing,10.0,14.28,5.3,CASS,0,false,2
2026,2,6,193,244318,5: Response to texts,5: Response to texts,50.0,57.14,26.3,CASS,0,false,3
2026,2,6,206,244196,1: Oral,1: Oral,20.0,28.58,10.5,CASS,0,false,1
2026,2,6,206,244197,4: Transactional writing,4: Transactional writing,10.0,14.28,5.3,CASS,0,false,2
2026,2,6,206,244198,5: Response to texts,5: Response to texts,50.0,57.14,26.3,CASS,0,false,3
2026,2,6,215,246650,Oral 2,Oral 2,20.0,75.0,20.0,CASS,0,false,1
2026,2,6,215,246651,Writing,Writing,15.0,25.0,15.0,CASS,0,false,2
2026,2,6,227,244326,1: Oral,1: Oral,20.0,28.58,10.5,CASS,0,false,1
2026,2,6,227,244327,4: Transactional writing,4: Transactional writing,10.0,14.28,5.3,CASS,0,false,2
2026,2,6,227,244328,5: Response to texts,5: Response to texts,50.0,57.14,26.3,CASS,0,false,3
2026,2,6,240,244206,1: Oral,1: Oral,20.0,28.58,10.5,CASS,0,false,1
2026,2,6,240,244207,4: Transactional writing,4: Transactional writing,10.0,14.28,5.3,CASS,0,false,2
2026,2,6,240,244208,5: Response to texts,5: Response to texts,50.0,57.14,26.3,CASS,0,false,3
2026,2,6,249,246657,Oral 2,Oral 2,20.0,75.0,20.0,CASS,0,false,1
2026,2,6,249,246658,Writing,Writing,15.0,25.0,15.0,CASS,0,false,2
2026,2,6,261,244336,1: Oral,1: Oral,20.0,28.58,10.5,CASS,0,false,1
2026,2,6,261,244337,4: Transactional writing,4: Transactional writing,10.0,14.28,5.3,CASS,0,false,2
2026,2,6,261,244338,5: Response to texts,5: Response to texts,50.0,57.14,26.3,CASS,0,false,3
2026,2,6,274,244216,1: Oral,1: Oral,20.0,28.58,10.5,CASS,0,false,1
2026,2,6,274,244217,4: Transactional writing,4: Transactional writing,10.0,14.28,5.3,CASS,0,false,2
2026,2,6,274,244218,5: Response to texts,5: Response to texts,50.0,57.14,26.3,CASS,0,false,3
2026,2,6,283,246664,Oral 2,Oral 2,20.0,75.0,20.0,CASS,0,false,1
2026,2,6,283,246665,Writing,Writing,15.0,25.0,15.0,CASS,0,false,2
2026,2,6,315,248562,Personal & Social Wellbeing,Personal & Social Wellbeing,30.0,30.0,10.25,CASS,3,false,1
2026,2,6,315,248563,Creative Arts,Creative Arts,40.0,40.0,13.0,CASS,1,false,2
2026,2,6,315,248564,Physical Education,Physical Education,30.0,30.0,10.25,CASS,2,false,3
2026,2,6,328,248590,3,3,25.0,50.0,15.0,CASS,0,false,1
2026,2,6,328,248591,4: Test,4: Test,40.0,50.0,20.0,CASS,0,false,2
2026,2,6,356,249284,3: Prac Task/ Investigation,3: Prac Task/ Investigation,15.0,40.0,12.5,CASS,0,false,1
2026,2,6,356,249285,4: Test,4: Test,20.0,60.0,25.0,CASS,0,false,2
2026,2,6,382,244346,1: Oral,1: Oral,20.0,28.58,10.5,CASS,0,false,1
2026,2,6,382,244347,4: Transactional writing,4: Transactional writing,10.0,14.28,5.3,CASS,0,false,2
2026,2,6,382,244348,5: Response to texts,5: Response to texts,50.0,57.14,26.3,CASS,0,false,3
2026,2,6,395,244226,1: Oral,1: Oral,20.0,28.58,10.5,CASS,0,false,1
2026,2,6,395,244227,4: Transactional writing,4: Transactional writing,10.0,14.28,5.3,CASS,0,false,2
2026,2,6,395,244228,5: Response to texts,5: Response to texts,50.0,57.14,26.3,CASS,0,false,3
2026,2,6,404,246671,Oral 2,Oral 2,20.0,75.0,20.0,CASS,0,false,1
2026,2,6,404,246672,Writing,Writing,15.0,25.0,15.0,CASS,0,false,2
2026,2,6,414,244236,1: Oral,1: Oral,20.0,28.58,10.5,CASS,0,false,1
2026,2,6,414,244237,4: Transactional writing,4: Transactional writing,10.0,14.28,5.3,CASS,0,false,2
2026,2,6,414,244238,5: Response to texts,5: Response to texts,50.0,57.14,26.3,CASS,0,false,3
2026,2,6,423,246678,Oral 2,Oral 2,20.0,75.0,20.0,CASS,0,false,1
2026,2,6,423,246679,Writing,Writing,15.0,25.0,15.0,CASS,0,false,2
2026,2,6,435,244356,1: Oral,1: Oral,20.0,28.58,10.5,CASS,0,false,1
2026,2,6,435,244357,4: Transactional writing,4: Transactional writing,10.0,14.28,5.3,CASS,0,false,2
2026,2,6,435,244358,5: Response to texts,5: Response to texts,50.0,57.14,26.3,CASS,0,false,3
2026,2,6,448,244246,1: Oral,1: Oral,20.0,28.58,10.5,CASS,0,false,1
2026,2,6,448,244247,4: Transactional writing,4: Transactional writing,10.0,14.28,5.3,CASS,0,false,2
2026,2,6,448,244248,5: Response to texts,5: Response to texts,50.0,57.14,26.3,CASS,0,false,3
2026,2,6,457,246685,Oral 2,Oral 2,20.0,75.0,20.0,CASS,0,false,1
2026,2,6,457,246686,Writing,Writing,15.0,25.0,15.0,CASS,0,false,2
2026,2,6,469,244366,1: Oral,1: Oral,20.0,28.58,10.5,CASS,0,false,1
2026,2,6,469,244367,4: Transactional writing,4: Transactional writing,10.0,14.28,5.3,CASS,0,false,2
2026,2,6,469,244368,5: Response to texts,5: Response to texts,50.0,57.14,26.3,CASS,0,false,3
2026,2,6,482,244256,1: Oral,1: Oral,20.0,28.58,10.5,CASS,0,false,1
2026,2,6,482,244257,4: Transactional writing,4: Transactional writing,10.0,14.28,5.3,CASS,0,false,2
2026,2,6,482,244258,5: Response to texts,5: Response to texts,50.0,57.14,26.3,CASS,0,false,3
2026,2,6,491,246692,Oral 2,Oral 2,20.0,75.0,20.0,CASS,0,false,1
2026,2,6,491,246693,Writing,Writing,15.0,25.0,15.0,CASS,0,false,2
2026,2,6,503,244376,1: Oral,1: Oral,20.0,28.58,10.5,CASS,0,false,1
2026,2,6,503,244377,4: Transactional writing,4: Transactional writing,10.0,14.28,5.3,CASS,0,false,2
2026,2,6,503,244378,5: Response to texts,5: Response to texts,50.0,57.14,26.3,CASS,0,false,3
2026,2,6,516,244266,1: Oral,1: Oral,20.0,28.58,10.5,CASS,0,false,1
2026,2,6,516,244267,4: Transactional writing,4: Transactional writing,10.0,14.28,5.3,CASS,0,false,2
2026,2,6,516,244268,5: Response to texts,5: Response to texts,50.0,57.14,26.3,CASS,0,false,3
2026,2,6,525,246699,Oral 2,Oral 2,20.0,75.0,20.0,CASS,0,false,1
2026,2,6,525,246700,Writing,Writing,15.0,25.0,15.0,CASS,0,false,2
2026,2,6,534,248806,3 : Geography,3 : Geography,40.0,50.0,20.0,CASS,1,false,1
2026,2,6,534,248807,4 : History,4 : History,40.0,50.0,20.0,CASS,2,false,2
2026,2,6,585,244386,1: Oral,1: Oral,20.0,28.58,10.5,CASS,0,false,1
2026,2,6,585,244387,4: Transactional writing,4: Transactional writing,10.0,14.28,5.3,CASS,0,false,2
2026,2,6,585,244388,5: Response to texts,5: Response to texts,50.0,57.14,26.3,CASS,0,false,3
2026,2,6,598,244276,1: Oral,1: Oral,20.0,28.58,10.5,CASS,0,false,1
2026,2,6,598,244277,4: Transactional writing,4: Transactional writing,10.0,14.28,5.3,CASS,0,false,2
2026,2,6,598,244278,5: Response to texts,5: Response to texts,50.0,57.14,26.3,CASS,0,false,3
2026,2,6,607,246706,Oral 2,Oral 2,20.0,75.0,20.0,CASS,0,false,1
2026,2,6,607,246707,Writing,Writing,15.0,25.0,15.0,CASS,0,false,2
2026,2,6,654,250492,1. Listening and speaking,1. Listening and speaking,25.0,25.0,6.25,CASS,1,false,1
2026,2,6,654,250493,2. Reading and viewing,2. Reading and viewing,35.0,35.0,8.75,CASS,2,false,2
2026,2,6,654,250494,3. Language structures & conventions,3. Language structures & conventions,15.0,15.0,3.75,CASS,3,false,3
2026,2,6,654,250495,4. Writing and Presenting,4. Writing and Presenting,25.0,25.0,6.25,CASS,4,false,4
2026,2,6,658,250508,1. Listening and speaking,1. Listening and speaking,25.0,25.0,6.25,CASS,1,false,1
2026,2,6,658,250509,2. Reading and viewing,2. Reading and viewing,35.0,35.0,8.75,CASS,2,false,2
2026,2,6,658,250510,3. Language structures & conventions,3. Language structures & conventions,15.0,15.0,3.75,CASS,3,false,3
2026,2,6,658,250511,4. Writing and Presenting,4. Writing and Presenting,25.0,25.0,6.25,CASS,4,false,4
2026,2,6,662,250524,1. Listening and speaking,1. Listening and speaking,25.0,25.0,6.25,CASS,1,false,1
2026,2,6,662,250525,2. Reading and viewing,2. Reading and viewing,35.0,35.0,8.75,CASS,2,false,2
2026,2,6,662,250526,3. Language structures & conventions,3. Language structures & conventions,15.0,15.0,3.75,CASS,3,false,3
2026,2,6,662,250527,4. Writing and Presenting,4. Writing and Presenting,25.0,25.0,6.25,CASS,4,false,4
2026,2,6,666,250540,1. Listening and speaking,1. Listening and speaking,25.0,25.0,6.25,CASS,1,false,1
2026,2,6,666,250541,2. Reading and viewing,2. Reading and viewing,35.0,35.0,8.75,CASS,2,false,2
2026,2,6,666,250542,3. Language structures & conventions,3. Language structures & conventions,15.0,15.0,3.75,CASS,3,false,3
2026,2,6,666,250543,4. Writing and Presenting,4. Writing and Presenting,25.0,25.0,6.25,CASS,4,false,4
2026,2,6,670,250556,1. Listening and speaking,1. Listening and speaking,25.0,25.0,6.25,CASS,1,false,1
2026,2,6,670,250557,2. Reading and viewing,2. Reading and viewing,35.0,35.0,8.75,CASS,2,false,2
2026,2,6,670,250558,3. Language structures & conventions,3. Language structures & conventions,15.0,15.0,3.75,CASS,3,false,3
2026,2,6,670,250559,4. Writing and Presenting,4. Writing and Presenting,25.0,25.0,6.25,CASS,4,false,4
2026,2,6,674,250572,1. Listening and speaking,1. Listening and speaking,25.0,25.0,6.25,CASS,1,false,1
2026,2,6,674,250573,2. Reading and viewing,2. Reading and viewing,35.0,35.0,8.75,CASS,2,false,2
2026,2,6,674,250574,3. Language structures & conventions,3. Language structures & conventions,15.0,15.0,3.75,CASS,3,false,3
2026,2,6,674,250575,4. Writing and Presenting,4. Writing and Presenting,25.0,25.0,6.25,CASS,4,false,4
2026,2,6,678,250588,1. Listening and speaking,1. Listening and speaking,25.0,25.0,6.25,CASS,1,false,1
2026,2,6,678,250589,2. Reading and viewing,2. Reading and viewing,35.0,35.0,8.75,CASS,2,false,2
2026,2,6,678,250590,3. Language structures & conventions,3. Language structures & conventions,15.0,15.0,3.75,CASS,3,false,3
2026,2,6,678,250591,4. Writing and Presenting,4. Writing and Presenting,25.0,25.0,6.25,CASS,4,false,4
2026,2,6,682,250604,1. Listening and speaking,1. Listening and speaking,25.0,25.0,6.25,CASS,1,false,1
2026,2,6,682,250605,2. Reading and viewing,2. Reading and viewing,35.0,35.0,8.75,CASS,2,false,2
2026,2,6,682,250606,3. Language structures & conventions,3. Language structures & conventions,15.0,15.0,3.75,CASS,3,false,3
2026,2,6,682,250607,4. Writing and Presenting,4. Writing and Presenting,25.0,25.0,6.25,CASS,4,false,4
2026,2,6,686,250620,1. Listening and speaking,1. Listening and speaking,25.0,25.0,6.25,CASS,1,false,1
2026,2,6,686,250621,2. Reading and viewing,2. Reading and viewing,35.0,35.0,8.75,CASS,2,false,2
2026,2,6,686,250622,3. Language structures & conventions,3. Language structures & conventions,15.0,15.0,3.75,CASS,3,false,3
2026,2,6,686,250623,4. Writing and Presenting,4. Writing and Presenting,25.0,25.0,6.25,CASS,4,false,4
2026,2,6,690,250636,1. Listening and speaking,1. Listening and speaking,25.0,25.0,6.25,CASS,1,false,1
2026,2,6,690,250637,2. Reading and viewing,2. Reading and viewing,35.0,35.0,8.75,CASS,2,false,2
2026,2,6,690,250638,3. Language structures & conventions,3. Language structures & conventions,15.0,15.0,3.75,CASS,3,false,3
2026,2,6,690,250639,4. Writing and Presenting,4. Writing and Presenting,25.0,25.0,6.25,CASS,4,false,4
2026,2,6,694,250652,1. Listening and speaking,1. Listening and speaking,25.0,25.0,6.25,CASS,1,false,1
2026,2,6,694,250653,2. Reading and viewing,2. Reading and viewing,35.0,35.0,8.75,CASS,2,false,2
2026,2,6,694,250654,3. Language structures & conventions,3. Language structures & conventions,15.0,15.0,3.75,CASS,3,false,3
2026,2,6,694,250655,4. Writing and Presenting,4. Writing and Presenting,25.0,25.0,6.25,CASS,4,false,4
2026,2,6,698,249656,Keyboard Skills,Keyboard Skills,20.0,15.0,3.75,CASS,1,false,1
2026,2,6,698,249657,Graphics,Graphics,20.0,10.0,2.5,CASS,2,false,2
2026,2,6,698,249658,Word Processor,Word Processor,20.0,15.0,3.75,CASS,3,false,3
2026,2,6,698,249659,Spreadsheet,Spreadsheet,20.0,15.0,3.75,CASS,4,false,4
2026,2,6,698,249660,Presentations,Presentations,20.0,15.0,3.75,CASS,5,false,5
2026,2,6,698,249661,Systems Technologies,Systems Technologies,20.0,15.0,3.75,CASS,6,false,6
2026,2,6,698,249662,Internet & e-communications,Internet & e-communications,20.0,15.0,3.75,CASS,7,false,7
2026,2,6,754,249617,3,3,30.0,100.0,25.0,CASS,1,false,1
2026,2,6,758,249518,4,4,20.0,35.0,12.0,CASS,0,false,1
2026,2,6,758,249519,5,5,20.0,35.0,12.0,CASS,0,false,2
2026,2,6,758,249520,6: Test,6: Test,50.0,30.0,10.0,CASS,0,false,3
2026,2,6,786,249586,3,3,20.0,67.0,17.0,CASS,0,false,1
2026,2,6,786,249587,4,4,10.0,33.0,8.0,CASS,0,false,2
2026,2,6,842,244396,1: Oral,1: Oral,20.0,28.58,10.5,CASS,0,false,1
2026,2,6,842,244397,4: Transactional writing,4: Transactional writing,10.0,14.28,5.3,CASS,0,false,2
2026,2,6,842,244398,5: Response to texts,5: Response to texts,50.0,57.14,26.3,CASS,0,false,3
2026,2,6,855,244286,1: Oral,1: Oral,20.0,28.58,10.5,CASS,0,false,1
2026,2,6,855,244287,4: Transactional writing,4: Transactional writing,10.0,14.28,5.3,CASS,0,false,2
2026,2,6,855,244288,5: Response to texts,5: Response to texts,50.0,57.14,26.3,CASS,0,false,3
2026,2,6,864,246713,Oral 2,Oral 2,20.0,75.0,20.0,CASS,0,false,1
2026,2,6,864,246714,Writing,Writing,15.0,25.0,15.0,CASS,0,false,2
2026,2,6,879,246720,Oral 2,Oral 2,20.0,75.0,20.0,CASS,0,false,1
2026,2,6,879,246721,Writing,Writing,15.0,25.0,15.0,CASS,0,false,2
2026,2,6,895,244406,Observing and Signing 1,Observing and Signing 1,20.0,28.58,10.5,CASS,0,false,1
2026,2,6,895,244407,4: Transactional recording,4: Transactional recording,10.0,14.28,5.3,CASS,0,false,2
2026,2,6,895,244408,5: Response to texts,5: Response to texts,50.0,57.14,26.3,CASS,0,false,3
2026,2,6,908,251207,1. Listening and speaking,1. Listening and speaking,25.0,25.0,6.25,CASS,1,false,1
2026,2,6,908,251208,2. Reading and viewing,2. Reading and viewing,35.0,35.0,8.75,CASS,2,false,2
2026,2,6,908,251209,3. Language structures & conventions,3. Language structures & conventions,15.0,15.0,3.75,CASS,3,false,3
2026,2,6,908,251210,4. Writing and Recording,4. Writing and Recording,25.0,25.0,6.25,CASS,4,false,4
2026,2,6,912,251272,1. Listening and speaking,1. Listening and speaking,10.0,40.0,10.0,CASS,1,false,1
2026,2,6,912,251273,2. Reading and viewing,2. Reading and viewing,10.0,35.0,8.75,CASS,2,false,2
2026,2,6,912,251274,4. Language structures & conventions,4. Language structures & conventions,60.0,25.0,6.25,CASS,5,false,3
2026,2,6,916,251286,1. Listening and speaking,1. Listening and speaking,10.0,40.0,10.0,CASS,1,false,1
2026,2,6,916,251287,2. Reading and viewing,2. Reading and viewing,10.0,35.0,8.75,CASS,2,false,2
2026,2,6,916,251288,4. Language structures & conventions,4. Language structures & conventions,60.0,25.0,6.25,CASS,5,false,3
2026,2,6,920,251300,1. Listening and speaking,1. Listening and speaking,10.0,40.0,10.0,CASS,1,false,1
2026,2,6,920,251301,2. Reading and viewing,2. Reading and viewing,10.0,35.0,8.75,CASS,2,false,2
2026,2,6,920,251302,4. Language structures & conventions,4. Language structures & conventions,60.0,25.0,6.25,CASS,5,false,3
2026,2,6,924,251314,1. Listening and speaking,1. Listening and speaking,10.0,40.0,10.0,CASS,1,false,1
2026,2,6,924,251315,2. Reading and viewing,2. Reading and viewing,10.0,35.0,8.75,CASS,2,false,2
2026,2,6,924,251316,4. Language structures & conventions,4. Language structures & conventions,60.0,25.0,6.25,CASS,5,false,3
2026,2,6,928,251328,1. Listening and speaking,1. Listening and speaking,10.0,40.0,10.0,CASS,1,false,1
2026,2,6,928,251329,2. Reading and viewing,2. Reading and viewing,10.0,35.0,8.75,CASS,2,false,2
2026,2,6,928,251330,4. Language structures & conventions,4. Language structures & conventions,60.0,25.0,6.25,CASS,5,false,3
2026,2,6,932,251342,1. Listening and speaking,1. Listening and speaking,10.0,40.0,10.0,CASS,1,false,1
2026,2,6,932,251343,2. Reading and viewing,2. Reading and viewing,10.0,35.0,8.75,CASS,2,false,2
2026,2,6,932,251344,4. Language structures & conventions,4. Language structures & conventions,60.0,25.0,6.25,CASS,5,false,3
2026,2,6,936,251356,1. Listening and speaking,1. Listening and speaking,10.0,40.0,10.0,CASS,1,false,1
2026,2,6,936,251357,2. Reading and viewing,2. Reading and viewing,10.0,35.0,8.75,CASS,2,false,2
2026,2,6,936,251358,4. Language structures & conventions,4. Language structures & conventions,60.0,25.0,6.25,CASS,5,false,3
2026,2,6,940,251370,1. Listening and speaking,1. Listening and speaking,10.0,40.0,10.0,CASS,1,false,1
2026,2,6,940,251371,2. Reading and viewing,2. Reading and viewing,10.0,35.0,8.75,CASS,2,false,2
2026,2,6,940,251372,4. Language structures & conventions,4. Language structures & conventions,60.0,25.0,6.25,CASS,5,false,3
2026,2,6,944,251384,1. Listening and speaking,1. Listening and speaking,10.0,40.0,10.0,CASS,1,false,1
2026,2,6,944,251385,2. Reading and viewing,2. Reading and viewing,10.0,35.0,8.75,CASS,2,false,2
2026,2,6,944,251386,4. Language structures & conventions,4. Language structures & conventions,60.0,25.0,6.25,CASS,5,false,3
2026,2,6,948,251398,1. Listening and speaking,1. Listening and speaking,10.0,40.0,10.0,CASS,1,false,1
2026,2,6,948,251399,2. Reading and viewing,2. Reading and viewing,10.0,35.0,8.75,CASS,2,false,2
2026,2,6,948,251400,4. Language structures & conventions,4. Language structures & conventions,60.0,25.0,6.25,CASS,5,false,3
2026,2,6,952,251412,1. Listening and speaking,1. Listening and speaking,10.0,40.0,10.0,CASS,1,false,1
2026,2,6,952,251413,2. Reading and viewing,2. Reading and viewing,10.0,35.0,8.75,CASS,2,false,2
2026,2,6,952,251414,4. Language structures & conventions,4. Language structures & conventions,60.0,25.0,6.25,CASS,5,false,3
2026,2,6,976,249634,2,2,50.0,100.0,27.0,CASS,1,false,1
2026,2,6,1733,254046,2,2,10.0,100.0,25.0,CASS,0,false,1
2026,2,6,1846,255159,3,3,40.0,50.0,12.5,CASS,0,false,1
2026,2,6,1846,255160,4,4,40.0,50.0,12.5,CASS,0,false,2
2026,2,6,1853,255183,3,3,40.0,50.0,12.5,CASS,0,false,1
2026,2,6,1853,255184,4,4,40.0,50.0,12.5,CASS,0,false,2
2026,2,6,1860,255207,3,3,40.0,50.0,12.5,CASS,0,false,1
2026,2,6,1860,255208,4,4,40.0,50.0,12.5,CASS,0,false,2
2026,2,6,1867,255231,3,3,40.0,50.0,12.5,CASS,0,false,1
2026,2,6,1867,255232,4,4,40.0,50.0,12.5,CASS,0,false,2
2026,2,6,1874,255255,3,3,40.0,50.0,12.5,CASS,0,false,1
2026,2,6,1874,255256,4,4,40.0,50.0,12.5,CASS,0,false,2
2026,2,6,1881,255279,3,3,40.0,50.0,12.5,CASS,0,false,1
2026,2,6,1881,255280,4,4,40.0,50.0,12.5,CASS,0,false,2
2026,2,6,1888,255303,3,3,40.0,50.0,12.5,CASS,0,false,1
2026,2,6,1888,255304,4,4,40.0,50.0,12.5,CASS,0,false,2
2026,2,6,1895,255327,3,3,40.0,50.0,12.5,CASS,0,false,1
2026,2,6,1895,255328,4,4,40.0,50.0,12.5,CASS,0,false,2
2026,2,6,1902,255375,3,3,40.0,50.0,12.5,CASS,0,false,1
2026,2,6,1902,255376,4,4,40.0,50.0,12.5,CASS,0,false,2
2026,2,6,1909,255351,3,3,40.0,50.0,12.5,CASS,0,false,1
2026,2,6,1909,255352,4,4,40.0,50.0,12.5,CASS,0,false,2
2026,2,6,1916,255399,3,3,40.0,50.0,12.5,CASS,0,false,1
2026,2,6,1916,255400,4,4,40.0,50.0,12.5,CASS,0,false,2
2026,2,6,1923,255423,3,3,40.0,50.0,12.5,CASS,0,false,1
2026,2,6,1923,255424,4,4,40.0,50.0,12.5,CASS,0,false,2
2026,2,6,1993,255447,3,3,40.0,50.0,12.5,CASS,0,false,1
2026,2,6,1993,255448,4,4,40.0,50.0,12.5,CASS,0,false,2
2026,2,6,1994,249747,Theory,Theory,25.0,25.0,6.25,CASS,0,false,1
2026,2,6,1994,249748,Practical,Practical,50.0,75.0,18.75,CASS,0,false,2
2026,2,6,1995,249855,Office Admin: Theory,Office Admin: Theory,75.0,6.7,1.61,CASS,0,false,1
2026,2,6,1995,249856,Office Admin: Practical,Office Admin: Practical,25.0,2.3,0.66,CASS,0,false,2
2026,2,6,1995,249857,Wholesale & R: Theory,Wholesale & R: Theory,25.0,2.3,0.66,CASS,0,false,3
2026,2,6,1995,249858,Wholesale & R: Practical,Wholesale & R: Practical,50.0,6.8,1.61,CASS,0,false,4
2026,2,6,1995,249859,Art & Crafts: Practical,Art & Crafts: Practical,50.0,2.3,1.61,CASS,0,false,5
2026,2,6,1995,249860,Art & Crafts: Theory,Art & Crafts: Theory,25.0,6.8,0.66,CASS,0,false,6
2026,2,6,1995,249861,CS Foodproduction: Theory,CS Foodproduction: Theory,25.0,2.3,0.66,CASS,0,false,7
2026,2,6,1995,249862,CS Foodproduction: Practical,CS Foodproduction: Practical,50.0,6.8,1.61,CASS,0,false,8
2026,2,6,1995,249863,CS Sewing: Theory,CS Sewing: Theory,25.0,2.3,0.66,CASS,0,false,9
2026,2,6,1995,249864,CS Sewing:Practical,CS Sewing:Practical,50.0,6.8,1.61,CASS,0,false,10
2026,2,6,1995,249865,ST Upholstery: Theory,ST Upholstery: Theory,25.0,2.3,0.66,CASS,0,false,11
2026,2,6,1995,249866,ST Upholstery: Practical,ST Upholstery: Practical,50.0,6.8,1.61,CASS,0,false,12
2026,2,6,1995,249867,Beauty & Nail: Theory,Beauty & Nail: Theory,25.0,2.3,0.66,CASS,0,false,13
2026,2,6,1995,249868,Beauty & Nail: Practical,Beauty & Nail: Practical,75.0,6.8,1.61,CASS,0,false,14
2026,2,6,1995,249869,Hair & Beauty Care: Theory,Hair & Beauty Care: Theory,25.0,2.3,0.66,CASS,0,false,15
2026,2,6,1995,249870,Hair & Beauty Care: Practical,Hair & Beauty Care: Practical,50.0,6.8,1.61,CASS,0,false,16
2026,2,6,1995,249871,CS Hospitality: Practical,CS Hospitality: Practical,75.0,6.8,1.62,CASS,0,false,17
2026,2,6,1995,249872,CS Hospitality: Theory,CS Hospitality: Theory,25.0,2.3,0.66,CASS,0,false,18
2026,2,6,1995,249873,Anc Health Care: Theory,Anc Health Care: Theory,25.0,2.3,0.66,CASS,0,false,19
2026,2,6,1995,249874,Anc Health Care: Practical,Anc Health Care: Practical,75.0,6.8,1.62,CASS,0,false,20
2026,2,6,1995,249875,ECD Theory,ECD Theory,25.0,2.3,0.66,CASS,0,false,21
2026,2,6,1995,249876,ECD Practical,ECD Practical,75.0,6.8,1.62,CASS,0,false,22
2026,2,6,1996,249773,Civil Maintenance: Theory,Civil Maintenance: Theory,25.0,2.5,0.5,CASS,0,false,1
2026,2,6,1996,249774,Civil Maintenance: Practical,Civil Maintenance: Practical,75.0,7.5,2.0,CASS,0,false,2
2026,2,6,1996,249775,Civil Brickl & P: Theory,Civil Brickl & P: Theory,25.0,2.5,0.5,CASS,0,false,3
2026,2,6,1996,249776,Civil Brickl & P: Practical,Civil Brickl & P: Practical,50.0,7.5,2.0,CASS,0,false,4
2026,2,6,1996,249777,Civil Woodw & T: Theory,Civil Woodw & T: Theory,25.0,2.5,0.5,CASS,0,false,5
2026,2,6,1996,249778,Civil Woodw & T: Practical,Civil Woodw & T: Practical,50.0,7.5,2.0,CASS,0,false,6
2026,2,6,1996,249779,Civil Plumbing: Theory,Civil Plumbing: Theory,25.0,2.5,0.5,CASS,0,false,7
2026,2,6,1996,249780,Civil Plumbing: Practical,Civil Plumbing: Practical,50.0,7.5,2.0,CASS,0,false,8
2026,2,6,1996,249781,Mech Welding: Theory,Mech Welding: Theory,25.0,2.5,0.5,CASS,0,false,9
2026,2,6,1996,249782,Mech Welding: Practical,Mech Welding: Practical,50.0,7.5,2.0,CASS,0,false,10
2026,2,6,1996,249783,Mech BodyW: Theory,Mech BodyW: Theory,25.0,2.5,0.5,CASS,0,false,11
2026,2,6,1996,249784,Mech BodyW: Practical,Mech BodyW: Practical,50.0,7.5,2.0,CASS,0,false,12
2026,2,6,1996,249785,Mech Motor: Theory,Mech Motor: Theory,25.0,2.5,0.5,CASS,0,false,13
2026,2,6,1996,249786,Mech Motor: Practical,Mech Motor: Practical,50.0,7.5,2.0,CASS,0,false,14
2026,2,6,1996,249787,Mech Sheetmetal: Theory,Mech Sheetmetal: Theory,25.0,2.5,0.5,CASS,0,false,15
2026,2,6,1996,249788,Mech Sheetmetal: Practical,Mech Sheetmetal: Practical,50.0,7.5,2.0,CASS,0,false,16
2026,2,6,1996,249789,Electrical: Theory,Electrical: Theory,25.0,2.5,0.5,CASS,0,false,17
2026,2,6,1996,249790,Electrical: Practical,Electrical: Practical,50.0,7.5,2.0,CASS,0,false,18
2026,2,6,1996,249791,Agric: Theory,Agric: Theory,25.0,2.5,0.5,CASS,0,false,19
2026,2,6,1996,249792,Agric: Practical,Agric: Practical,75.0,7.5,2.0,CASS,0,false,20
2026,2,7,10,244680,1: Oral,1: Oral,20.0,28.58,7.7,CASS,0,false,1
2026,2,7,10,244681,4: Transactional writing,4: Transactional writing,10.0,14.28,3.9,CASS,0,false,2
2026,2,7,10,244682,5: Response to texts,5: Response to texts,60.0,57.14,23.1,CASS,0,false,3
2026,2,7,23,244416,1: Oral,1: Oral,20.0,28.58,7.7,CASS,0,false,1
2026,2,7,23,244417,4: Transactional writing,4: Transactional writing,10.0,14.28,3.9,CASS,0,false,2
2026,2,7,23,244418,5: Response to texts,5: Response to texts,60.0,57.14,23.1,CASS,0,false,3
2026,2,7,32,246727,4,4,30.0,60.0,33.34,CASS,0,false,1
2026,2,7,32,246728,Oral 2,Oral 2,15.0,40.0,0,CASS,0,false,2
2026,2,7,53,253093,3 : Art form 1,3 : Art form 1,50.0,50.0,25.0,CASS,1,false,1
2026,2,7,53,253094,4 : Art form 2,4 : Art form 2,50.0,50.0,25.0,CASS,2,false,2
2026,2,7,89,249009,3,3,100.0,100.0,33.0,CASS,0,false,1
2026,2,7,107,244691,1: Oral,1: Oral,20.0,28.58,7.7,CASS,0,false,1
2026,2,7,107,244692,4: Transactional writing,4: Transactional writing,10.0,14.28,3.9,CASS,0,false,2
2026,2,7,107,244693,5: Response to texts,5: Response to texts,60.0,57.14,23.1,CASS,0,false,3
2026,2,7,120,244427,1: Oral,1: Oral,20.0,28.58,7.7,CASS,0,false,1
2026,2,7,120,244428,4: Transactional writing,4: Transactional writing,10.0,14.28,3.9,CASS,0,false,2
2026,2,7,120,244429,5: Response to texts,5: Response to texts,60.0,57.14,23.1,CASS,0,false,3
2026,2,7,129,246754,4,4,30.0,60.0,33.34,CASS,0,false,1
2026,2,7,129,246755,Oral 2,Oral 2,15.0,40.0,0,CASS,0,false,2
2026,2,7,151,246781,4,4,30.0,60.0,33.34,CASS,0,false,1
2026,2,7,151,246782,Oral 2,Oral 2,15.0,40.0,0,CASS,0,false,2
2026,2,7,194,244702,1: Oral,1: Oral,20.0,28.58,7.7,CASS,0,false,1
2026,2,7,194,244703,4: Transactional writing,4: Transactional writing,10.0,14.28,3.9,CASS,0,false,2
2026,2,7,194,244704,5: Response to texts,5: Response to texts,60.0,57.14,23.1,CASS,0,false,3
2026,2,7,207,244438,1: Oral,1: Oral,20.0,28.58,7.7,CASS,0,false,1
2026,2,7,207,244439,4: Transactional writing,4: Transactional writing,10.0,14.28,3.9,CASS,0,false,2
2026,2,7,207,244440,5: Response to texts,5: Response to texts,60.0,57.14,23.1,CASS,0,false,3
2026,2,7,216,246808,4,4,30.0,60.0,33.34,CASS,0,false,1
2026,2,7,216,246809,Oral 2,Oral 2,15.0,40.0,0,CASS,0,false,2
2026,2,7,228,244713,1: Oral,1: Oral,20.0,28.58,7.7,CASS,0,false,1
2026,2,7,228,244714,4: Transactional writing,4: Transactional writing,10.0,14.28,3.9,CASS,0,false,2
2026,2,7,228,244715,5: Response to texts,5: Response to texts,60.0,57.14,23.1,CASS,0,false,3
2026,2,7,241,244449,1: Oral,1: Oral,20.0,28.58,7.7,CASS,0,false,1
2026,2,7,241,244450,4: Transactional writing,4: Transactional writing,10.0,14.28,3.9,CASS,0,false,2
2026,2,7,241,244451,5: Response to texts,5: Response to texts,60.0,57.14,23.1,CASS,0,false,3
2026,2,7,250,246871,4,4,30.0,60.0,33.34,CASS,0,false,1
2026,2,7,250,246872,Oral 2,Oral 2,15.0,40.0,0,CASS,0,false,2
2026,2,7,262,244724,1: Oral,1: Oral,20.0,28.58,7.7,CASS,0,false,1
2026,2,7,262,244725,4: Transactional writing,4: Transactional writing,10.0,14.28,3.9,CASS,0,false,2
2026,2,7,262,244726,5: Response to texts,5: Response to texts,60.0,57.14,23.1,CASS,0,false,3
2026,2,7,275,244460,1: Oral,1: Oral,20.0,28.58,7.7,CASS,0,false,1
2026,2,7,275,244461,4: Transactional writing,4: Transactional writing,10.0,14.28,3.9,CASS,0,false,2
2026,2,7,275,244462,5: Response to texts,5: Response to texts,60.0,57.14,23.1,CASS,0,false,3
2026,2,7,284,246835,4,4,30.0,60.0,33.34,CASS,0,false,1
2026,2,7,284,246836,Oral 2,Oral 2,15.0,40.0,0,CASS,0,false,2
2026,2,7,300,248446,3,3,70.0,70.0,24.0,CASS,0,false,1
2026,2,7,300,248447,PET,PET,30.0,30.0,10.0,CASS,0,false,2
2026,2,7,329,248598,3,3,40.0,40.0,15.0,CASS,0,false,1
2026,2,7,329,248599,4: Test,4: Test,50.0,60.0,20.0,CASS,0,false,2
2026,2,7,351,249246,3: Prac Task/ Investigation,3: Prac Task/ Investigation,20.0,40.0,12.5,CASS,0,false,1
2026,2,7,351,249247,4: Test,4: Test,30.0,60.0,25.0,CASS,0,false,2
2026,2,7,383,244735,1: Oral,1: Oral,20.0,28.58,7.7,CASS,0,false,1
2026,2,7,383,244736,4: Transactional writing,4: Transactional writing,10.0,14.28,3.9,CASS,0,false,2
2026,2,7,383,244737,5: Response to texts,5: Response to texts,60.0,57.14,23.1,CASS,0,false,3
2026,2,7,396,244471,1: Oral,1: Oral,20.0,28.58,7.7,CASS,0,false,1
2026,2,7,396,244472,4: Transactional writing,4: Transactional writing,10.0,14.28,3.9,CASS,0,false,2
2026,2,7,396,244473,5: Response to texts,5: Response to texts,60.0,57.14,23.1,CASS,0,false,3
2026,2,7,405,246916,4,4,30.0,60.0,33.34,CASS,0,false,1
2026,2,7,405,246917,Oral 2,Oral 2,15.0,40.0,0,CASS,0,false,2
2026,2,7,415,244482,1: Oral,1: Oral,20.0,28.58,7.7,CASS,0,false,1
2026,2,7,415,244483,4: Transactional writing,4: Transactional writing,10.0,14.28,3.9,CASS,0,false,2
2026,2,7,415,244484,5: Response to texts,5: Response to texts,60.0,57.14,23.1,CASS,0,false,3
2026,2,7,424,246943,4,4,30.0,60.0,33.34,CASS,0,false,1
2026,2,7,424,246944,Oral 2,Oral 2,15.0,40.0,0,CASS,0,false,2
2026,2,7,436,244746,1: Oral,1: Oral,20.0,28.58,7.7,CASS,0,false,1
2026,2,7,436,244747,4: Transactional writing,4: Transactional writing,10.0,14.28,3.9,CASS,0,false,2
2026,2,7,436,244748,5: Response to texts,5: Response to texts,60.0,57.14,23.1,CASS,0,false,3
2026,2,7,449,244493,1: Oral,1: Oral,20.0,28.58,7.7,CASS,0,false,1
2026,2,7,449,244494,4: Transactional writing,4: Transactional writing,10.0,14.28,3.9,CASS,0,false,2
2026,2,7,449,244495,5: Response to texts,5: Response to texts,60.0,57.14,23.1,CASS,0,false,3
2026,2,7,458,246970,4,4,30.0,60.0,33.34,CASS,0,false,1
2026,2,7,458,246971,Oral 2,Oral 2,15.0,40.0,0,CASS,0,false,2
2026,2,7,470,244757,1: Oral,1: Oral,20.0,28.58,7.7,CASS,0,false,1
2026,2,7,470,244758,4: Transactional writing,4: Transactional writing,10.0,14.28,3.9,CASS,0,false,2
2026,2,7,470,244759,5: Response to texts,5: Response to texts,60.0,57.14,23.1,CASS,0,false,3
2026,2,7,483,244504,1: Oral,1: Oral,20.0,28.58,7.7,CASS,0,false,1
2026,2,7,483,244505,4: Transactional writing,4: Transactional writing,10.0,14.28,3.9,CASS,0,false,2
2026,2,7,483,244506,5: Response to texts,5: Response to texts,60.0,57.14,23.1,CASS,0,false,3
2026,2,7,492,246997,4,4,30.0,60.0,33.34,CASS,0,false,1
2026,2,7,492,246998,Oral 2,Oral 2,15.0,40.0,0,CASS,0,false,2
2026,2,7,504,244768,1: Oral,1: Oral,20.0,28.58,7.7,CASS,0,false,1
2026,2,7,504,244769,4: Transactional writing,4: Transactional writing,10.0,14.28,3.9,CASS,0,false,2
2026,2,7,504,244770,5: Response to texts,5: Response to texts,60.0,57.14,23.1,CASS,0,false,3
2026,2,7,517,244515,1: Oral,1: Oral,20.0,28.58,7.7,CASS,0,false,1
2026,2,7,517,244516,4: Transactional writing,4: Transactional writing,10.0,14.28,3.9,CASS,0,false,2
2026,2,7,517,244517,5: Response to texts,5: Response to texts,60.0,57.14,23.1,CASS,0,false,3
2026,2,7,526,247024,4,4,30.0,60.0,33.34,CASS,0,false,1
2026,2,7,526,247025,Oral 2,Oral 2,15.0,40.0,0,CASS,0,false,2
2026,2,7,535,248814,3 : Geography,3 : Geography,50.0,50.0,20.0,CASS,1,false,1
2026,2,7,535,248815,4 : History,4 : History,50.0,50.0,20.0,CASS,2,false,2
2026,2,7,558,248847,2,2,30.0,100.0,33.34,CASS,0,false,1
2026,2,7,586,244779,1: Oral,1: Oral,20.0,28.58,7.7,CASS,0,false,1
2026,2,7,586,244780,4: Transactional writing,4: Transactional writing,10.0,14.28,3.9,CASS,0,false,2
2026,2,7,586,244781,5: Response to texts,5: Response to texts,60.0,57.14,23.1,CASS,0,false,3
2026,2,7,599,244526,1: Oral,1: Oral,20.0,28.58,7.7,CASS,0,false,1
2026,2,7,599,244527,4: Transactional writing,4: Transactional writing,10.0,14.28,3.9,CASS,0,false,2
2026,2,7,599,244528,5: Response to texts,5: Response to texts,60.0,57.14,23.1,CASS,0,false,3
2026,2,7,608,247051,4,4,30.0,60.0,33.34,CASS,0,false,1
2026,2,7,608,247052,Oral 2,Oral 2,15.0,40.0,0,CASS,0,false,2
2026,2,7,631,250436,Theory,Theory,25.0,25.0,12.0,CASS,0,false,1
2026,2,7,631,250437,Practical,Practical,25.0,75.0,22.0,CASS,0,false,2
2026,2,7,635,250073,Practical,Practical,25.0,75.0,22.0,CASS,0,false,1
2026,2,7,635,250074,Theory,Theory,25.0,25.0,12.0,CASS,0,false,2
2026,2,7,643,250169,Practical,Practical,25.0,75.0,22.0,CASS,0,false,1
2026,2,7,643,250170,Theory,Theory,25.0,25.0,12.0,CASS,0,false,2
2026,2,7,647,249950,Practical,Practical,35.0,75.0,22.0,CASS,0,false,1
2026,2,7,647,249951,Theory,Theory,25.0,25.0,12.0,CASS,0,false,2
2026,2,7,651,250057,Practical,Practical,25.0,75.0,22.0,CASS,0,false,1
2026,2,7,651,250058,Theory,Theory,25.0,25.0,12.0,CASS,0,false,2
2026,2,7,655,250668,1. Listening and speaking,1. Listening and speaking,25.0,25.0,8.5,CASS,1,false,1
2026,2,7,655,250669,2. Reading and viewing,2. Reading and viewing,35.0,35.0,8.5,CASS,2,false,2
2026,2,7,655,250670,3. Language structures & conventions,3. Language structures & conventions,15.0,15.0,8.5,CASS,3,false,3
2026,2,7,655,250671,4. Writing and Presenting,4. Writing and Presenting,25.0,25.0,8.5,CASS,4,false,4
2026,2,7,659,250700,1. Listening and speaking,1. Listening and speaking,25.0,25.0,8.5,CASS,1,false,1
2026,2,7,659,250701,2. Reading and viewing,2. Reading and viewing,35.0,35.0,8.5,CASS,2,false,2
2026,2,7,659,250702,3. Language structures & conventions,3. Language structures & conventions,15.0,15.0,8.5,CASS,3,false,3
2026,2,7,659,250703,4. Writing and Presenting,4. Writing and Presenting,25.0,25.0,8.5,CASS,4,false,4
2026,2,7,663,250732,1. Listening and speaking,1. Listening and speaking,25.0,25.0,8.5,CASS,1,false,1
2026,2,7,663,250733,2. Reading and viewing,2. Reading and viewing,35.0,35.0,8.5,CASS,2,false,2
2026,2,7,663,250734,3. Language structures & conventions,3. Language structures & conventions,15.0,15.0,8.5,CASS,3,false,3
2026,2,7,663,250735,4. Writing and Presenting,4. Writing and Presenting,25.0,25.0,8.5,CASS,4,false,4
2026,2,7,667,250764,1. Listening and speaking,1. Listening and speaking,25.0,25.0,8.5,CASS,1,false,1
2026,2,7,667,250765,2. Reading and viewing,2. Reading and viewing,35.0,35.0,8.5,CASS,2,false,2
2026,2,7,667,250766,3. Language structures & conventions,3. Language structures & conventions,15.0,15.0,8.5,CASS,3,false,3
2026,2,7,667,250767,4. Writing and Presenting,4. Writing and Presenting,25.0,25.0,8.5,CASS,4,false,4
2026,2,7,671,250796,1. Listening and speaking,1. Listening and speaking,25.0,25.0,8.5,CASS,1,false,1
2026,2,7,671,250797,2. Reading and viewing,2. Reading and viewing,35.0,35.0,8.5,CASS,2,false,2
2026,2,7,671,250798,3. Language structures & conventions,3. Language structures & conventions,15.0,15.0,8.5,CASS,3,false,3
2026,2,7,671,250799,4. Writing and Presenting,4. Writing and Presenting,25.0,25.0,8.5,CASS,4,false,4
2026,2,7,675,250828,1. Listening and speaking,1. Listening and speaking,25.0,25.0,8.5,CASS,1,false,1
2026,2,7,675,250829,2. Reading and viewing,2. Reading and viewing,35.0,35.0,8.5,CASS,2,false,2
2026,2,7,675,250830,3. Language structures & conventions,3. Language structures & conventions,15.0,15.0,8.5,CASS,3,false,3
2026,2,7,675,250831,4. Writing and Presenting,4. Writing and Presenting,25.0,25.0,8.5,CASS,4,false,4
2026,2,7,679,250860,1. Listening and speaking,1. Listening and speaking,25.0,25.0,8.5,CASS,1,false,1
2026,2,7,679,250861,2. Reading and viewing,2. Reading and viewing,35.0,35.0,8.5,CASS,2,false,2
2026,2,7,679,250862,3. Language structures & conventions,3. Language structures & conventions,15.0,15.0,8.5,CASS,3,false,3
2026,2,7,679,250863,4. Writing and Presenting,4. Writing and Presenting,25.0,25.0,8.5,CASS,4,false,4
2026,2,7,683,250892,1. Listening and speaking,1. Listening and speaking,25.0,25.0,8.5,CASS,1,false,1
2026,2,7,683,250893,2. Reading and viewing,2. Reading and viewing,35.0,35.0,8.5,CASS,2,false,2
2026,2,7,683,250894,3. Language structures & conventions,3. Language structures & conventions,15.0,15.0,8.5,CASS,3,false,3
2026,2,7,683,250895,4. Writing and Presenting,4. Writing and Presenting,25.0,25.0,8.5,CASS,4,false,4
2026,2,7,687,250924,1. Listening and speaking,1. Listening and speaking,25.0,25.0,8.5,CASS,1,false,1
2026,2,7,687,250925,2. Reading and viewing,2. Reading and viewing,35.0,35.0,8.5,CASS,2,false,2
2026,2,7,687,250926,3. Language structures & conventions,3. Language structures & conventions,15.0,15.0,8.5,CASS,3,false,3
2026,2,7,687,250927,4. Writing and Presenting,4. Writing and Presenting,25.0,25.0,8.5,CASS,4,false,4
2026,2,7,691,250956,1. Listening and speaking,1. Listening and speaking,25.0,25.0,8.5,CASS,1,false,1
2026,2,7,691,250957,2. Reading and viewing,2. Reading and viewing,35.0,35.0,8.5,CASS,2,false,2
2026,2,7,691,250958,3. Language structures & conventions,3. Language structures & conventions,15.0,15.0,8.5,CASS,3,false,3
2026,2,7,691,250959,4. Writing and Presenting,4. Writing and Presenting,25.0,25.0,8.5,CASS,4,false,4
2026,2,7,695,250988,1. Listening and speaking,1. Listening and speaking,25.0,25.0,8.5,CASS,1,false,1
2026,2,7,695,250989,2. Reading and viewing,2. Reading and viewing,35.0,35.0,8.5,CASS,2,false,2
2026,2,7,695,250990,3. Language structures & conventions,3. Language structures & conventions,15.0,15.0,8.5,CASS,3,false,3
2026,2,7,695,250991,4. Writing and Presenting,4. Writing and Presenting,25.0,25.0,8.5,CASS,4,false,4
2026,2,7,699,249684,Keyboard Skills,Keyboard Skills,20.0,15.0,3.75,CASS,1,false,1
2026,2,7,699,249685,Graphics,Graphics,20.0,10.0,2.5,CASS,2,false,2
2026,2,7,699,249686,Word Processor,Word Processor,20.0,15.0,3.75,CASS,3,false,3
2026,2,7,699,249687,Spreadsheet,Spreadsheet,20.0,15.0,3.75,CASS,4,false,4
2026,2,7,699,249688,Presentations,Presentations,20.0,15.0,3.75,CASS,5,false,5
2026,2,7,699,249689,Systems Technologies,Systems Technologies,20.0,15.0,3.75,CASS,6,false,6
2026,2,7,699,249690,Internet & e-communications,Internet & e-communications,20.0,15.0,3.75,CASS,7,false,7
2026,2,7,707,250089,Practical,Practical,25.0,75.0,22.0,CASS,0,false,1
2026,2,7,707,250090,Theory,Theory,25.0,25.0,12.0,CASS,0,false,2
2026,2,7,715,250196,Practical,Practical,150.0,75.0,22.0,CASS,0,false,1
2026,2,7,715,250197,Theory,Theory,50.0,25.0,12.0,CASS,0,false,2
2026,2,7,731,250009,Practical,Practical,25.0,75.0,22.0,CASS,0,false,1
2026,2,7,731,250010,Theory,Theory,25.0,25.0,12.0,CASS,0,false,2
2026,2,7,735,250463,Practical,Practical,50.0,75.0,22.0,CASS,0,false,1
2026,2,7,735,250464,Theory,Theory,50.0,25.0,12.0,CASS,0,false,2
2026,2,7,751,250409,Theory,Theory,25.0,25.0,12.0,CASS,0,false,1
2026,2,7,751,250410,Practical,Practical,25.0,75.0,22.0,CASS,0,false,2
2026,2,7,755,249626,2,2,30.0,100.0,25.0,CASS,1,false,1
2026,2,7,759,249528,4,4,25.0,35.0,12.0,CASS,0,false,1
2026,2,7,759,249529,5,5,25.0,35.0,12.0,CASS,0,false,2
2026,2,7,759,249530,6: Test,6: Test,50.0,30.0,10.0,CASS,0,false,3
2026,2,7,763,250121,Practical,Practical,25.0,75.0,22.0,CASS,0,false,1
2026,2,7,763,250122,Theory,Theory,25.0,25.0,12.0,CASS,0,false,2
2026,2,7,767,249977,Practical,Practical,25.0,75.0,22.0,CASS,0,false,1
2026,2,7,767,249978,Theory,Theory,25.0,25.0,12.0,CASS,0,false,2
2026,2,7,771,250153,Practical,Practical,25.0,75.0,22.0,CASS,0,false,1
2026,2,7,771,250154,Theory,Theory,25.0,25.0,12.0,CASS,0,false,2
2026,2,7,775,249923,Practical,Practical,50.0,75.0,22.0,CASS,0,false,1
2026,2,7,775,249924,Theory,Theory,50.0,25.0,12.0,CASS,0,false,2
2026,2,7,779,250137,Practical,Practical,25.0,75.0,22.0,CASS,0,false,1
2026,2,7,779,250138,Theory,Theory,25.0,25.0,12.0,CASS,0,false,2
2026,2,7,787,249594,3,3,20.0,67.0,17.0,CASS,0,false,1
2026,2,7,787,249595,4,4,10.0,33.0,8.0,CASS,0,false,2
2026,2,7,803,250250,Practical,Practical,75.0,75.0,22.0,CASS,0,false,1
2026,2,7,803,250251,Test,Test,25.0,25.0,12.0,CASS,0,false,2
2026,2,7,819,250025,Practical,Practical,25.0,75.0,22.0,CASS,0,false,1
2026,2,7,819,250026,Theory,Theory,25.0,25.0,12.0,CASS,0,false,2
2026,2,7,831,250105,Practical,Practical,25.0,75.0,22.0,CASS,0,false,1
2026,2,7,831,250106,Theory,Theory,25.0,25.0,12.0,CASS,0,false,2
2026,2,7,843,244790,1: Oral,1: Oral,20.0,28.58,7.7,CASS,0,false,1
2026,2,7,843,244791,4: Transactional writing,4: Transactional writing,10.0,14.28,3.9,CASS,0,false,2
2026,2,7,843,244792,5: Response to texts,5: Response to texts,60.0,57.14,23.1,CASS,0,false,3
2026,2,7,856,244537,1: Oral,1: Oral,20.0,28.58,7.7,CASS,0,false,1
2026,2,7,856,244538,4: Transactional writing,4: Transactional writing,10.0,14.28,3.9,CASS,0,false,2
2026,2,7,856,244539,5: Response to texts,5: Response to texts,60.0,57.14,23.1,CASS,0,false,3
2026,2,7,865,247078,4,4,30.0,60.0,33.34,CASS,0,false,1
2026,2,7,865,247079,Oral 2,Oral 2,15.0,40.0,0,CASS,0,false,2
2026,2,7,880,246862,4,4,30.0,60.0,33.34,CASS,0,false,1
2026,2,7,880,246863,Oral 2,Oral 2,15.0,40.0,0,CASS,0,false,2
2026,2,7,896,244922,Observing and Signing 1,Observing and Signing 1,20.0,28.58,7.7,CASS,0,false,1
2026,2,7,896,244923,4: Transactional recording,4: Transactional recording,10.0,14.28,3.9,CASS,0,false,2
2026,2,7,896,244924,5: Response to texts,5: Response to texts,60.0,57.14,23.1,CASS,0,false,3
2026,2,7,909,251223,1. Listening and speaking,1. Listening and speaking,25.0,25.0,6.25,CASS,1,false,1
2026,2,7,909,251224,2. Reading and viewing,2. Reading and viewing,35.0,35.0,8.75,CASS,2,false,2
2026,2,7,909,251225,3. Language structures & conventions,3. Language structures & conventions,15.0,15.0,3.75,CASS,3,false,3
2026,2,7,909,251226,4. Writing and Recording,4. Writing and Recording,25.0,25.0,6.25,CASS,4,false,4
2026,2,7,913,251426,1. Listening and speaking,1. Listening and speaking,25.0,25.0,8.5,CASS,1,false,1
2026,2,7,913,251427,2. Reading and viewing,2. Reading and viewing,35.0,20.0,8.5,CASS,2,false,2
2026,2,7,913,251428,4. Language structures & conventions,4. Language structures & conventions,15.0,30.0,8.5,CASS,3,false,3
2026,2,7,913,251429,3. Writing and Presenting,3. Writing and Presenting,25.0,25.0,8.5,CASS,4,false,4
2026,2,7,917,251442,1. Listening and speaking,1. Listening and speaking,25.0,25.0,8.5,CASS,1,false,1
2026,2,7,917,251443,2. Reading and viewing,2. Reading and viewing,35.0,20.0,8.5,CASS,2,false,2
2026,2,7,917,251444,4. Language structures & conventions,4. Language structures & conventions,15.0,30.0,8.5,CASS,3,false,3
2026,2,7,917,251445,3. Writing and Presenting,3. Writing and Presenting,25.0,25.0,8.5,CASS,4,false,4
2026,2,7,921,251458,1. Listening and speaking,1. Listening and speaking,25.0,25.0,8.5,CASS,1,false,1
2026,2,7,921,251459,2. Reading and viewing,2. Reading and viewing,35.0,20.0,8.5,CASS,2,false,2
2026,2,7,921,251460,4. Language structures & conventions,4. Language structures & conventions,15.0,30.0,8.5,CASS,3,false,3
2026,2,7,921,251461,3. Writing and Presenting,3. Writing and Presenting,25.0,25.0,8.5,CASS,4,false,4
2026,2,7,925,251474,1. Listening and speaking,1. Listening and speaking,25.0,25.0,8.5,CASS,1,false,1
2026,2,7,925,251475,2. Reading and viewing,2. Reading and viewing,35.0,20.0,8.5,CASS,2,false,2
2026,2,7,925,251476,4. Language structures & conventions,4. Language structures & conventions,15.0,30.0,8.5,CASS,3,false,3
2026,2,7,925,251477,3. Writing and Presenting,3. Writing and Presenting,25.0,25.0,8.5,CASS,4,false,4
2026,2,7,929,251490,1. Listening and speaking,1. Listening and speaking,25.0,25.0,8.5,CASS,1,false,1
2026,2,7,929,251491,2. Reading and viewing,2. Reading and viewing,35.0,20.0,8.5,CASS,2,false,2
2026,2,7,929,251492,4. Language structures & conventions,4. Language structures & conventions,15.0,30.0,8.5,CASS,3,false,3
2026,2,7,929,251493,3. Writing and Presenting,3. Writing and Presenting,25.0,25.0,8.5,CASS,4,false,4
2026,2,7,933,251506,1. Listening and speaking,1. Listening and speaking,25.0,25.0,8.5,CASS,1,false,1
2026,2,7,933,251507,2. Reading and viewing,2. Reading and viewing,35.0,20.0,8.5,CASS,2,false,2
2026,2,7,933,251508,4. Language structures & conventions,4. Language structures & conventions,15.0,30.0,8.5,CASS,3,false,3
2026,2,7,933,251509,3. Writing and Presenting,3. Writing and Presenting,25.0,25.0,8.5,CASS,4,false,4
2026,2,7,937,251522,1. Listening and speaking,1. Listening and speaking,25.0,25.0,8.5,CASS,1,false,1
2026,2,7,937,251523,2. Reading and viewing,2. Reading and viewing,35.0,20.0,8.5,CASS,2,false,2
2026,2,7,937,251524,4. Language structures & conventions,4. Language structures & conventions,15.0,30.0,8.5,CASS,3,false,3
2026,2,7,937,251525,3. Writing and Presenting,3. Writing and Presenting,25.0,25.0,8.5,CASS,4,false,4
2026,2,7,941,251538,1. Listening and speaking,1. Listening and speaking,25.0,25.0,8.5,CASS,1,false,1
2026,2,7,941,251539,2. Reading and viewing,2. Reading and viewing,35.0,20.0,8.5,CASS,2,false,2
2026,2,7,941,251540,4. Language structures & conventions,4. Language structures & conventions,15.0,30.0,8.5,CASS,3,false,3
2026,2,7,941,251541,3. Writing and Presenting,3. Writing and Presenting,25.0,25.0,8.5,CASS,4,false,4
2026,2,7,945,251554,1. Listening and speaking,1. Listening and speaking,25.0,25.0,8.5,CASS,1,false,1
2026,2,7,945,251555,2. Reading and viewing,2. Reading and viewing,35.0,20.0,8.5,CASS,2,false,2
2026,2,7,945,251556,4. Language structures & conventions,4. Language structures & conventions,15.0,30.0,8.5,CASS,3,false,3
2026,2,7,945,251557,3. Writing and Presenting,3. Writing and Presenting,25.0,25.0,8.5,CASS,4,false,4
2026,2,7,949,251570,1. Listening and speaking,1. Listening and speaking,25.0,25.0,8.5,CASS,1,false,1
2026,2,7,949,251571,2. Reading and viewing,2. Reading and viewing,35.0,20.0,8.5,CASS,2,false,2
2026,2,7,949,251572,4. Language structures & conventions,4. Language structures & conventions,15.0,30.0,8.5,CASS,3,false,3
2026,2,7,949,251573,3. Writing and Presenting,3. Writing and Presenting,25.0,25.0,8.5,CASS,4,false,4
2026,2,7,953,251586,1. Listening and speaking,1. Listening and speaking,25.0,25.0,8.5,CASS,1,false,1
2026,2,7,953,251587,2. Reading and viewing,2. Reading and viewing,35.0,20.0,8.5,CASS,2,false,2
2026,2,7,953,251588,4. Language structures & conventions,4. Language structures & conventions,15.0,30.0,8.5,CASS,3,false,3
2026,2,7,953,251589,3. Writing and Presenting,3. Writing and Presenting,25.0,25.0,8.5,CASS,4,false,4
2026,2,7,965,250223,Practical,Practical,75.0,75.0,22.0,CASS,0,false,1
2026,2,7,965,250224,Theory,Theory,25.0,25.0,12.0,CASS,0,false,2
2026,2,7,969,250041,Practical,Practical,25.0,75.0,22.0,CASS,0,false,1
2026,2,7,969,250042,Theory,Theory,25.0,25.0,12.0,CASS,0,false,2
2026,2,7,973,249993,Practical,Practical,25.0,75.0,22.0,CASS,0,false,1
2026,2,7,973,249994,Theory,Theory,25.0,25.0,12.0,CASS,0,false,2
2026,2,7,977,249638,2,2,50.0,100.0,27.0,CASS,1,false,1
2026,2,7,981,249560,Practical,Practical,20.0,60.0,12.0,CASS,0,false,1
2026,2,7,981,249561,Test,Test,30.0,40.0,8.0,CASS,0,false,2
2026,2,7,1734,254042,2,2,10.0,100.0,25.0,CASS,0,false,1
2026,2,7,1754,253109,3 : Art form 1,3 : Art form 1,50.0,50.0,25.0,CASS,1,false,1
2026,2,7,1754,253110,4 : Art form 2,4 : Art form 2,50.0,50.0,25.0,CASS,2,false,2
2026,2,7,1755,253117,3 : Art form 1,3 : Art form 1,50.0,50.0,25.0,CASS,1,false,1
2026,2,7,1755,253118,4 : Art form 2,4 : Art form 2,50.0,50.0,25.0,CASS,2,false,2
2026,2,7,1756,253125,3 : Art form 1,3 : Art form 1,50.0,50.0,25.0,CASS,1,false,1
2026,2,7,1756,253126,4 : Art form 2,4 : Art form 2,50.0,50.0,25.0,CASS,2,false,2
2026,2,7,1757,253133,3 : Art form 1,3 : Art form 1,50.0,50.0,25.0,CASS,1,false,1
2026,2,7,1757,253134,4 : Art form 2,4 : Art form 2,50.0,50.0,25.0,CASS,2,false,2
2026,2,7,1758,253141,3 : Art form 1,3 : Art form 1,50.0,50.0,25.0,CASS,1,false,1
2026,2,7,1758,253142,4 : Art form 2,4 : Art form 2,50.0,50.0,25.0,CASS,2,false,2
2026,2,7,1759,253149,3 : Art form 1,3 : Art form 1,50.0,50.0,25.0,CASS,1,false,1
2026,2,7,1759,253150,4 : Art form 2,4 : Art form 2,50.0,50.0,25.0,CASS,2,false,2
2026,2,7,1775,254215,3,3,50.0,50.0,14.0,CASS,0,false,1
2026,2,7,1775,254216,4,4,50.0,50.0,16.0,CASS,0,false,2
2026,2,7,1776,254223,3,3,50.0,50.0,14.0,CASS,0,false,1
2026,2,7,1776,254224,4,4,50.0,50.0,16.0,CASS,0,false,2
2026,2,7,1777,254231,3,3,50.0,50.0,14.0,CASS,0,false,1
2026,2,7,1777,254232,4,4,50.0,50.0,16.0,CASS,0,false,2
2026,2,7,1778,254239,3,3,50.0,50.0,14.0,CASS,0,false,1
2026,2,7,1778,254240,4,4,50.0,50.0,16.0,CASS,0,false,2
2026,2,7,1779,254247,3,3,50.0,50.0,14.0,CASS,0,false,1
2026,2,7,1779,254248,4,4,50.0,50.0,16.0,CASS,0,false,2
2026,2,7,1780,254255,3,3,50.0,50.0,14.0,CASS,0,false,1
2026,2,7,1780,254256,4,4,50.0,50.0,16.0,CASS,0,false,2
2026,2,7,1781,254263,3,3,50.0,50.0,14.0,CASS,0,false,1
2026,2,7,1781,254264,4,4,50.0,50.0,16.0,CASS,0,false,2
2026,2,7,1782,254271,3,3,50.0,50.0,14.0,CASS,0,false,1
2026,2,7,1782,254272,4,4,50.0,50.0,16.0,CASS,0,false,2
2026,2,7,1783,254279,3,3,50.0,50.0,14.0,CASS,0,false,1
2026,2,7,1783,254280,4,4,50.0,50.0,16.0,CASS,0,false,2
2026,2,7,1784,254287,3,3,50.0,50.0,14.0,CASS,0,false,1
2026,2,7,1784,254288,4,4,50.0,50.0,16.0,CASS,0,false,2
2026,2,7,1785,254295,3,3,50.0,50.0,14.0,CASS,0,false,1
2026,2,7,1785,254296,4,4,50.0,50.0,16.0,CASS,0,false,2
2026,3,0,16,254079,Listening and speaking,Listening and speaking,3.0,60.0,15.0,CASS,1,false,1
2026,3,0,16,254080,Emergent reading,Emergent reading,3.0,20.0,5.0,CASS,2,false,2
2026,3,0,16,254081,Emergent writing,Emergent writing,3.0,20.0,5.0,CASS,3,false,3
2026,3,0,113,254091,Listening and speaking,Listening and speaking,3.0,60.0,15.0,CASS,1,false,1
2026,3,0,113,254092,Emergent reading,Emergent reading,3.0,20.0,5.0,CASS,2,false,2
2026,3,0,113,254093,Emergent writing,Emergent writing,3.0,20.0,5.0,CASS,3,false,3
2026,3,0,200,254103,Listening and speaking,Listening and speaking,3.0,60.0,15.0,CASS,1,false,1
2026,3,0,200,254104,Emergent reading,Emergent reading,3.0,20.0,5.0,CASS,2,false,2
2026,3,0,200,254105,Emergent writing,Emergent writing,3.0,20.0,5.0,CASS,3,false,3
2026,3,0,234,254115,Listening and speaking,Listening and speaking,3.0,60.0,15.0,CASS,1,false,1
2026,3,0,234,254116,Emergent reading,Emergent reading,3.0,20.0,5.0,CASS,2,false,2
2026,3,0,234,254117,Emergent writing,Emergent writing,3.0,20.0,5.0,CASS,3,false,3
2026,3,0,268,254127,Listening and speaking,Listening and speaking,3.0,60.0,15.0,CASS,1,false,1
2026,3,0,268,254128,Emergent reading,Emergent reading,3.0,20.0,5.0,CASS,2,false,2
2026,3,0,268,254129,Emergent writing,Emergent writing,3.0,20.0,5.0,CASS,3,false,3
2026,3,0,309,253339,Beginning Knowledge & PSW,Beginning Knowledge & PSW,3.0,33.0,8.25,CASS,3,false,1
2026,3,0,309,253340,Creative Arts,Creative Arts,3.0,33.0,8.25,CASS,1,false,2
2026,3,0,309,253341,Physical Education,Physical Education,3.0,34.0,8.5,CASS,2,false,3
2026,3,0,322,253403,"1: Numbers, operations and relationships","1: Numbers, operations and relationships",3.0,65.0,16.25,CASS,1,false,1
2026,3,0,322,253404,"2: Patterns, functions and algebra","2: Patterns, functions and algebra",3.0,10.0,2.5,CASS,2,false,2
2026,3,0,322,253405,3: Space and shape (Geometry),3: Space and shape (Geometry),3.0,11.0,2.75,CASS,3,false,3
2026,3,0,322,253406,4: Measurement,4: Measurement,3.0,9.0,2.25,CASS,4,false,4
2026,3,0,322,253407,5: Data handling,5: Data handling,3.0,5.0,1.25,CASS,5,false,5
2026,3,0,389,254139,Listening and speaking,Listening and speaking,3.0,60.0,15.0,CASS,1,false,1
2026,3,0,389,254140,Emergent reading,Emergent reading,3.0,20.0,5.0,CASS,2,false,2
2026,3,0,389,254141,Emergent writing,Emergent writing,3.0,20.0,5.0,CASS,3,false,3
2026,3,0,442,254151,Listening and speaking,Listening and speaking,3.0,60.0,15.0,CASS,1,false,1
2026,3,0,442,254152,Emergent reading,Emergent reading,3.0,20.0,5.0,CASS,2,false,2
2026,3,0,442,254153,Emergent writing,Emergent writing,3.0,20.0,5.0,CASS,3,false,3
2026,3,0,476,254163,Listening and speaking,Listening and speaking,3.0,60.0,15.0,CASS,1,false,1
2026,3,0,476,254164,Emergent reading,Emergent reading,3.0,20.0,5.0,CASS,2,false,2
2026,3,0,476,254165,Emergent writing,Emergent writing,3.0,20.0,5.0,CASS,3,false,3
2026,3,0,510,254175,Listening and speaking,Listening and speaking,3.0,60.0,15.0,CASS,1,false,1
2026,3,0,510,254176,Emergent reading,Emergent reading,3.0,20.0,5.0,CASS,2,false,2
2026,3,0,510,254177,Emergent writing,Emergent writing,3.0,20.0,5.0,CASS,3,false,3
2026,3,0,592,254187,Listening and speaking,Listening and speaking,3.0,60.0,15.0,CASS,1,false,1
2026,3,0,592,254188,Emergent reading,Emergent reading,3.0,20.0,5.0,CASS,2,false,2
2026,3,0,592,254189,Emergent writing,Emergent writing,3.0,20.0,5.0,CASS,3,false,3
2026,3,0,849,254199,Listening and speaking,Listening and speaking,3.0,60.0,15.0,CASS,1,false,1
2026,3,0,849,254200,Emergent reading,Emergent reading,3.0,20.0,5.0,CASS,2,false,2
2026,3,0,849,254201,Emergent writing,Emergent writing,3.0,20.0,5.0,CASS,3,false,3
2026,3,0,889,253279,Observing and Signing,Observing and Signing,3.0,60.0,10.0,CASS,1,false,1
2026,3,0,889,253280,Emergent reading,Emergent reading,3.0,20.0,8.0,CASS,2,false,2
2026,3,0,889,253281,Emergent recording,Emergent recording,3.0,20.0,7.0,CASS,3,false,3
2026,3,0,1727,254071,3,3,10.0,100.0,25.0,CASS,0,false,1
2026,3,0,1751,254209,General Development,General Development,3.0,50.0,12.5,CASS,0,false,1
2026,3,0,1751,254210,Perceptial Skills,Perceptial Skills,3.0,50.0,12.5,CASS,0,false,2
2026,3,0,1840,254729,5,5,20.0,50.0,12.5,CASS,0,false,1
2026,3,0,1840,254730,6,6,20.0,50.0,12.5,CASS,0,false,2
2026,3,0,1847,254761,5,5,20.0,50.0,12.5,CASS,0,false,1
2026,3,0,1847,254762,6,6,20.0,50.0,12.5,CASS,0,false,2
2026,3,0,1854,254793,5,5,20.0,50.0,12.5,CASS,0,false,1
2026,3,0,1854,254794,6,6,20.0,50.0,12.5,CASS,0,false,2
2026,3,0,1861,254825,5,5,20.0,50.0,12.5,CASS,0,false,1
2026,3,0,1861,254826,6,6,20.0,50.0,12.5,CASS,0,false,2
2026,3,0,1868,254857,5,5,20.0,50.0,12.5,CASS,0,false,1
2026,3,0,1868,254858,6,6,20.0,50.0,12.5,CASS,0,false,2
2026,3,0,1875,254889,5,5,20.0,50.0,12.5,CASS,0,false,1
2026,3,0,1875,254890,6,6,20.0,50.0,12.5,CASS,0,false,2
2026,3,0,1882,254921,5,5,20.0,50.0,12.5,CASS,0,false,1
2026,3,0,1882,254922,6,6,20.0,50.0,12.5,CASS,0,false,2
2026,3,0,1889,254953,5,5,20.0,50.0,12.5,CASS,0,false,1
2026,3,0,1889,254954,6,6,20.0,50.0,12.5,CASS,0,false,2
2026,3,0,1896,254985,5,5,20.0,50.0,12.5,CASS,0,false,1
2026,3,0,1896,254986,6,6,20.0,50.0,12.5,CASS,0,false,2
2026,3,0,1903,255017,5,5,20.0,50.0,12.5,CASS,0,false,1
2026,3,0,1903,255018,6,6,20.0,50.0,12.5,CASS,0,false,2
2026,3,0,1910,255049,5,5,20.0,50.0,12.5,CASS,0,false,1
2026,3,0,1910,255050,6,6,20.0,50.0,12.5,CASS,0,false,2
2026,3,0,1917,255081,5,5,20.0,50.0,12.5,CASS,0,false,1
2026,3,0,1917,255082,6,6,20.0,50.0,12.5,CASS,0,false,2
2026,3,0,1987,255113,5,5,20.0,50.0,12.5,CASS,0,false,1
2026,3,0,1987,255114,6,6,20.0,50.0,12.5,CASS,0,false,2
2026,3,1,4,238768,Listening and speaking,Listening and speaking,10.0,60.0,15.0,CASS,1,false,1
2026,3,1,4,238769,Reading (Phonics and Comprehension),Reading (Phonics and Comprehension),10.0,40.0,10.0,CASS,3,false,2
2026,3,1,17,240127,1: Listening and speaking,1: Listening and speaking,10.0,25.0,6.25,CASS,1,false,1
2026,3,1,17,240128,2: Phonics,2: Phonics,10.0,20.0,5.0,CASS,4,false,2
2026,3,1,17,240129,3: Reading and comprehension,3: Reading and comprehension,10.0,25.0,6.25,CASS,3,false,3
2026,3,1,17,240130,4: Writing,4: Writing,10.0,20.0,5.0,CASS,5,false,4
2026,3,1,17,240131,5: Handwriting,5: Handwriting,5.0,10.0,2.5,CASS,6,false,5
2026,3,1,101,238776,Listening and speaking,Listening and speaking,10.0,60.0,15.0,CASS,1,false,1
2026,3,1,101,238777,Reading (Phonics and Comprehension),Reading (Phonics and Comprehension),10.0,40.0,10.0,CASS,3,false,2
2026,3,1,114,240147,1: Listening and speaking,1: Listening and speaking,10.0,25.0,6.25,CASS,1,false,1
2026,3,1,114,240148,2: Phonics,2: Phonics,10.0,20.0,5.0,CASS,4,false,2
2026,3,1,114,240149,3: Reading and comprehension,3: Reading and comprehension,10.0,25.0,6.25,CASS,3,false,3
2026,3,1,114,240150,4: Writing,4: Writing,10.0,20.0,5.0,CASS,5,false,4
2026,3,1,114,240151,5: Handwriting,5: Handwriting,5.0,10.0,2.5,CASS,6,false,5
2026,3,1,188,238784,Listening and speaking,Listening and speaking,10.0,60.0,15.0,CASS,1,false,1
2026,3,1,188,238785,Reading (Phonics and Comprehension),Reading (Phonics and Comprehension),10.0,40.0,10.0,CASS,3,false,2
2026,3,1,201,240167,1: Listening and speaking,1: Listening and speaking,10.0,25.0,6.25,CASS,1,false,1
2026,3,1,201,240168,2: Phonics,2: Phonics,10.0,20.0,5.0,CASS,4,false,2
2026,3,1,201,240169,3: Reading and comprehension,3: Reading and comprehension,10.0,25.0,6.25,CASS,3,false,3
2026,3,1,201,240170,4: Writing,4: Writing,10.0,20.0,5.0,CASS,5,false,4
2026,3,1,201,240171,5: Handwriting,5: Handwriting,5.0,10.0,2.5,CASS,6,false,5
2026,3,1,222,238792,Listening and speaking,Listening and speaking,10.0,60.0,15.0,CASS,1,false,1
2026,3,1,222,238793,Reading (Phonics and Comprehension),Reading (Phonics and Comprehension),10.0,40.0,10.0,CASS,3,false,2
2026,3,1,235,240187,1: Listening and speaking,1: Listening and speaking,10.0,25.0,6.25,CASS,1,false,1
2026,3,1,235,240188,2: Phonics,2: Phonics,10.0,20.0,5.0,CASS,4,false,2
2026,3,1,235,240189,3: Reading and comprehension,3: Reading and comprehension,10.0,25.0,6.25,CASS,3,false,3
2026,3,1,235,240190,4: Writing,4: Writing,10.0,20.0,5.0,CASS,5,false,4
2026,3,1,235,240191,5: Handwriting,5: Handwriting,5.0,10.0,2.5,CASS,6,false,5
2026,3,1,256,238800,Listening and speaking,Listening and speaking,10.0,60.0,15.0,CASS,1,false,1
2026,3,1,256,238801,Reading (Phonics and Comprehension),Reading (Phonics and Comprehension),10.0,40.0,10.0,CASS,3,false,2
2026,3,1,269,240207,1: Listening and speaking,1: Listening and speaking,10.0,25.0,6.25,CASS,1,false,1
2026,3,1,269,240208,2: Phonics,2: Phonics,10.0,20.0,5.0,CASS,4,false,2
2026,3,1,269,240209,3: Reading and comprehension,3: Reading and comprehension,10.0,25.0,6.25,CASS,3,false,3
2026,3,1,269,240210,4: Writing,4: Writing,10.0,20.0,5.0,CASS,5,false,4
2026,3,1,269,240211,5: Handwriting,5: Handwriting,5.0,10.0,2.5,CASS,6,false,5
2026,3,1,310,248505,Beginning Knowledge & PSW,Beginning Knowledge & PSW,30.0,40.0,10.0,CASS,3,false,1
2026,3,1,310,248506,Creative Arts,Creative Arts,20.0,30.0,7.5,CASS,1,false,2
2026,3,1,310,248507,Physical Education,Physical Education,10.0,30.0,7.5,CASS,2,false,3
2026,3,1,323,249185,"1: Numbers, operations and relationships","1: Numbers, operations and relationships",20.0,65.0,16.25,CASS,1,false,1
2026,3,1,323,249186,"2: Patterns, functions and algebra","2: Patterns, functions and algebra",10.0,10.0,2.5,CASS,2,false,2
2026,3,1,323,249187,3: Space and shape (Geometry),3: Space and shape (Geometry),10.0,11.0,2.75,CASS,3,false,3
2026,3,1,323,249188,4: Measurement,4: Measurement,10.0,9.0,2.25,CASS,4,false,4
2026,3,1,323,249189,5: Data handling,5: Data handling,5.0,5.0,1.25,CASS,5,false,5
2026,3,1,377,238808,Listening and speaking,Listening and speaking,10.0,60.0,15.0,CASS,1,false,1
2026,3,1,377,238809,Reading (Phonics and Comprehension),Reading (Phonics and Comprehension),10.0,40.0,10.0,CASS,3,false,2
2026,3,1,390,240227,1: Listening and speaking,1: Listening and speaking,10.0,25.0,6.25,CASS,1,false,1
2026,3,1,390,240228,2: Phonics,2: Phonics,10.0,20.0,5.0,CASS,4,false,2
2026,3,1,390,240229,3: Reading and comprehension,3: Reading and comprehension,10.0,25.0,6.25,CASS,3,false,3
2026,3,1,390,240230,4: Writing,4: Writing,10.0,20.0,5.0,CASS,5,false,4
2026,3,1,390,240231,5: Handwriting,5: Handwriting,5.0,10.0,2.5,CASS,6,false,5
2026,3,1,430,238816,Listening and speaking,Listening and speaking,10.0,60.0,15.0,CASS,1,false,1
2026,3,1,430,238817,Reading (Phonics and Comprehension),Reading (Phonics and Comprehension),10.0,40.0,10.0,CASS,3,false,2
2026,3,1,443,240247,1: Listening and speaking,1: Listening and speaking,10.0,25.0,6.25,CASS,1,false,1
2026,3,1,443,240248,2: Phonics,2: Phonics,10.0,20.0,5.0,CASS,4,false,2
2026,3,1,443,240249,3: Reading and comprehension,3: Reading and comprehension,10.0,25.0,6.25,CASS,3,false,3
2026,3,1,443,240250,4: Writing,4: Writing,10.0,20.0,5.0,CASS,5,false,4
2026,3,1,443,240251,5: Handwriting,5: Handwriting,5.0,10.0,2.5,CASS,6,false,5
2026,3,1,464,238824,Listening and speaking,Listening and speaking,10.0,60.0,15.0,CASS,1,false,1
2026,3,1,464,238825,Reading (Phonics and Comprehension),Reading (Phonics and Comprehension),10.0,40.0,10.0,CASS,3,false,2
2026,3,1,477,240267,1: Listening and speaking,1: Listening and speaking,10.0,25.0,6.25,CASS,1,false,1
2026,3,1,477,240268,2: Phonics,2: Phonics,10.0,20.0,5.0,CASS,4,false,2
2026,3,1,477,240269,3: Reading and comprehension,3: Reading and comprehension,10.0,25.0,6.25,CASS,3,false,3
2026,3,1,477,240270,4: Writing,4: Writing,10.0,20.0,5.0,CASS,5,false,4
2026,3,1,477,240271,5: Handwriting,5: Handwriting,5.0,10.0,2.5,CASS,6,false,5
2026,3,1,498,238832,Listening and speaking,Listening and speaking,10.0,60.0,15.0,CASS,1,false,1
2026,3,1,498,238833,Reading (Phonics and Comprehension),Reading (Phonics and Comprehension),10.0,40.0,10.0,CASS,3,false,2
2026,3,1,511,240287,1: Listening and speaking,1: Listening and speaking,10.0,25.0,6.25,CASS,1,false,1
2026,3,1,511,240288,2: Phonics,2: Phonics,10.0,20.0,5.0,CASS,4,false,2
2026,3,1,511,240289,3: Reading and comprehension,3: Reading and comprehension,10.0,25.0,6.25,CASS,3,false,3
2026,3,1,511,240290,4: Writing,4: Writing,10.0,20.0,5.0,CASS,5,false,4
2026,3,1,511,240291,5: Handwriting,5: Handwriting,5.0,10.0,2.5,CASS,6,false,5
2026,3,1,580,238840,Listening and speaking,Listening and speaking,10.0,60.0,15.0,CASS,1,false,1
2026,3,1,580,238841,Reading (Phonics and Comprehension),Reading (Phonics and Comprehension),10.0,40.0,10.0,CASS,3,false,2
2026,3,1,593,240307,1: Listening and speaking,1: Listening and speaking,10.0,25.0,6.25,CASS,1,false,1
2026,3,1,593,240308,2: Phonics,2: Phonics,10.0,20.0,5.0,CASS,4,false,2
2026,3,1,593,240309,3: Reading and comprehension,3: Reading and comprehension,10.0,25.0,6.25,CASS,3,false,3
2026,3,1,593,240310,4: Writing,4: Writing,10.0,20.0,5.0,CASS,5,false,4
2026,3,1,593,240311,5: Handwriting,5: Handwriting,5.0,10.0,2.5,CASS,6,false,5
2026,3,1,837,238848,Listening and speaking,Listening and speaking,10.0,60.0,15.0,CASS,1,false,1
2026,3,1,837,238849,Reading (Phonics and Comprehension),Reading (Phonics and Comprehension),10.0,40.0,10.0,CASS,3,false,2
2026,3,1,850,240327,1: Listening and speaking,1: Listening and speaking,10.0,25.0,6.25,CASS,1,false,1
2026,3,1,850,240328,2: Phonics,2: Phonics,10.0,20.0,5.0,CASS,4,false,2
2026,3,1,850,240329,3: Reading and comprehension,3: Reading and comprehension,10.0,25.0,6.25,CASS,3,false,3
2026,3,1,850,240330,4: Writing,4: Writing,10.0,20.0,5.0,CASS,5,false,4
2026,3,1,850,240331,5: Handwriting,5: Handwriting,5.0,10.0,2.5,CASS,6,false,5
2026,3,1,890,240785,1: Observing and Signing,1: Observing and Signing,10.0,27.5,7.0,CASS,1,false,1
2026,3,1,890,240786,2: Phonics,2: Phonics,10.0,22.5,5.5,CASS,4,false,2
2026,3,1,890,240787,3: Reading and comprehension,3: Reading and comprehension,10.0,27.5,7.0,CASS,3,false,3
2026,3,1,890,240788,4: Recording,4: Recording,10.0,22.5,5.5,CASS,5,false,4
2026,3,1,1424,238504,Listening and speaking,Listening and speaking,10.0,50.0,12.5,CASS,1,false,1
2026,3,1,1424,238505,Reading (Phonics and Comprehension),Reading (Phonics and Comprehension),10.0,50.0,12.5,CASS,3,false,2
2026,3,1,1427,238528,Listening and speaking,Listening and speaking,10.0,50.0,12.5,CASS,1,false,1
2026,3,1,1427,238529,Reading (Phonics and Comprehension),Reading (Phonics and Comprehension),10.0,50.0,12.5,CASS,3,false,2
2026,3,1,1430,238552,Listening and speaking,Listening and speaking,10.0,50.0,12.5,CASS,1,false,1
2026,3,1,1430,238553,Reading (Phonics and Comprehension),Reading (Phonics and Comprehension),10.0,50.0,12.5,CASS,3,false,2
2026,3,1,1433,238576,Listening and speaking,Listening and speaking,10.0,50.0,12.5,CASS,1,false,1
2026,3,1,1433,238577,Reading (Phonics and Comprehension),Reading (Phonics and Comprehension),10.0,50.0,12.5,CASS,3,false,2
2026,3,1,1436,238600,Listening and speaking,Listening and speaking,10.0,50.0,12.5,CASS,1,false,1
2026,3,1,1436,238601,Reading (Phonics and Comprehension),Reading (Phonics and Comprehension),10.0,50.0,12.5,CASS,3,false,2
2026,3,1,1439,238624,Listening and speaking,Listening and speaking,10.0,50.0,12.5,CASS,1,false,1
2026,3,1,1439,238625,Reading (Phonics and Comprehension),Reading (Phonics and Comprehension),10.0,50.0,12.5,CASS,3,false,2
2026,3,1,1442,238648,Listening and speaking,Listening and speaking,10.0,50.0,12.5,CASS,1,false,1
2026,3,1,1442,238649,Reading (Phonics and Comprehension),Reading (Phonics and Comprehension),10.0,50.0,12.5,CASS,3,false,2
2026,3,1,1445,238672,Listening and speaking,Listening and speaking,10.0,50.0,12.5,CASS,1,false,1
2026,3,1,1445,238673,Reading (Phonics and Comprehension),Reading (Phonics and Comprehension),10.0,50.0,12.5,CASS,3,false,2
2026,3,1,1448,238696,Listening and speaking,Listening and speaking,10.0,50.0,12.5,CASS,1,false,1
2026,3,1,1448,238697,Reading (Phonics and Comprehension),Reading (Phonics and Comprehension),10.0,50.0,12.5,CASS,3,false,2
2026,3,1,1451,238720,Listening and speaking,Listening and speaking,10.0,50.0,12.5,CASS,1,false,1
2026,3,1,1451,238721,Reading (Phonics and Comprehension),Reading (Phonics and Comprehension),10.0,50.0,12.5,CASS,3,false,2
2026,3,1,1454,238744,Listening and speaking,Listening and speaking,10.0,50.0,12.5,CASS,1,false,1
2026,3,1,1454,238745,Reading (Phonics and Comprehension),Reading (Phonics and Comprehension),10.0,50.0,12.5,CASS,3,false,2
2026,3,1,1728,254067,3,3,10.0,100.0,25.0,CASS,0,false,1
2026,3,1,1737,253599,Listening and speaking,Listening and speaking,3.0,60.0,10.0,CASS,1,false,1
2026,3,1,1737,253600,Emergent reading,Emergent reading,3.0,20.0,7.0,CASS,2,false,2
2026,3,1,1737,253601,Emergent writing,Emergent writing,3.0,20.0,8.0,CASS,3,false,3
2026,3,1,1738,253719,Listening and speaking,Listening and speaking,3.0,60.0,10.0,CASS,1,false,1
2026,3,1,1738,253720,Emergent reading,Emergent reading,3.0,20.0,7.0,CASS,2,false,2
2026,3,1,1738,253721,Emergent writing,Emergent writing,3.0,20.0,8.0,CASS,3,false,3
2026,3,1,1739,253707,Listening and speaking,Listening and speaking,3.0,60.0,10.0,CASS,1,false,1
2026,3,1,1739,253708,Emergent reading,Emergent reading,3.0,20.0,7.0,CASS,2,false,2
2026,3,1,1739,253709,Emergent writing,Emergent writing,3.0,20.0,8.0,CASS,3,false,3
2026,3,1,1740,253695,Listening and speaking,Listening and speaking,3.0,60.0,10.0,CASS,1,false,1
2026,3,1,1740,253696,Emergent reading,Emergent reading,3.0,20.0,7.0,CASS,2,false,2
2026,3,1,1740,253697,Emergent writing,Emergent writing,3.0,20.0,8.0,CASS,3,false,3
2026,3,1,1741,253683,Listening and speaking,Listening and speaking,3.0,60.0,10.0,CASS,1,false,1
2026,3,1,1741,253684,Emergent reading,Emergent reading,3.0,20.0,7.0,CASS,2,false,2
2026,3,1,1741,253685,Emergent writing,Emergent writing,3.0,20.0,8.0,CASS,3,false,3
2026,3,1,1742,253387,Beginning Knowledge & PSW,Beginning Knowledge & PSW,3.0,33.0,8.25,CASS,3,false,1
2026,3,1,1742,253388,Creative Arts,Creative Arts,3.0,33.0,8.25,CASS,1,false,2
2026,3,1,1742,253389,Physical Education,Physical Education,3.0,34.0,8.5,CASS,2,false,3
2026,3,1,1743,253729,"1: Numbers, operations and relationships","1: Numbers, operations and relationships",3.0,50.0,15.0,CASS,1,false,1
2026,3,1,1743,253730,"2: Patterns, functions and algebra","2: Patterns, functions and algebra",3.0,50.0,10.0,CASS,2,false,2
2026,3,1,1744,253671,Listening and speaking,Listening and speaking,3.0,60.0,10.0,CASS,1,false,1
2026,3,1,1744,253672,Emergent reading,Emergent reading,3.0,20.0,7.0,CASS,2,false,2
2026,3,1,1744,253673,Emergent writing,Emergent writing,3.0,20.0,8.0,CASS,3,false,3
2026,3,1,1745,253659,Listening and speaking,Listening and speaking,3.0,60.0,10.0,CASS,1,false,1
2026,3,1,1745,253660,Emergent reading,Emergent reading,3.0,20.0,7.0,CASS,2,false,2
2026,3,1,1745,253661,Emergent writing,Emergent writing,3.0,20.0,8.0,CASS,3,false,3
2026,3,1,1746,253647,Listening and speaking,Listening and speaking,3.0,60.0,10.0,CASS,1,false,1
2026,3,1,1746,253648,Emergent reading,Emergent reading,3.0,20.0,7.0,CASS,2,false,2
2026,3,1,1746,253649,Emergent writing,Emergent writing,3.0,20.0,8.0,CASS,3,false,3
2026,3,1,1747,253635,Listening and speaking,Listening and speaking,3.0,60.0,10.0,CASS,1,false,1
2026,3,1,1747,253636,Emergent reading,Emergent reading,3.0,20.0,7.0,CASS,2,false,2
2026,3,1,1747,253637,Emergent writing,Emergent writing,3.0,20.0,8.0,CASS,3,false,3
2026,3,1,1748,253623,Listening and speaking,Listening and speaking,3.0,60.0,10.0,CASS,1,false,1
2026,3,1,1748,253624,Emergent reading,Emergent reading,3.0,20.0,7.0,CASS,2,false,2
2026,3,1,1748,253625,Emergent writing,Emergent writing,3.0,20.0,8.0,CASS,3,false,3
2026,3,1,1749,253611,Listening and speaking,Listening and speaking,3.0,60.0,10.0,CASS,1,false,1
2026,3,1,1749,253612,Emergent reading,Emergent reading,3.0,20.0,7.0,CASS,2,false,2
2026,3,1,1749,253613,Emergent writing,Emergent writing,3.0,20.0,8.0,CASS,3,false,3
2026,3,1,1750,253327,Observing and Signing,Observing and Signing,3.0,60.0,10.0,CASS,1,false,1
2026,3,1,1750,253328,Emergent reading,Emergent reading,3.0,20.0,8.0,CASS,2,false,2
2026,3,1,1750,253329,Emergent recording,Emergent recording,3.0,20.0,7.0,CASS,3,false,3
2026,3,1,1841,254737,5,5,20.0,50.0,12.5,CASS,0,false,1
2026,3,1,1841,254738,6,6,20.0,50.0,12.5,CASS,0,false,2
2026,3,1,1848,254769,5,5,20.0,50.0,12.5,CASS,0,false,1
2026,3,1,1848,254770,6,6,20.0,50.0,12.5,CASS,0,false,2
2026,3,1,1855,254801,5,5,20.0,50.0,12.5,CASS,0,false,1
2026,3,1,1855,254802,6,6,20.0,50.0,12.5,CASS,0,false,2
2026,3,1,1862,254833,5,5,20.0,50.0,12.5,CASS,0,false,1
2026,3,1,1862,254834,6,6,20.0,50.0,12.5,CASS,0,false,2
2026,3,1,1869,254865,5,5,20.0,50.0,12.5,CASS,0,false,1
2026,3,1,1869,254866,6,6,20.0,50.0,12.5,CASS,0,false,2
2026,3,1,1876,254897,5,5,20.0,50.0,12.5,CASS,0,false,1
2026,3,1,1876,254898,6,6,20.0,50.0,12.5,CASS,0,false,2
2026,3,1,1883,254929,5,5,20.0,50.0,12.5,CASS,0,false,1
2026,3,1,1883,254930,6,6,20.0,50.0,12.5,CASS,0,false,2
2026,3,1,1890,254961,5,5,20.0,50.0,12.5,CASS,0,false,1
2026,3,1,1890,254962,6,6,20.0,50.0,12.5,CASS,0,false,2
2026,3,1,1897,254993,5,5,20.0,50.0,12.5,CASS,0,false,1
2026,3,1,1897,254994,6,6,20.0,50.0,12.5,CASS,0,false,2
2026,3,1,1904,255025,5,5,20.0,50.0,12.5,CASS,0,false,1
2026,3,1,1904,255026,6,6,20.0,50.0,12.5,CASS,0,false,2
2026,3,1,1911,255057,5,5,20.0,50.0,12.5,CASS,0,false,1
2026,3,1,1911,255058,6,6,20.0,50.0,12.5,CASS,0,false,2
2026,3,1,1918,255089,5,5,20.0,50.0,12.5,CASS,0,false,1
2026,3,1,1918,255090,6,6,20.0,50.0,12.5,CASS,0,false,2
2026,3,1,1988,255121,5,5,20.0,50.0,12.5,CASS,0,false,1
2026,3,1,1988,255122,6,6,20.0,50.0,12.5,CASS,0,false,2
2026,3,2,5,239036,1: Listening and speaking,1: Listening and speaking,20.0,50.0,12.5,CASS,1,false,1
2026,3,2,5,239037,2: Phonics,2: Phonics,30.0,20.0,5.0,CASS,4,false,2
2026,3,2,5,239038,3: Reading and comprehension,3: Reading and comprehension,30.0,25.0,6.25,CASS,8,false,3
2026,3,2,5,239039,4: Writing,4: Writing,30.0,5.0,1.25,CASS,5,false,4
2026,3,2,18,240836,1: Listening and speaking,1: Listening and speaking,10.0,20.0,5.0,CASS,1,false,1
2026,3,2,18,240837,2: Phonics,2: Phonics,10.0,20.0,5.0,CASS,4,false,2
2026,3,2,18,240838,3: Reading and comprehension,3: Reading and comprehension,10.0,25.0,6.25,CASS,3,false,3
2026,3,2,18,240839,4: Writing,4: Writing,10.0,25.0,6.25,CASS,5,false,4
2026,3,2,18,240840,5: Handwriting,5: Handwriting,5.0,10.0,2.5,CASS,6,false,5
2026,3,2,102,239052,1: Listening and speaking,1: Listening and speaking,20.0,50.0,12.5,CASS,1,false,1
2026,3,2,102,239053,2: Phonics,2: Phonics,30.0,20.0,5.0,CASS,4,false,2
2026,3,2,102,239054,3: Reading and comprehension,3: Reading and comprehension,30.0,25.0,6.25,CASS,8,false,3
2026,3,2,102,239055,4: Writing,4: Writing,30.0,5.0,1.25,CASS,5,false,4
2026,3,2,115,240857,1: Listening and speaking,1: Listening and speaking,10.0,20.0,5.0,CASS,1,false,1
2026,3,2,115,240858,2: Phonics,2: Phonics,10.0,20.0,5.0,CASS,4,false,2
2026,3,2,115,240859,3: Reading and comprehension,3: Reading and comprehension,10.0,25.0,6.25,CASS,3,false,3
2026,3,2,115,240860,4: Writing,4: Writing,10.0,25.0,6.25,CASS,5,false,4
2026,3,2,115,240861,5: Handwriting,5: Handwriting,5.0,10.0,2.5,CASS,6,false,5
2026,3,2,189,239068,1: Listening and speaking,1: Listening and speaking,20.0,50.0,12.5,CASS,1,false,1
2026,3,2,189,239069,2: Phonics,2: Phonics,30.0,20.0,5.0,CASS,4,false,2
2026,3,2,189,239070,3: Reading and comprehension,3: Reading and comprehension,30.0,25.0,6.25,CASS,8,false,3
2026,3,2,189,239071,4: Writing,4: Writing,30.0,5.0,1.25,CASS,5,false,4
2026,3,2,202,240878,1: Listening and speaking,1: Listening and speaking,10.0,20.0,5.0,CASS,1,false,1
2026,3,2,202,240879,2: Phonics,2: Phonics,10.0,20.0,5.0,CASS,4,false,2
2026,3,2,202,240880,3: Reading and comprehension,3: Reading and comprehension,10.0,25.0,6.25,CASS,3,false,3
2026,3,2,202,240881,4: Writing,4: Writing,10.0,25.0,6.25,CASS,5,false,4
2026,3,2,202,240882,5: Handwriting,5: Handwriting,5.0,10.0,2.5,CASS,6,false,5
2026,3,2,223,239084,1: Listening and speaking,1: Listening and speaking,20.0,50.0,12.5,CASS,1,false,1
2026,3,2,223,239085,2: Phonics,2: Phonics,30.0,20.0,5.0,CASS,4,false,2
2026,3,2,223,239086,3: Reading and comprehension,3: Reading and comprehension,30.0,25.0,6.25,CASS,8,false,3
2026,3,2,223,239087,4: Writing,4: Writing,30.0,5.0,1.25,CASS,5,false,4
2026,3,2,236,240899,1: Listening and speaking,1: Listening and speaking,10.0,20.0,5.0,CASS,1,false,1
2026,3,2,236,240900,2: Phonics,2: Phonics,10.0,20.0,5.0,CASS,4,false,2
2026,3,2,236,240901,3: Reading and comprehension,3: Reading and comprehension,10.0,25.0,6.25,CASS,3,false,3
2026,3,2,236,240902,4: Writing,4: Writing,10.0,25.0,6.25,CASS,5,false,4
2026,3,2,236,240903,5: Handwriting,5: Handwriting,5.0,10.0,2.5,CASS,6,false,5
2026,3,2,257,239100,1: Listening and speaking,1: Listening and speaking,20.0,50.0,12.5,CASS,1,false,1
2026,3,2,257,239101,2: Phonics,2: Phonics,30.0,20.0,5.0,CASS,4,false,2
2026,3,2,257,239102,3: Reading and comprehension,3: Reading and comprehension,30.0,25.0,6.25,CASS,8,false,3
2026,3,2,257,239103,4: Writing,4: Writing,30.0,5.0,1.25,CASS,5,false,4
2026,3,2,270,240920,1: Listening and speaking,1: Listening and speaking,10.0,20.0,5.0,CASS,1,false,1
2026,3,2,270,240921,2: Phonics,2: Phonics,10.0,20.0,5.0,CASS,4,false,2
2026,3,2,270,240922,3: Reading and comprehension,3: Reading and comprehension,10.0,25.0,6.25,CASS,3,false,3
2026,3,2,270,240923,4: Writing,4: Writing,10.0,25.0,6.25,CASS,5,false,4
2026,3,2,270,240924,5: Handwriting,5: Handwriting,5.0,10.0,2.5,CASS,6,false,5
2026,3,2,311,248517,Beginning Knowledge & PSW,Beginning Knowledge & PSW,30.0,40.0,10.0,CASS,3,false,1
2026,3,2,311,248518,Creative Arts,Creative Arts,20.0,30.0,7.5,CASS,1,false,2
2026,3,2,311,248519,Physical Education,Physical Education,10.0,30.0,7.5,CASS,2,false,3
2026,3,2,324,249206,"1: Numbers, operations and relationships","1: Numbers, operations and relationships",20.0,60.0,15.0,CASS,1,false,1
2026,3,2,324,249207,"2: Patterns, functions and algebra","2: Patterns, functions and algebra",10.0,10.0,2.5,CASS,2,false,2
2026,3,2,324,249208,3: Space and shape (Geometry),3: Space and shape (Geometry),10.0,13.0,3.25,CASS,3,false,3
2026,3,2,324,249209,4: Measurement,4: Measurement,10.0,12.0,3.0,CASS,4,false,4
2026,3,2,324,249210,5: Data handling,5: Data handling,5.0,5.0,1.25,CASS,5,false,5
2026,3,2,378,239116,1: Listening and speaking,1: Listening and speaking,20.0,50.0,12.5,CASS,1,false,1
2026,3,2,378,239117,2: Phonics,2: Phonics,30.0,20.0,5.0,CASS,4,false,2
2026,3,2,378,239118,3: Reading and comprehension,3: Reading and comprehension,30.0,25.0,6.25,CASS,8,false,3
2026,3,2,378,239119,4: Writing,4: Writing,30.0,5.0,1.25,CASS,5,false,4
2026,3,2,391,240941,1: Listening and speaking,1: Listening and speaking,10.0,20.0,5.0,CASS,1,false,1
2026,3,2,391,240942,2: Phonics,2: Phonics,10.0,20.0,5.0,CASS,4,false,2
2026,3,2,391,240943,3: Reading and comprehension,3: Reading and comprehension,10.0,25.0,6.25,CASS,3,false,3
2026,3,2,391,240944,4: Writing,4: Writing,10.0,25.0,6.25,CASS,5,false,4
2026,3,2,391,240945,5: Handwriting,5: Handwriting,5.0,10.0,2.5,CASS,6,false,5
2026,3,2,431,239132,1: Listening and speaking,1: Listening and speaking,20.0,50.0,12.5,CASS,1,false,1
2026,3,2,431,239133,2: Phonics,2: Phonics,30.0,20.0,5.0,CASS,4,false,2
2026,3,2,431,239134,3: Reading and comprehension,3: Reading and comprehension,30.0,25.0,6.25,CASS,8,false,3
2026,3,2,431,239135,4: Writing,4: Writing,30.0,5.0,1.25,CASS,5,false,4
2026,3,2,444,240962,1: Listening and speaking,1: Listening and speaking,10.0,20.0,5.0,CASS,1,false,1
2026,3,2,444,240963,2: Phonics,2: Phonics,10.0,20.0,5.0,CASS,4,false,2
2026,3,2,444,240964,3: Reading and comprehension,3: Reading and comprehension,10.0,25.0,6.25,CASS,3,false,3
2026,3,2,444,240965,4: Writing,4: Writing,10.0,25.0,6.25,CASS,5,false,4
2026,3,2,444,240966,5: Handwriting,5: Handwriting,5.0,10.0,2.5,CASS,6,false,5
2026,3,2,465,239148,1: Listening and speaking,1: Listening and speaking,20.0,50.0,12.5,CASS,1,false,1
2026,3,2,465,239149,2: Phonics,2: Phonics,30.0,20.0,5.0,CASS,4,false,2
2026,3,2,465,239150,3: Reading and comprehension,3: Reading and comprehension,30.0,25.0,6.25,CASS,8,false,3
2026,3,2,465,239151,4: Writing,4: Writing,30.0,5.0,1.25,CASS,5,false,4
2026,3,2,478,240983,1: Listening and speaking,1: Listening and speaking,10.0,20.0,5.0,CASS,1,false,1
2026,3,2,478,240984,2: Phonics,2: Phonics,10.0,20.0,5.0,CASS,4,false,2
2026,3,2,478,240985,3: Reading and comprehension,3: Reading and comprehension,10.0,25.0,6.25,CASS,3,false,3
2026,3,2,478,240986,4: Writing,4: Writing,10.0,25.0,6.25,CASS,5,false,4
2026,3,2,478,240987,5: Handwriting,5: Handwriting,5.0,10.0,2.5,CASS,6,false,5
2026,3,2,499,239164,1: Listening and speaking,1: Listening and speaking,20.0,50.0,12.5,CASS,1,false,1
2026,3,2,499,239165,2: Phonics,2: Phonics,30.0,20.0,5.0,CASS,4,false,2
2026,3,2,499,239166,3: Reading and comprehension,3: Reading and comprehension,30.0,25.0,6.25,CASS,8,false,3
2026,3,2,499,239167,4: Writing,4: Writing,30.0,5.0,1.25,CASS,5,false,4
2026,3,2,512,241004,1: Listening and speaking,1: Listening and speaking,10.0,20.0,5.0,CASS,1,false,1
2026,3,2,512,241005,2: Phonics,2: Phonics,10.0,20.0,5.0,CASS,4,false,2
2026,3,2,512,241006,3: Reading and comprehension,3: Reading and comprehension,10.0,25.0,6.25,CASS,3,false,3
2026,3,2,512,241007,4: Writing,4: Writing,10.0,25.0,6.25,CASS,5,false,4
2026,3,2,512,241008,5: Handwriting,5: Handwriting,5.0,10.0,2.5,CASS,6,false,5
2026,3,2,581,239180,1: Listening and speaking,1: Listening and speaking,20.0,50.0,12.5,CASS,1,false,1
2026,3,2,581,239181,2: Phonics,2: Phonics,30.0,20.0,5.0,CASS,4,false,2
2026,3,2,581,239182,3: Reading and comprehension,3: Reading and comprehension,30.0,25.0,6.25,CASS,8,false,3
2026,3,2,581,239183,4: Writing,4: Writing,30.0,5.0,1.25,CASS,5,false,4
2026,3,2,594,241025,1: Listening and speaking,1: Listening and speaking,10.0,20.0,5.0,CASS,1,false,1
2026,3,2,594,241026,2: Phonics,2: Phonics,10.0,20.0,5.0,CASS,4,false,2
2026,3,2,594,241027,3: Reading and comprehension,3: Reading and comprehension,10.0,25.0,6.25,CASS,3,false,3
2026,3,2,594,241028,4: Writing,4: Writing,10.0,25.0,6.25,CASS,5,false,4
2026,3,2,594,241029,5: Handwriting,5: Handwriting,5.0,10.0,2.5,CASS,6,false,5
2026,3,2,838,239196,1: Listening and speaking,1: Listening and speaking,20.0,50.0,12.5,CASS,1,false,1
2026,3,2,838,239197,2: Phonics,2: Phonics,30.0,20.0,5.0,CASS,4,false,2
2026,3,2,838,239198,3: Reading and comprehension,3: Reading and comprehension,30.0,25.0,6.25,CASS,8,false,3
2026,3,2,838,239199,4: Writing,4: Writing,30.0,5.0,1.25,CASS,5,false,4
2026,3,2,851,241046,1: Listening and speaking,1: Listening and speaking,10.0,20.0,5.0,CASS,1,false,1
2026,3,2,851,241047,2: Phonics,2: Phonics,10.0,20.0,5.0,CASS,4,false,2
2026,3,2,851,241048,3: Reading and comprehension,3: Reading and comprehension,10.0,25.0,6.25,CASS,3,false,3
2026,3,2,851,241049,4: Writing,4: Writing,10.0,25.0,6.25,CASS,5,false,4
2026,3,2,851,241050,5: Handwriting,5: Handwriting,5.0,10.0,2.5,CASS,6,false,5
2026,3,2,891,241527,1: Observing and Signing,1: Observing and Signing,10.0,22.5,5.5,CASS,1,false,1
2026,3,2,891,241528,2: Phonics,2: Phonics,10.0,22.5,5.5,CASS,4,false,2
2026,3,2,891,241529,3: Reading and comprehension,3: Reading and comprehension,10.0,27.5,7.0,CASS,2,false,3
2026,3,2,891,241530,4: Recording,4: Recording,10.0,27.5,7.0,CASS,5,false,4
2026,3,2,1425,238512,Listening and speaking,Listening and speaking,10.0,50.0,12.5,CASS,1,false,1
2026,3,2,1425,238513,Reading (Phonics and Comprehension),Reading (Phonics and Comprehension),10.0,50.0,12.5,CASS,3,false,2
2026,3,2,1428,238536,Listening and speaking,Listening and speaking,10.0,50.0,12.5,CASS,1,false,1
2026,3,2,1428,238537,Reading (Phonics and Comprehension),Reading (Phonics and Comprehension),10.0,50.0,12.5,CASS,3,false,2
2026,3,2,1431,238560,Listening and speaking,Listening and speaking,10.0,50.0,12.5,CASS,1,false,1
2026,3,2,1431,238561,Reading (Phonics and Comprehension),Reading (Phonics and Comprehension),10.0,50.0,12.5,CASS,3,false,2
2026,3,2,1434,238584,Listening and speaking,Listening and speaking,10.0,50.0,12.5,CASS,1,false,1
2026,3,2,1434,238585,Reading (Phonics and Comprehension),Reading (Phonics and Comprehension),10.0,50.0,12.5,CASS,3,false,2
2026,3,2,1437,238608,Listening and speaking,Listening and speaking,10.0,50.0,12.5,CASS,1,false,1
2026,3,2,1437,238609,Reading (Phonics and Comprehension),Reading (Phonics and Comprehension),10.0,50.0,12.5,CASS,3,false,2
2026,3,2,1440,238632,Listening and speaking,Listening and speaking,10.0,50.0,12.5,CASS,1,false,1
2026,3,2,1440,238633,Reading (Phonics and Comprehension),Reading (Phonics and Comprehension),10.0,50.0,12.5,CASS,3,false,2
2026,3,2,1443,238656,Listening and speaking,Listening and speaking,10.0,50.0,12.5,CASS,1,false,1
2026,3,2,1443,238657,Reading (Phonics and Comprehension),Reading (Phonics and Comprehension),10.0,50.0,12.5,CASS,3,false,2
2026,3,2,1446,238680,Listening and speaking,Listening and speaking,10.0,50.0,12.5,CASS,1,false,1
2026,3,2,1446,238681,Reading (Phonics and Comprehension),Reading (Phonics and Comprehension),10.0,50.0,12.5,CASS,3,false,2
2026,3,2,1449,238704,Listening and speaking,Listening and speaking,10.0,50.0,12.5,CASS,1,false,1
2026,3,2,1449,238705,Reading (Phonics and Comprehension),Reading (Phonics and Comprehension),10.0,50.0,12.5,CASS,3,false,2
2026,3,2,1452,238728,Listening and speaking,Listening and speaking,10.0,50.0,12.5,CASS,1,false,1
2026,3,2,1452,238729,Reading (Phonics and Comprehension),Reading (Phonics and Comprehension),10.0,50.0,12.5,CASS,3,false,2
2026,3,2,1455,238752,Listening and speaking,Listening and speaking,10.0,50.0,12.5,CASS,1,false,1
2026,3,2,1455,238753,Reading (Phonics and Comprehension),Reading (Phonics and Comprehension),10.0,50.0,12.5,CASS,3,false,2
2026,3,2,1729,254063,3,3,10.0,100.0,25.0,CASS,0,false,1
2026,3,2,1842,254745,5,5,20.0,50.0,12.5,CASS,0,false,1
2026,3,2,1842,254746,6,6,20.0,50.0,12.5,CASS,0,false,2
2026,3,2,1849,254777,5,5,20.0,50.0,12.5,CASS,0,false,1
2026,3,2,1849,254778,6,6,20.0,50.0,12.5,CASS,0,false,2
2026,3,2,1856,254809,5,5,20.0,50.0,12.5,CASS,0,false,1
2026,3,2,1856,254810,6,6,20.0,50.0,12.5,CASS,0,false,2
2026,3,2,1863,254841,5,5,20.0,50.0,12.5,CASS,0,false,1
2026,3,2,1863,254842,6,6,20.0,50.0,12.5,CASS,0,false,2
2026,3,2,1870,254873,5,5,20.0,50.0,12.5,CASS,0,false,1
2026,3,2,1870,254874,6,6,20.0,50.0,12.5,CASS,0,false,2
2026,3,2,1877,254905,5,5,20.0,50.0,12.5,CASS,0,false,1
2026,3,2,1877,254906,6,6,20.0,50.0,12.5,CASS,0,false,2
2026,3,2,1884,254937,5,5,20.0,50.0,12.5,CASS,0,false,1
2026,3,2,1884,254938,6,6,20.0,50.0,12.5,CASS,0,false,2
2026,3,2,1891,254969,5,5,20.0,50.0,12.5,CASS,0,false,1
2026,3,2,1891,254970,6,6,20.0,50.0,12.5,CASS,0,false,2
2026,3,2,1898,255001,5,5,20.0,50.0,12.5,CASS,0,false,1
2026,3,2,1898,255002,6,6,20.0,50.0,12.5,CASS,0,false,2
2026,3,2,1905,255033,5,5,20.0,50.0,12.5,CASS,0,false,1
2026,3,2,1905,255034,6,6,20.0,50.0,12.5,CASS,0,false,2
2026,3,2,1912,255065,5,5,20.0,50.0,12.5,CASS,0,false,1
2026,3,2,1912,255066,6,6,20.0,50.0,12.5,CASS,0,false,2
2026,3,2,1919,255097,5,5,20.0,50.0,12.5,CASS,0,false,1
2026,3,2,1919,255098,6,6,20.0,50.0,12.5,CASS,0,false,2
2026,3,2,1989,255129,5,5,20.0,50.0,12.5,CASS,0,false,1
2026,3,2,1989,255130,6,6,20.0,50.0,12.5,CASS,0,false,2
2026,3,3,6,239565,1: Listening and speaking,1: Listening and speaking,10.0,40.0,10.0,CASS,1,false,1
2026,3,3,6,239566,2: Phonics,2: Phonics,30.0,20.0,5.0,CASS,4,false,2
2026,3,3,6,239567,3: Reading and comprehension,3: Reading and comprehension,20.0,30.0,7.5,CASS,8,false,3
2026,3,3,6,239568,4: Writing,4: Writing,20.0,10.0,2.5,CASS,5,false,4
2026,3,3,19,241580,1: Listening and speaking,1: Listening and speaking,10.0,15.0,3.75,CASS,1,false,1
2026,3,3,19,241581,2: Phonics,2: Phonics,10.0,20.0,5.0,CASS,4,false,2
2026,3,3,19,241582,3: Reading and comprehension,3: Reading and comprehension,10.0,25.0,6.25,CASS,3,false,3
2026,3,3,19,241583,4: Writing,4: Writing,10.0,30.0,7.5,CASS,5,false,4
2026,3,3,19,241584,5: Handwriting,5: Handwriting,5.0,10.0,2.5,CASS,6,false,5
2026,3,3,103,239582,1: Listening and speaking,1: Listening and speaking,10.0,40.0,10.0,CASS,1,false,1
2026,3,3,103,239583,2: Phonics,2: Phonics,30.0,20.0,5.0,CASS,4,false,2
2026,3,3,103,239584,3: Reading and comprehension,3: Reading and comprehension,20.0,30.0,7.5,CASS,8,false,3
2026,3,3,103,239585,4: Writing,4: Writing,20.0,10.0,2.5,CASS,5,false,4
2026,3,3,116,241601,1: Listening and speaking,1: Listening and speaking,10.0,15.0,3.75,CASS,1,false,1
2026,3,3,116,241602,2: Phonics,2: Phonics,10.0,20.0,5.0,CASS,4,false,2
2026,3,3,116,241603,3: Reading and comprehension,3: Reading and comprehension,10.0,25.0,6.25,CASS,3,false,3
2026,3,3,116,241604,4: Writing,4: Writing,10.0,30.0,7.5,CASS,5,false,4
2026,3,3,116,241605,5: Handwriting,5: Handwriting,5.0,10.0,2.5,CASS,6,false,5
2026,3,3,190,239599,1: Listening and speaking,1: Listening and speaking,10.0,40.0,10.0,CASS,1,false,1
2026,3,3,190,239600,2: Phonics,2: Phonics,30.0,20.0,5.0,CASS,4,false,2
2026,3,3,190,239601,3: Reading and comprehension,3: Reading and comprehension,20.0,30.0,7.5,CASS,8,false,3
2026,3,3,190,239602,4: Writing,4: Writing,20.0,10.0,2.5,CASS,5,false,4
2026,3,3,203,241622,1: Listening and speaking,1: Listening and speaking,10.0,15.0,3.75,CASS,1,false,1
2026,3,3,203,241623,2: Phonics,2: Phonics,10.0,20.0,5.0,CASS,4,false,2
2026,3,3,203,241624,3: Reading and comprehension,3: Reading and comprehension,10.0,25.0,6.25,CASS,3,false,3
2026,3,3,203,241625,4: Writing,4: Writing,10.0,30.0,7.5,CASS,5,false,4
2026,3,3,203,241626,5: Handwriting,5: Handwriting,5.0,10.0,2.5,CASS,6,false,5
2026,3,3,224,239616,1: Listening and speaking,1: Listening and speaking,10.0,40.0,10.0,CASS,1,false,1
2026,3,3,224,239617,2: Phonics,2: Phonics,30.0,20.0,5.0,CASS,4,false,2
2026,3,3,224,239618,3: Reading and comprehension,3: Reading and comprehension,20.0,30.0,7.5,CASS,8,false,3
2026,3,3,224,239619,4: Writing,4: Writing,20.0,10.0,2.5,CASS,5,false,4
2026,3,3,237,241643,1: Listening and speaking,1: Listening and speaking,10.0,15.0,3.75,CASS,1,false,1
2026,3,3,237,241644,2: Phonics,2: Phonics,10.0,20.0,5.0,CASS,4,false,2
2026,3,3,237,241645,3: Reading and comprehension,3: Reading and comprehension,10.0,25.0,6.25,CASS,3,false,3
2026,3,3,237,241646,4: Writing,4: Writing,10.0,30.0,7.5,CASS,5,false,4
2026,3,3,237,241647,5: Handwriting,5: Handwriting,5.0,10.0,2.5,CASS,6,false,5
2026,3,3,258,239633,1: Listening and speaking,1: Listening and speaking,10.0,40.0,10.0,CASS,1,false,1
2026,3,3,258,239634,2: Phonics,2: Phonics,30.0,20.0,5.0,CASS,4,false,2
2026,3,3,258,239635,3: Reading and comprehension,3: Reading and comprehension,20.0,30.0,7.5,CASS,8,false,3
2026,3,3,258,239636,4: Writing,4: Writing,20.0,10.0,2.5,CASS,5,false,4
2026,3,3,271,241664,1: Listening and speaking,1: Listening and speaking,10.0,15.0,3.75,CASS,1,false,1
2026,3,3,271,241665,2: Phonics,2: Phonics,10.0,20.0,5.0,CASS,4,false,2
2026,3,3,271,241666,3: Reading and comprehension,3: Reading and comprehension,10.0,25.0,6.25,CASS,3,false,3
2026,3,3,271,241667,4: Writing,4: Writing,10.0,30.0,7.5,CASS,5,false,4
2026,3,3,271,241668,5: Handwriting,5: Handwriting,5.0,10.0,2.5,CASS,6,false,5
2026,3,3,312,248529,Beginning Knowledge & PSW,Beginning Knowledge & PSW,30.0,40.0,10.0,CASS,3,false,1
2026,3,3,312,248530,Creative Arts,Creative Arts,20.0,30.0,7.5,CASS,1,false,2
2026,3,3,312,248531,Physical Education,Physical Education,10.0,30.0,7.5,CASS,2,false,3
2026,3,3,325,249227,"1: Numbers, operations and relationships","1: Numbers, operations and relationships",20.0,58.0,14.5,CASS,1,false,1
2026,3,3,325,249228,"2: Patterns, functions and algebra","2: Patterns, functions and algebra",10.0,10.0,2.5,CASS,2,false,2
2026,3,3,325,249229,3: Space and shape (Geometry),3: Space and shape (Geometry),10.0,13.0,3.25,CASS,3,false,3
2026,3,3,325,249230,4: Measurement,4: Measurement,10.0,14.0,3.5,CASS,4,false,4
2026,3,3,325,249231,5: Data handling,5: Data handling,5.0,5.0,1.25,CASS,5,false,5
2026,3,3,379,239650,1: Listening and speaking,1: Listening and speaking,10.0,40.0,10.0,CASS,1,false,1
2026,3,3,379,239651,2: Phonics,2: Phonics,30.0,20.0,5.0,CASS,4,false,2
2026,3,3,379,239652,3: Reading and comprehension,3: Reading and comprehension,20.0,30.0,7.5,CASS,8,false,3
2026,3,3,379,239653,4: Writing,4: Writing,20.0,10.0,2.5,CASS,5,false,4
2026,3,3,392,241685,1: Listening and speaking,1: Listening and speaking,10.0,15.0,3.75,CASS,1,false,1
2026,3,3,392,241686,2: Phonics,2: Phonics,10.0,20.0,5.0,CASS,4,false,2
2026,3,3,392,241687,3: Reading and comprehension,3: Reading and comprehension,10.0,25.0,6.25,CASS,3,false,3
2026,3,3,392,241688,4: Writing,4: Writing,10.0,30.0,7.5,CASS,5,false,4
2026,3,3,392,241689,5: Handwriting,5: Handwriting,5.0,10.0,2.5,CASS,6,false,5
2026,3,3,432,239667,1: Listening and speaking,1: Listening and speaking,10.0,40.0,10.0,CASS,1,false,1
2026,3,3,432,239668,2: Phonics,2: Phonics,30.0,20.0,5.0,CASS,4,false,2
2026,3,3,432,239669,3: Reading and comprehension,3: Reading and comprehension,20.0,30.0,7.5,CASS,8,false,3
2026,3,3,432,239670,4: Writing,4: Writing,20.0,10.0,2.5,CASS,5,false,4
2026,3,3,445,241706,1: Listening and speaking,1: Listening and speaking,10.0,15.0,3.75,CASS,1,false,1
2026,3,3,445,241707,2: Phonics,2: Phonics,10.0,20.0,5.0,CASS,4,false,2
2026,3,3,445,241708,3: Reading and comprehension,3: Reading and comprehension,10.0,25.0,6.25,CASS,3,false,3
2026,3,3,445,241709,4: Writing,4: Writing,10.0,30.0,7.5,CASS,5,false,4
2026,3,3,445,241710,5: Handwriting,5: Handwriting,5.0,10.0,2.5,CASS,6,false,5
2026,3,3,466,239684,1: Listening and speaking,1: Listening and speaking,10.0,40.0,10.0,CASS,1,false,1
2026,3,3,466,239685,2: Phonics,2: Phonics,30.0,20.0,5.0,CASS,4,false,2
2026,3,3,466,239686,3: Reading and comprehension,3: Reading and comprehension,20.0,30.0,7.5,CASS,8,false,3
2026,3,3,466,239687,4: Writing,4: Writing,20.0,10.0,2.5,CASS,5,false,4
2026,3,3,479,241727,1: Listening and speaking,1: Listening and speaking,10.0,15.0,3.75,CASS,1,false,1
2026,3,3,479,241728,2: Phonics,2: Phonics,10.0,20.0,5.0,CASS,4,false,2
2026,3,3,479,241729,3: Reading and comprehension,3: Reading and comprehension,10.0,25.0,6.25,CASS,3,false,3
2026,3,3,479,241730,4: Writing,4: Writing,10.0,30.0,7.5,CASS,5,false,4
2026,3,3,479,241731,5: Handwriting,5: Handwriting,5.0,10.0,2.5,CASS,6,false,5
2026,3,3,500,239701,1: Listening and speaking,1: Listening and speaking,10.0,40.0,10.0,CASS,1,false,1
2026,3,3,500,239702,2: Phonics,2: Phonics,30.0,20.0,5.0,CASS,4,false,2
2026,3,3,500,239703,3: Reading and comprehension,3: Reading and comprehension,20.0,30.0,7.5,CASS,8,false,3
2026,3,3,500,239704,4: Writing,4: Writing,20.0,10.0,2.5,CASS,5,false,4
2026,3,3,513,241748,1: Listening and speaking,1: Listening and speaking,10.0,15.0,3.75,CASS,1,false,1
2026,3,3,513,241749,2: Phonics,2: Phonics,10.0,20.0,5.0,CASS,4,false,2
2026,3,3,513,241750,3: Reading and comprehension,3: Reading and comprehension,10.0,25.0,6.25,CASS,3,false,3
2026,3,3,513,241751,4: Writing,4: Writing,10.0,30.0,7.5,CASS,5,false,4
2026,3,3,513,241752,5: Handwriting,5: Handwriting,5.0,10.0,2.5,CASS,6,false,5
2026,3,3,582,239718,1: Listening and speaking,1: Listening and speaking,10.0,40.0,10.0,CASS,1,false,1
2026,3,3,582,239719,2: Phonics,2: Phonics,30.0,20.0,5.0,CASS,4,false,2
2026,3,3,582,239720,3: Reading and comprehension,3: Reading and comprehension,20.0,30.0,7.5,CASS,8,false,3
2026,3,3,582,239721,4: Writing,4: Writing,20.0,10.0,2.5,CASS,5,false,4
2026,3,3,595,241769,1: Listening and speaking,1: Listening and speaking,10.0,15.0,3.75,CASS,1,false,1
2026,3,3,595,241770,2: Phonics,2: Phonics,10.0,20.0,5.0,CASS,4,false,2
2026,3,3,595,241771,3: Reading and comprehension,3: Reading and comprehension,10.0,25.0,6.25,CASS,3,false,3
2026,3,3,595,241772,4: Writing,4: Writing,10.0,30.0,7.5,CASS,5,false,4
2026,3,3,595,241773,5: Handwriting,5: Handwriting,5.0,10.0,2.5,CASS,6,false,5
2026,3,3,839,239735,1: Listening and speaking,1: Listening and speaking,10.0,40.0,10.0,CASS,1,false,1
2026,3,3,839,239736,2: Phonics,2: Phonics,30.0,20.0,5.0,CASS,4,false,2
2026,3,3,839,239737,3: Reading and comprehension,3: Reading and comprehension,20.0,30.0,7.5,CASS,8,false,3
2026,3,3,839,239738,4: Writing,4: Writing,20.0,10.0,2.5,CASS,5,false,4
2026,3,3,852,241790,1: Listening and speaking,1: Listening and speaking,10.0,15.0,3.75,CASS,1,false,1
2026,3,3,852,241791,2: Phonics,2: Phonics,10.0,20.0,5.0,CASS,4,false,2
2026,3,3,852,241792,3: Reading and comprehension,3: Reading and comprehension,10.0,25.0,6.25,CASS,3,false,3
2026,3,3,852,241793,4: Writing,4: Writing,10.0,30.0,7.5,CASS,5,false,4
2026,3,3,852,241794,5: Handwriting,5: Handwriting,5.0,10.0,2.5,CASS,6,false,5
2026,3,3,892,242271,1: Observing and Signing,1: Observing and Signing,10.0,17.5,4.38,CASS,1,false,1
2026,3,3,892,242272,2: Phonics,2: Phonics,10.0,22.5,5.62,CASS,4,false,2
2026,3,3,892,242273,3: Reading and comprehension,3: Reading and comprehension,10.0,27.5,6.88,CASS,2,false,3
2026,3,3,892,242274,4: Recording,4: Recording,10.0,32.5,8.12,CASS,5,false,4
2026,3,3,1426,238520,Listening and speaking,Listening and speaking,10.0,50.0,12.5,CASS,1,false,1
2026,3,3,1426,238521,Reading (Phonics and Comprehension),Reading (Phonics and Comprehension),10.0,50.0,12.5,CASS,3,false,2
2026,3,3,1429,238544,Listening and speaking,Listening and speaking,10.0,50.0,12.5,CASS,1,false,1
2026,3,3,1429,238545,Reading (Phonics and Comprehension),Reading (Phonics and Comprehension),10.0,50.0,12.5,CASS,3,false,2
2026,3,3,1432,238568,Listening and speaking,Listening and speaking,10.0,50.0,12.5,CASS,1,false,1
2026,3,3,1432,238569,Reading (Phonics and Comprehension),Reading (Phonics and Comprehension),10.0,50.0,12.5,CASS,3,false,2
2026,3,3,1435,238592,Listening and speaking,Listening and speaking,10.0,50.0,12.5,CASS,1,false,1
2026,3,3,1435,238593,Reading (Phonics and Comprehension),Reading (Phonics and Comprehension),10.0,50.0,12.5,CASS,3,false,2
2026,3,3,1438,238616,Listening and speaking,Listening and speaking,10.0,50.0,12.5,CASS,1,false,1
2026,3,3,1438,238617,Reading (Phonics and Comprehension),Reading (Phonics and Comprehension),10.0,50.0,12.5,CASS,3,false,2
2026,3,3,1441,238640,Listening and speaking,Listening and speaking,10.0,50.0,12.5,CASS,1,false,1
2026,3,3,1441,238641,Reading (Phonics and Comprehension),Reading (Phonics and Comprehension),10.0,50.0,12.5,CASS,3,false,2
2026,3,3,1444,238664,Listening and speaking,Listening and speaking,10.0,50.0,12.5,CASS,1,false,1
2026,3,3,1444,238665,Reading (Phonics and Comprehension),Reading (Phonics and Comprehension),10.0,50.0,12.5,CASS,3,false,2
2026,3,3,1447,238688,Listening and speaking,Listening and speaking,10.0,50.0,12.5,CASS,1,false,1
2026,3,3,1447,238689,Reading (Phonics and Comprehension),Reading (Phonics and Comprehension),10.0,50.0,12.5,CASS,3,false,2
2026,3,3,1450,238712,Listening and speaking,Listening and speaking,10.0,50.0,12.5,CASS,1,false,1
2026,3,3,1450,238713,Reading (Phonics and Comprehension),Reading (Phonics and Comprehension),10.0,50.0,12.5,CASS,3,false,2
2026,3,3,1453,238736,Listening and speaking,Listening and speaking,10.0,50.0,12.5,CASS,1,false,1
2026,3,3,1453,238737,Reading (Phonics and Comprehension),Reading (Phonics and Comprehension),10.0,50.0,12.5,CASS,3,false,2
2026,3,3,1456,238760,Listening and speaking,Listening and speaking,10.0,50.0,12.5,CASS,1,false,1
2026,3,3,1456,238761,Reading (Phonics and Comprehension),Reading (Phonics and Comprehension),10.0,50.0,12.5,CASS,3,false,2
2026,3,3,1730,254059,3,3,10.0,100.0,25.0,CASS,0,false,1
2026,3,3,1843,254753,5,5,20.0,50.0,12.5,CASS,0,false,1
2026,3,3,1843,254754,6,6,20.0,50.0,12.5,CASS,0,false,2
2026,3,3,1850,254785,5,5,20.0,50.0,12.5,CASS,0,false,1
2026,3,3,1850,254786,6,6,20.0,50.0,12.5,CASS,0,false,2
2026,3,3,1857,254817,5,5,20.0,50.0,12.5,CASS,0,false,1
2026,3,3,1857,254818,6,6,20.0,50.0,12.5,CASS,0,false,2
2026,3,3,1864,254849,5,5,20.0,50.0,12.5,CASS,0,false,1
2026,3,3,1864,254850,6,6,20.0,50.0,12.5,CASS,0,false,2
2026,3,3,1871,254881,5,5,20.0,50.0,12.5,CASS,0,false,1
2026,3,3,1871,254882,6,6,20.0,50.0,12.5,CASS,0,false,2
2026,3,3,1878,254913,5,5,20.0,50.0,12.5,CASS,0,false,1
2026,3,3,1878,254914,6,6,20.0,50.0,12.5,CASS,0,false,2
2026,3,3,1885,254945,5,5,20.0,50.0,12.5,CASS,0,false,1
2026,3,3,1885,254946,6,6,20.0,50.0,12.5,CASS,0,false,2
2026,3,3,1892,254977,5,5,20.0,50.0,12.5,CASS,0,false,1
2026,3,3,1892,254978,6,6,20.0,50.0,12.5,CASS,0,false,2
2026,3,3,1899,255009,5,5,20.0,50.0,12.5,CASS,0,false,1
2026,3,3,1899,255010,6,6,20.0,50.0,12.5,CASS,0,false,2
2026,3,3,1906,255041,5,5,20.0,50.0,12.5,CASS,0,false,1
2026,3,3,1906,255042,6,6,20.0,50.0,12.5,CASS,0,false,2
2026,3,3,1913,255073,5,5,20.0,50.0,12.5,CASS,0,false,1
2026,3,3,1913,255074,6,6,20.0,50.0,12.5,CASS,0,false,2
2026,3,3,1920,255105,5,5,20.0,50.0,12.5,CASS,0,false,1
2026,3,3,1920,255106,6,6,20.0,50.0,12.5,CASS,0,false,2
2026,3,3,1990,255137,5,5,20.0,50.0,12.5,CASS,0,false,1
2026,3,3,1990,255138,6,6,20.0,50.0,12.5,CASS,0,false,2
2026,3,4,7,242559,6: Creative Writing,6: Creative Writing,40.0,100.0,23.5,CASS,0,false,1
2026,3,4,20,242319,6: Creative Writing,6: Creative Writing,40.0,100.0,23.5,CASS,0,false,1
2026,3,4,29,246517,Oral 2,Oral 2,20.0,100.0,34.0,CASS,0,false,1
2026,3,4,104,242569,6: Creative Writing,6: Creative Writing,40.0,100.0,23.5,CASS,0,false,1
2026,3,4,117,242329,6: Creative Writing,6: Creative Writing,40.0,100.0,23.5,CASS,0,false,1
2026,3,4,126,246521,Oral 2,Oral 2,20.0,100.0,34.0,CASS,0,false,1
2026,3,4,148,246525,Oral 2,Oral 2,20.0,100.0,34.0,CASS,0,false,1
2026,3,4,191,242579,6: Creative Writing,6: Creative Writing,40.0,100.0,23.5,CASS,0,false,1
2026,3,4,204,242359,6: Creative Writing,6: Creative Writing,40.0,100.0,23.5,CASS,0,false,1
2026,3,4,213,246529,Oral 2,Oral 2,20.0,100.0,34.0,CASS,0,false,1
2026,3,4,225,242589,6: Creative Writing,6: Creative Writing,40.0,100.0,23.5,CASS,0,false,1
2026,3,4,238,242339,6: Creative Writing,6: Creative Writing,40.0,100.0,23.5,CASS,0,false,1
2026,3,4,247,246533,Oral 2,Oral 2,20.0,100.0,34.0,CASS,0,false,1
2026,3,4,259,242599,6: Creative Writing,6: Creative Writing,40.0,100.0,23.5,CASS,0,false,1
2026,3,4,272,242349,6: Creative Writing,6: Creative Writing,40.0,100.0,23.5,CASS,0,false,1
2026,3,4,281,246537,Oral 2,Oral 2,20.0,100.0,34.0,CASS,0,false,1
2026,3,4,313,248541,Personal & Social Wellbeing,Personal & Social Wellbeing,30.0,30.0,10.0,CASS,3,false,1
2026,3,4,313,248542,Physical Education,Physical Education,30.0,30.0,10.0,CASS,2,false,2
2026,3,4,313,248543,Creative Arts,Creative Arts,40.0,40.0,13.0,CASS,1,false,3
2026,3,4,326,248576,5,5,25.0,50.0,15.0,CASS,0,false,1
2026,3,4,326,248577,6: Test,6: Test,25.0,50.0,15.0,CASS,0,false,2
2026,3,4,354,249272,5: Prac Task/ Investigation,5: Prac Task/ Investigation,15.0,40.0,12.5,CASS,0,false,1
2026,3,4,354,249273,6: Test,6: Test,20.0,60.0,18.75,CASS,0,false,2
2026,3,4,380,242609,6: Creative Writing,6: Creative Writing,40.0,100.0,23.5,CASS,0,false,1
2026,3,4,393,242369,6: Creative Writing,6: Creative Writing,40.0,100.0,23.5,CASS,0,false,1
2026,3,4,402,246541,Oral 2,Oral 2,20.0,100.0,34.0,CASS,0,false,1
2026,3,4,412,242379,6: Creative Writing,6: Creative Writing,40.0,100.0,23.5,CASS,0,false,1
2026,3,4,421,246545,Oral 2,Oral 2,20.0,100.0,34.0,CASS,0,false,1
2026,3,4,433,242619,6: Creative Writing,6: Creative Writing,40.0,100.0,23.5,CASS,0,false,1
2026,3,4,446,242389,6: Creative Writing,6: Creative Writing,40.0,100.0,23.5,CASS,0,false,1
2026,3,4,455,246549,Oral 2,Oral 2,20.0,100.0,34.0,CASS,0,false,1
2026,3,4,467,242629,6: Creative Writing,6: Creative Writing,40.0,100.0,23.5,CASS,0,false,1
2026,3,4,480,242399,6: Creative Writing,6: Creative Writing,40.0,100.0,23.5,CASS,0,false,1
2026,3,4,489,246553,Oral 2,Oral 2,20.0,100.0,34.0,CASS,0,false,1
2026,3,4,501,242639,6: Creative Writing,6: Creative Writing,40.0,100.0,23.5,CASS,0,false,1
2026,3,4,514,242409,6: Creative Writing,6: Creative Writing,40.0,100.0,23.5,CASS,0,false,1
2026,3,4,523,246557,Oral 2,Oral 2,20.0,100.0,34.0,CASS,0,false,1
2026,3,4,532,248792,5 : Geography,5 : Geography,25.0,50.0,15.0,CASS,1,false,1
2026,3,4,532,248793,6 : History,6 : History,25.0,50.0,15.0,CASS,2,false,2
2026,3,4,583,242649,6: Creative Writing,6: Creative Writing,40.0,100.0,23.5,CASS,0,false,1
2026,3,4,596,242419,6: Creative Writing,6: Creative Writing,40.0,100.0,23.5,CASS,0,false,1
2026,3,4,605,246561,Oral 2,Oral 2,20.0,100.0,34.0,CASS,0,false,1
2026,3,4,840,242659,6: Creative Writing,6: Creative Writing,40.0,100.0,23.5,CASS,0,false,1
2026,3,4,853,242429,6: Creative Writing,6: Creative Writing,40.0,100.0,23.5,CASS,0,false,1
2026,3,4,862,246565,Oral 2,Oral 2,20.0,100.0,34.0,CASS,0,false,1
2026,3,4,877,246569,Oral 2,Oral 2,20.0,100.0,34.0,CASS,0,false,1
2026,3,4,893,244099,6: Creative Recording,6: Creative Recording,40.0,100.0,23.5,CASS,0,false,1
2026,3,4,1731,254055,3,3,10.0,100.0,25.0,CASS,0,false,1
2026,3,4,1844,255145,5,5,40.0,50.0,12.5,CASS,0,false,1
2026,3,4,1844,255146,6,6,50.0,50.0,12.5,CASS,0,false,2
2026,3,4,1851,255169,5,5,40.0,50.0,12.5,CASS,0,false,1
2026,3,4,1851,255170,6,6,50.0,50.0,12.5,CASS,0,false,2
2026,3,4,1858,255193,5,5,40.0,50.0,12.5,CASS,0,false,1
2026,3,4,1858,255194,6,6,50.0,50.0,12.5,CASS,0,false,2
2026,3,4,1865,255217,5,5,40.0,50.0,12.5,CASS,0,false,1
2026,3,4,1865,255218,6,6,50.0,50.0,12.5,CASS,0,false,2
2026,3,4,1872,255241,5,5,40.0,50.0,12.5,CASS,0,false,1
2026,3,4,1872,255242,6,6,50.0,50.0,12.5,CASS,0,false,2
2026,3,4,1879,255265,5,5,40.0,50.0,12.5,CASS,0,false,1
2026,3,4,1879,255266,6,6,50.0,50.0,12.5,CASS,0,false,2
2026,3,4,1886,255289,5,5,40.0,50.0,12.5,CASS,0,false,1
2026,3,4,1886,255290,6,6,50.0,50.0,12.5,CASS,0,false,2
2026,3,4,1893,255313,5,5,40.0,50.0,12.5,CASS,0,false,1
2026,3,4,1893,255314,6,6,50.0,50.0,12.5,CASS,0,false,2
2026,3,4,1900,255361,5,5,40.0,50.0,12.5,CASS,0,false,1
2026,3,4,1900,255362,6,6,50.0,50.0,12.5,CASS,0,false,2
2026,3,4,1907,255337,5,5,40.0,50.0,12.5,CASS,0,false,1
2026,3,4,1907,255338,6,6,50.0,50.0,12.5,CASS,0,false,2
2026,3,4,1914,255385,5,5,40.0,50.0,12.5,CASS,0,false,1
2026,3,4,1914,255386,6,6,50.0,50.0,12.5,CASS,0,false,2
2026,3,4,1921,255409,5,5,40.0,50.0,12.5,CASS,0,false,1
2026,3,4,1921,255410,6,6,50.0,50.0,12.5,CASS,0,false,2
2026,3,4,1991,255433,5,5,40.0,50.0,12.5,CASS,0,false,1
2026,3,4,1991,255434,6,6,50.0,50.0,12.5,CASS,0,false,2
2026,3,5,8,242669,6: Creative Writing,6: Creative Writing,40.0,100.0,23.5,CASS,0,false,1
2026,3,5,21,242439,6: Creative Writing,6: Creative Writing,40.0,100.0,23.5,CASS,0,false,1
2026,3,5,30,246573,Oral 2,Oral 2,20.0,100.0,34.0,CASS,0,false,1
2026,3,5,105,242679,6: Creative Writing,6: Creative Writing,40.0,100.0,23.5,CASS,0,false,1
2026,3,5,118,242449,6: Creative Writing,6: Creative Writing,40.0,100.0,23.5,CASS,0,false,1
2026,3,5,127,246577,Oral 2,Oral 2,20.0,100.0,34.0,CASS,0,false,1
2026,3,5,149,246581,Oral 2,Oral 2,20.0,100.0,34.0,CASS,0,false,1
2026,3,5,192,242689,6: Creative Writing,6: Creative Writing,40.0,100.0,23.5,CASS,0,false,1
2026,3,5,205,242459,6: Creative Writing,6: Creative Writing,40.0,100.0,23.5,CASS,0,false,1
2026,3,5,214,246585,Oral 2,Oral 2,20.0,100.0,34.0,CASS,0,false,1
2026,3,5,226,242699,6: Creative Writing,6: Creative Writing,40.0,100.0,23.5,CASS,0,false,1
2026,3,5,239,242469,6: Creative Writing,6: Creative Writing,40.0,100.0,23.5,CASS,0,false,1
2026,3,5,248,246589,Oral 2,Oral 2,20.0,100.0,34.0,CASS,0,false,1
2026,3,5,260,242709,6: Creative Writing,6: Creative Writing,40.0,100.0,23.5,CASS,0,false,1
2026,3,5,273,242479,6: Creative Writing,6: Creative Writing,40.0,100.0,23.5,CASS,0,false,1
2026,3,5,282,246593,Oral 2,Oral 2,20.0,100.0,34.0,CASS,0,false,1
2026,3,5,314,248553,Personal & Social Wellbeing,Personal & Social Wellbeing,30.0,30.0,10.0,CASS,3,false,1
2026,3,5,314,248554,Physical Education,Physical Education,30.0,30.0,10.0,CASS,2,false,2
2026,3,5,314,248555,Creative Arts,Creative Arts,40.0,40.0,13.0,CASS,1,false,3
2026,3,5,327,248584,5,5,25.0,50.0,15.0,CASS,0,false,1
2026,3,5,327,248585,6: Test,6: Test,25.0,50.0,15.0,CASS,0,false,2
2026,3,5,355,249279,5: Prac Task/ Investigation,5: Prac Task/ Investigation,15.0,40.0,12.5,CASS,0,false,1
2026,3,5,355,249280,6: Test,6: Test,20.0,60.0,18.75,CASS,0,false,2
2026,3,5,381,242719,6: Creative Writing,6: Creative Writing,40.0,100.0,23.5,CASS,0,false,1
2026,3,5,394,242489,6: Creative Writing,6: Creative Writing,40.0,100.0,23.5,CASS,0,false,1
2026,3,5,403,246597,Oral 2,Oral 2,20.0,100.0,34.0,CASS,0,false,1
2026,3,5,413,242499,6: Creative Writing,6: Creative Writing,40.0,100.0,23.5,CASS,0,false,1
2026,3,5,422,246601,Oral 2,Oral 2,20.0,100.0,34.0,CASS,0,false,1
2026,3,5,434,242729,6: Creative Writing,6: Creative Writing,40.0,100.0,23.5,CASS,0,false,1
2026,3,5,447,242509,6: Creative Writing,6: Creative Writing,40.0,100.0,23.5,CASS,0,false,1
2026,3,5,456,246605,Oral 2,Oral 2,20.0,100.0,34.0,CASS,0,false,1
2026,3,5,468,242739,6: Creative Writing,6: Creative Writing,40.0,100.0,23.5,CASS,0,false,1
2026,3,5,481,242519,6: Creative Writing,6: Creative Writing,40.0,100.0,23.5,CASS,0,false,1
2026,3,5,490,246609,Oral 2,Oral 2,20.0,100.0,34.0,CASS,0,false,1
2026,3,5,502,242749,6: Creative Writing,6: Creative Writing,40.0,100.0,23.5,CASS,0,false,1
2026,3,5,515,242529,6: Creative Writing,6: Creative Writing,40.0,100.0,23.5,CASS,0,false,1
2026,3,5,524,246613,Oral 2,Oral 2,20.0,100.0,34.0,CASS,0,false,1
2026,3,5,533,248800,5 : Geography,5 : Geography,30.0,50.0,15.0,CASS,1,false,1
2026,3,5,533,248801,6 : History,6 : History,30.0,50.0,15.0,CASS,2,false,2
2026,3,5,584,242759,6: Creative Writing,6: Creative Writing,40.0,100.0,23.5,CASS,0,false,1
2026,3,5,597,242539,6: Creative Writing,6: Creative Writing,40.0,100.0,23.5,CASS,0,false,1
2026,3,5,606,246617,Oral 2,Oral 2,20.0,100.0,34.0,CASS,0,false,1
2026,3,5,841,242769,6: Creative Writing,6: Creative Writing,40.0,100.0,23.5,CASS,0,false,1
2026,3,5,854,242549,6: Creative Writing,6: Creative Writing,40.0,100.0,23.5,CASS,0,false,1
2026,3,5,863,246621,Oral 2,Oral 2,20.0,100.0,34.0,CASS,0,false,1
2026,3,5,878,246625,Oral 2,Oral 2,20.0,100.0,34.0,CASS,0,false,1
2026,3,5,894,244109,6: Creative Recording,6: Creative Recording,40.0,100.0,23.5,CASS,0,false,1
2026,3,5,1732,254051,3,3,10.0,100.0,25.0,CASS,0,false,1
2026,3,5,1845,255153,5,5,40.0,50.0,12.5,CASS,0,false,1
2026,3,5,1845,255154,6,6,50.0,50.0,12.5,CASS,0,false,2
2026,3,5,1852,255177,5,5,40.0,50.0,12.5,CASS,0,false,1
2026,3,5,1852,255178,6,6,50.0,50.0,12.5,CASS,0,false,2
2026,3,5,1859,255201,5,5,40.0,50.0,12.5,CASS,0,false,1
2026,3,5,1859,255202,6,6,50.0,50.0,12.5,CASS,0,false,2
2026,3,5,1866,255225,5,5,40.0,50.0,12.5,CASS,0,false,1
2026,3,5,1866,255226,6,6,50.0,50.0,12.5,CASS,0,false,2
2026,3,5,1873,255249,5,5,40.0,50.0,12.5,CASS,0,false,1
2026,3,5,1873,255250,6,6,50.0,50.0,12.5,CASS,0,false,2
2026,3,5,1880,255273,5,5,40.0,50.0,12.5,CASS,0,false,1
2026,3,5,1880,255274,6,6,50.0,50.0,12.5,CASS,0,false,2
2026,3,5,1887,255297,5,5,40.0,50.0,12.5,CASS,0,false,1
2026,3,5,1887,255298,6,6,50.0,50.0,12.5,CASS,0,false,2
2026,3,5,1894,255321,5,5,40.0,50.0,12.5,CASS,0,false,1
2026,3,5,1894,255322,6,6,50.0,50.0,12.5,CASS,0,false,2
2026,3,5,1901,255369,5,5,40.0,50.0,12.5,CASS,0,false,1
2026,3,5,1901,255370,6,6,50.0,50.0,12.5,CASS,0,false,2
2026,3,5,1908,255345,5,5,40.0,50.0,12.5,CASS,0,false,1
2026,3,5,1908,255346,6,6,50.0,50.0,12.5,CASS,0,false,2
2026,3,5,1915,255393,5,5,40.0,50.0,12.5,CASS,0,false,1
2026,3,5,1915,255394,6,6,50.0,50.0,12.5,CASS,0,false,2
2026,3,5,1922,255417,5,5,40.0,50.0,12.5,CASS,0,false,1
2026,3,5,1922,255418,6,6,50.0,50.0,12.5,CASS,0,false,2
2026,3,5,1992,255441,5,5,40.0,50.0,12.5,CASS,0,false,1
2026,3,5,1992,255442,6,6,50.0,50.0,12.5,CASS,0,false,2
2026,3,6,9,244299,6: Creative Writing,6: Creative Writing,40.0,100.0,21.1,CASS,0,false,1
2026,3,6,22,244179,6: Creative Writing,6: Creative Writing,40.0,100.0,21.1,CASS,0,false,1
2026,3,6,31,246631,Oral 3,Oral 3,20.0,75.0,25.0,CASS,0,false,1
2026,3,6,31,246632,Writing,Writing,10.0,25.0,7.0,CASS,0,false,2
2026,3,6,106,244309,6: Creative Writing,6: Creative Writing,40.0,100.0,21.1,CASS,0,false,1
2026,3,6,119,244189,6: Creative Writing,6: Creative Writing,40.0,100.0,21.1,CASS,0,false,1
2026,3,6,128,246638,Oral 3,Oral 3,20.0,75.0,25.0,CASS,0,false,1
2026,3,6,128,246639,Writing,Writing,10.0,25.0,7.0,CASS,0,false,2
2026,3,6,150,246645,Oral 3,Oral 3,20.0,75.0,25.0,CASS,0,false,1
2026,3,6,150,246646,Writing,Writing,10.0,25.0,7.0,CASS,0,false,2
2026,3,6,193,244319,6: Creative Writing,6: Creative Writing,40.0,100.0,21.1,CASS,0,false,1
2026,3,6,206,244199,6: Creative Writing,6: Creative Writing,40.0,100.0,21.1,CASS,0,false,1
2026,3,6,215,246652,Oral 3,Oral 3,20.0,75.0,25.0,CASS,0,false,1
2026,3,6,215,246653,Writing,Writing,10.0,25.0,7.0,CASS,0,false,2
2026,3,6,227,244329,6: Creative Writing,6: Creative Writing,40.0,100.0,21.1,CASS,0,false,1
2026,3,6,240,244209,6: Creative Writing,6: Creative Writing,40.0,100.0,21.1,CASS,0,false,1
2026,3,6,249,246659,Oral 3,Oral 3,20.0,75.0,25.0,CASS,0,false,1
2026,3,6,249,246660,Writing,Writing,10.0,25.0,7.0,CASS,0,false,2
2026,3,6,261,244339,6: Creative Writing,6: Creative Writing,40.0,100.0,21.1,CASS,0,false,1
2026,3,6,274,244219,6: Creative Writing,6: Creative Writing,40.0,100.0,21.1,CASS,0,false,1
2026,3,6,283,246666,Oral 3,Oral 3,20.0,75.0,25.0,CASS,0,false,1
2026,3,6,283,246667,Writing,Writing,10.0,25.0,7.0,CASS,0,false,2
2026,3,6,315,248565,Personal & Social Wellbeing,Personal & Social Wellbeing,30.0,30.0,10.0,CASS,3,false,1
2026,3,6,315,248566,Physical Education,Physical Education,30.0,30.0,10.0,CASS,2,false,2
2026,3,6,315,248567,Creative Arts,Creative Arts,40.0,40.0,13.0,CASS,1,false,3
2026,3,6,328,248592,5,5,25.0,50.0,15.0,CASS,0,false,1
2026,3,6,328,248593,6: Test,6: Test,25.0,50.0,15.0,CASS,0,false,2
2026,3,6,356,249286,5: Prac Task/ Investigation,5: Prac Task/ Investigation,15.0,40.0,12.5,CASS,0,false,1
2026,3,6,356,249287,6: Test,6: Test,20.0,60.0,18.75,CASS,0,false,2
2026,3,6,382,244349,6: Creative Writing,6: Creative Writing,40.0,100.0,21.1,CASS,0,false,1
2026,3,6,395,244229,6: Creative Writing,6: Creative Writing,40.0,100.0,21.1,CASS,0,false,1
2026,3,6,404,246673,Oral 3,Oral 3,20.0,75.0,25.0,CASS,0,false,1
2026,3,6,404,246674,Writing,Writing,10.0,25.0,7.0,CASS,0,false,2
2026,3,6,414,244239,6: Creative Writing,6: Creative Writing,40.0,100.0,21.1,CASS,0,false,1
2026,3,6,423,246680,Oral 3,Oral 3,20.0,75.0,25.0,CASS,0,false,1
2026,3,6,423,246681,Writing,Writing,10.0,25.0,7.0,CASS,0,false,2
2026,3,6,435,244359,6: Creative Writing,6: Creative Writing,40.0,100.0,21.1,CASS,0,false,1
2026,3,6,448,244249,6: Creative Writing,6: Creative Writing,40.0,100.0,21.1,CASS,0,false,1
2026,3,6,457,246687,Oral 3,Oral 3,20.0,75.0,25.0,CASS,0,false,1
2026,3,6,457,246688,Writing,Writing,10.0,25.0,7.0,CASS,0,false,2
2026,3,6,469,244369,6: Creative Writing,6: Creative Writing,40.0,100.0,21.1,CASS,0,false,1
2026,3,6,482,244259,6: Creative Writing,6: Creative Writing,40.0,100.0,21.1,CASS,0,false,1
2026,3,6,491,246694,Oral 3,Oral 3,20.0,75.0,25.0,CASS,0,false,1
2026,3,6,491,246695,Writing,Writing,10.0,25.0,7.0,CASS,0,false,2
2026,3,6,503,244379,6: Creative Writing,6: Creative Writing,40.0,100.0,21.1,CASS,0,false,1
2026,3,6,516,244269,6: Creative Writing,6: Creative Writing,40.0,100.0,21.1,CASS,0,false,1
2026,3,6,525,246701,Oral 3,Oral 3,20.0,75.0,25.0,CASS,0,false,1
2026,3,6,525,246702,Writing,Writing,10.0,25.0,7.0,CASS,0,false,2
2026,3,6,534,248808,5 : Geography,5 : Geography,40.0,50.0,15.0,CASS,1,false,1
2026,3,6,534,248809,6 : History,6 : History,40.0,50.0,15.0,CASS,2,false,2
2026,3,6,585,244389,6: Creative Writing,6: Creative Writing,40.0,100.0,21.1,CASS,0,false,1
2026,3,6,598,244279,6: Creative Writing,6: Creative Writing,40.0,100.0,21.1,CASS,0,false,1
2026,3,6,607,246708,Oral 3,Oral 3,20.0,75.0,25.0,CASS,0,false,1
2026,3,6,607,246709,Writing,Writing,10.0,25.0,7.0,CASS,0,false,2
2026,3,6,654,250496,1. Listening and speaking,1. Listening and speaking,25.0,25.0,6.25,CASS,1,false,1
2026,3,6,654,250497,2. Reading and viewing,2. Reading and viewing,35.0,35.0,8.75,CASS,2,false,2
2026,3,6,654,250498,3. Language structures & conventions,3. Language structures & conventions,15.0,15.0,3.75,CASS,3,false,3
2026,3,6,654,250499,4. Writing and Presenting,4. Writing and Presenting,25.0,25.0,6.25,CASS,4,false,4
2026,3,6,658,250512,1. Listening and speaking,1. Listening and speaking,25.0,25.0,6.25,CASS,1,false,1
2026,3,6,658,250513,2. Reading and viewing,2. Reading and viewing,35.0,35.0,8.75,CASS,2,false,2
2026,3,6,658,250514,3. Language structures & conventions,3. Language structures & conventions,15.0,15.0,3.75,CASS,3,false,3
2026,3,6,658,250515,4. Writing and Presenting,4. Writing and Presenting,25.0,25.0,6.25,CASS,4,false,4
2026,3,6,662,250528,1. Listening and speaking,1. Listening and speaking,25.0,25.0,6.25,CASS,1,false,1
2026,3,6,662,250529,2. Reading and viewing,2. Reading and viewing,35.0,35.0,8.75,CASS,2,false,2
2026,3,6,662,250530,3. Language structures & conventions,3. Language structures & conventions,15.0,15.0,3.75,CASS,3,false,3
2026,3,6,662,250531,4. Writing and Presenting,4. Writing and Presenting,25.0,25.0,6.25,CASS,4,false,4
2026,3,6,666,250544,1. Listening and speaking,1. Listening and speaking,25.0,25.0,6.25,CASS,1,false,1
2026,3,6,666,250545,2. Reading and viewing,2. Reading and viewing,35.0,35.0,8.75,CASS,2,false,2
2026,3,6,666,250546,3. Language structures & conventions,3. Language structures & conventions,15.0,15.0,3.75,CASS,3,false,3
2026,3,6,666,250547,4. Writing and Presenting,4. Writing and Presenting,25.0,25.0,6.25,CASS,4,false,4
2026,3,6,670,250560,1. Listening and speaking,1. Listening and speaking,25.0,25.0,6.25,CASS,1,false,1
2026,3,6,670,250561,2. Reading and viewing,2. Reading and viewing,35.0,35.0,8.75,CASS,2,false,2
2026,3,6,670,250562,3. Language structures & conventions,3. Language structures & conventions,15.0,15.0,3.75,CASS,3,false,3
2026,3,6,670,250563,4. Writing and Presenting,4. Writing and Presenting,25.0,25.0,6.25,CASS,4,false,4
2026,3,6,674,250576,1. Listening and speaking,1. Listening and speaking,25.0,25.0,6.25,CASS,1,false,1
2026,3,6,674,250577,2. Reading and viewing,2. Reading and viewing,35.0,35.0,8.75,CASS,2,false,2
2026,3,6,674,250578,3. Language structures & conventions,3. Language structures & conventions,15.0,15.0,3.75,CASS,3,false,3
2026,3,6,674,250579,4. Writing and Presenting,4. Writing and Presenting,25.0,25.0,6.25,CASS,4,false,4
2026,3,6,678,250592,1. Listening and speaking,1. Listening and speaking,25.0,25.0,6.25,CASS,1,false,1
2026,3,6,678,250593,2. Reading and viewing,2. Reading and viewing,35.0,35.0,8.75,CASS,2,false,2
2026,3,6,678,250594,3. Language structures & conventions,3. Language structures & conventions,15.0,15.0,3.75,CASS,3,false,3
2026,3,6,678,250595,4. Writing and Presenting,4. Writing and Presenting,25.0,25.0,6.25,CASS,4,false,4
2026,3,6,682,250608,1. Listening and speaking,1. Listening and speaking,25.0,25.0,6.25,CASS,1,false,1
2026,3,6,682,250609,2. Reading and viewing,2. Reading and viewing,35.0,35.0,8.75,CASS,2,false,2
2026,3,6,682,250610,3. Language structures & conventions,3. Language structures & conventions,15.0,15.0,3.75,CASS,3,false,3
2026,3,6,682,250611,4. Writing and Presenting,4. Writing and Presenting,25.0,25.0,6.25,CASS,4,false,4
2026,3,6,686,250624,1. Listening and speaking,1. Listening and speaking,25.0,25.0,6.25,CASS,1,false,1
2026,3,6,686,250625,2. Reading and viewing,2. Reading and viewing,35.0,35.0,8.75,CASS,2,false,2
2026,3,6,686,250626,3. Language structures & conventions,3. Language structures & conventions,15.0,15.0,3.75,CASS,3,false,3
2026,3,6,686,250627,4. Writing and Presenting,4. Writing and Presenting,25.0,25.0,6.25,CASS,4,false,4
2026,3,6,690,250640,1. Listening and speaking,1. Listening and speaking,25.0,25.0,6.25,CASS,1,false,1
2026,3,6,690,250641,2. Reading and viewing,2. Reading and viewing,35.0,35.0,8.75,CASS,2,false,2
2026,3,6,690,250642,3. Language structures & conventions,3. Language structures & conventions,15.0,15.0,3.75,CASS,3,false,3
2026,3,6,690,250643,4. Writing and Presenting,4. Writing and Presenting,25.0,25.0,6.25,CASS,4,false,4
2026,3,6,694,250656,1. Listening and speaking,1. Listening and speaking,25.0,25.0,6.25,CASS,1,false,1
2026,3,6,694,250657,2. Reading and viewing,2. Reading and viewing,35.0,35.0,8.75,CASS,2,false,2
2026,3,6,694,250658,3. Language structures & conventions,3. Language structures & conventions,15.0,15.0,3.75,CASS,3,false,3
2026,3,6,694,250659,4. Writing and Presenting,4. Writing and Presenting,25.0,25.0,6.25,CASS,4,false,4
2026,3,6,698,249663,Keyboard Skills,Keyboard Skills,20.0,15.0,3.75,CASS,1,false,1
2026,3,6,698,249664,Graphics,Graphics,20.0,10.0,2.5,CASS,2,false,2
2026,3,6,698,249665,Word Processor,Word Processor,20.0,15.0,3.75,CASS,3,false,3
2026,3,6,698,249666,Spreadsheet,Spreadsheet,20.0,15.0,3.75,CASS,4,false,4
2026,3,6,698,249667,Presentations,Presentations,20.0,15.0,3.75,CASS,5,false,5
2026,3,6,698,249668,Systems Technologies,Systems Technologies,30.0,15.0,3.75,CASS,6,false,6
2026,3,6,698,249669,Internet & e-communications,Internet & e-communications,20.0,15.0,3.75,CASS,7,false,7
2026,3,6,754,249618,4,4,100.0,100.0,25.0,CASS,1,false,1
2026,3,6,758,249521,7,7,20.0,35.0,11.0,CASS,0,false,1
2026,3,6,758,249522,8,8,20.0,35.0,12.0,CASS,0,false,2
2026,3,6,758,249523,9: Test,9: Test,25.0,30.0,10.0,CASS,0,false,3
2026,3,6,786,249588,5,5,20.0,67.0,17.0,CASS,0,false,1
2026,3,6,786,249589,6,6,10.0,33.0,8.0,CASS,0,false,2
2026,3,6,842,244399,6: Creative Writing,6: Creative Writing,40.0,100.0,21.1,CASS,0,false,1
2026,3,6,855,244289,6: Creative Writing,6: Creative Writing,40.0,100.0,21.1,CASS,0,false,1
2026,3,6,864,246715,Oral 3,Oral 3,20.0,75.0,25.0,CASS,0,false,1
2026,3,6,864,246716,Writing,Writing,10.0,25.0,7.0,CASS,0,false,2
2026,3,6,879,246722,Oral 3,Oral 3,20.0,75.0,25.0,CASS,0,false,1
2026,3,6,879,246723,Writing,Writing,10.0,25.0,7.0,CASS,0,false,2
2026,3,6,895,244409,6: Creative Recording,6: Creative Recording,40.0,100.0,21.1,CASS,0,false,1
2026,3,6,908,251211,1. Listening and speaking,1. Listening and speaking,25.0,25.0,6.25,CASS,1,false,1
2026,3,6,908,251212,2. Reading and viewing,2. Reading and viewing,35.0,35.0,8.75,CASS,2,false,2
2026,3,6,908,251213,3. Language structures & conventions,3. Language structures & conventions,15.0,15.0,3.75,CASS,3,false,3
2026,3,6,908,251214,4. Writing and Recording,4. Writing and Recording,25.0,25.0,6.25,CASS,4,false,4
2026,3,6,912,251275,1. Listening and speaking,1. Listening and speaking,25.0,35.0,8.75,CASS,1,false,1
2026,3,6,912,251276,2. Reading and viewing,2. Reading and viewing,25.0,25.0,6.25,CASS,2,false,2
2026,3,6,912,251277,4. Language structures & conventions,4. Language structures & conventions,20.0,20.0,5.0,CASS,3,false,3
2026,3,6,912,251278,3. Writing and Presenting,3. Writing and Presenting,20.0,20.0,5.0,CASS,4,false,4
2026,3,6,916,251289,1. Listening and speaking,1. Listening and speaking,25.0,35.0,8.75,CASS,1,false,1
2026,3,6,916,251290,2. Reading and viewing,2. Reading and viewing,25.0,25.0,6.25,CASS,2,false,2
2026,3,6,916,251291,4. Language structures & conventions,4. Language structures & conventions,20.0,20.0,5.0,CASS,3,false,3
2026,3,6,916,251292,3. Writing and Presenting,3. Writing and Presenting,20.0,20.0,5.0,CASS,4,false,4
2026,3,6,920,251303,1. Listening and speaking,1. Listening and speaking,25.0,35.0,8.75,CASS,1,false,1
2026,3,6,920,251304,2. Reading and viewing,2. Reading and viewing,25.0,25.0,6.25,CASS,2,false,2
2026,3,6,920,251305,4. Language structures & conventions,4. Language structures & conventions,20.0,20.0,5.0,CASS,3,false,3
2026,3,6,920,251306,3. Writing and Presenting,3. Writing and Presenting,20.0,20.0,5.0,CASS,4,false,4
2026,3,6,924,251317,1. Listening and speaking,1. Listening and speaking,25.0,35.0,8.75,CASS,1,false,1
2026,3,6,924,251318,2. Reading and viewing,2. Reading and viewing,25.0,25.0,6.25,CASS,2,false,2
2026,3,6,924,251319,4. Language structures & conventions,4. Language structures & conventions,20.0,20.0,5.0,CASS,3,false,3
2026,3,6,924,251320,3. Writing and Presenting,3. Writing and Presenting,20.0,20.0,5.0,CASS,4,false,4
2026,3,6,928,251331,1. Listening and speaking,1. Listening and speaking,25.0,35.0,8.75,CASS,1,false,1
2026,3,6,928,251332,2. Reading and viewing,2. Reading and viewing,25.0,25.0,6.25,CASS,2,false,2
2026,3,6,928,251333,4. Language structures & conventions,4. Language structures & conventions,20.0,20.0,5.0,CASS,3,false,3
2026,3,6,928,251334,3. Writing and Presenting,3. Writing and Presenting,20.0,20.0,5.0,CASS,4,false,4
2026,3,6,932,251345,1. Listening and speaking,1. Listening and speaking,25.0,35.0,8.75,CASS,1,false,1
2026,3,6,932,251346,2. Reading and viewing,2. Reading and viewing,25.0,25.0,6.25,CASS,2,false,2
2026,3,6,932,251347,4. Language structures & conventions,4. Language structures & conventions,20.0,20.0,5.0,CASS,3,false,3
2026,3,6,932,251348,3. Writing and Presenting,3. Writing and Presenting,20.0,20.0,5.0,CASS,4,false,4
2026,3,6,936,251359,1. Listening and speaking,1. Listening and speaking,25.0,35.0,8.75,CASS,1,false,1
2026,3,6,936,251360,2. Reading and viewing,2. Reading and viewing,25.0,25.0,6.25,CASS,2,false,2
2026,3,6,936,251361,4. Language structures & conventions,4. Language structures & conventions,20.0,20.0,5.0,CASS,3,false,3
2026,3,6,936,251362,3. Writing and Presenting,3. Writing and Presenting,20.0,20.0,5.0,CASS,4,false,4
2026,3,6,940,251373,1. Listening and speaking,1. Listening and speaking,25.0,35.0,8.75,CASS,1,false,1
2026,3,6,940,251374,2. Reading and viewing,2. Reading and viewing,25.0,25.0,6.25,CASS,2,false,2
2026,3,6,940,251375,4. Language structures & conventions,4. Language structures & conventions,20.0,20.0,5.0,CASS,3,false,3
2026,3,6,940,251376,3. Writing and Presenting,3. Writing and Presenting,20.0,20.0,5.0,CASS,4,false,4
2026,3,6,944,251387,1. Listening and speaking,1. Listening and speaking,25.0,35.0,8.75,CASS,1,false,1
2026,3,6,944,251388,2. Reading and viewing,2. Reading and viewing,25.0,25.0,6.25,CASS,2,false,2
2026,3,6,944,251389,4. Language structures & conventions,4. Language structures & conventions,20.0,20.0,5.0,CASS,3,false,3
2026,3,6,944,251390,3. Writing and Presenting,3. Writing and Presenting,20.0,20.0,5.0,CASS,4,false,4
2026,3,6,948,251401,1. Listening and speaking,1. Listening and speaking,25.0,35.0,8.75,CASS,1,false,1
2026,3,6,948,251402,2. Reading and viewing,2. Reading and viewing,25.0,25.0,6.25,CASS,2,false,2
2026,3,6,948,251403,4. Language structures & conventions,4. Language structures & conventions,20.0,20.0,5.0,CASS,3,false,3
2026,3,6,948,251404,3. Writing and Presenting,3. Writing and Presenting,20.0,20.0,5.0,CASS,4,false,4
2026,3,6,952,251415,1. Listening and speaking,1. Listening and speaking,25.0,35.0,8.75,CASS,1,false,1
2026,3,6,952,251416,2. Reading and viewing,2. Reading and viewing,25.0,25.0,6.25,CASS,2,false,2
2026,3,6,952,251417,4. Language structures & conventions,4. Language structures & conventions,20.0,20.0,5.0,CASS,3,false,3
2026,3,6,952,251418,3. Writing and Presenting,3. Writing and Presenting,20.0,20.0,5.0,CASS,4,false,4
2026,3,6,976,249635,3,3,50.0,100.0,27.0,CASS,1,false,1
2026,3,6,1733,254047,3,3,10.0,100.0,25.0,CASS,0,false,1
2026,3,6,1846,255161,5,5,40.0,50.0,12.5,CASS,0,false,1
2026,3,6,1846,255162,6,6,50.0,50.0,12.5,CASS,0,false,2
2026,3,6,1853,255185,5,5,40.0,50.0,12.5,CASS,0,false,1
2026,3,6,1853,255186,6,6,50.0,50.0,12.5,CASS,0,false,2
2026,3,6,1860,255209,5,5,40.0,50.0,12.5,CASS,0,false,1
2026,3,6,1860,255210,6,6,50.0,50.0,12.5,CASS,0,false,2
2026,3,6,1867,255233,5,5,40.0,50.0,12.5,CASS,0,false,1
2026,3,6,1867,255234,6,6,50.0,50.0,12.5,CASS,0,false,2
2026,3,6,1874,255257,5,5,40.0,50.0,12.5,CASS,0,false,1
2026,3,6,1874,255258,6,6,50.0,50.0,12.5,CASS,0,false,2
2026,3,6,1881,255281,5,5,40.0,50.0,12.5,CASS,0,false,1
2026,3,6,1881,255282,6,6,50.0,50.0,12.5,CASS,0,false,2
2026,3,6,1888,255305,5,5,40.0,50.0,12.5,CASS,0,false,1
2026,3,6,1888,255306,6,6,50.0,50.0,12.5,CASS,0,false,2
2026,3,6,1895,255329,5,5,40.0,50.0,12.5,CASS,0,false,1
2026,3,6,1895,255330,6,6,50.0,50.0,12.5,CASS,0,false,2
2026,3,6,1902,255377,5,5,40.0,50.0,12.5,CASS,0,false,1
2026,3,6,1902,255378,6,6,50.0,50.0,12.5,CASS,0,false,2
2026,3,6,1909,255353,5,5,40.0,50.0,12.5,CASS,0,false,1
2026,3,6,1909,255354,6,6,50.0,50.0,12.5,CASS,0,false,2
2026,3,6,1916,255401,5,5,40.0,50.0,12.5,CASS,0,false,1
2026,3,6,1916,255402,6,6,50.0,50.0,12.5,CASS,0,false,2
2026,3,6,1923,255425,5,5,40.0,50.0,12.5,CASS,0,false,1
2026,3,6,1923,255426,6,6,50.0,50.0,12.5,CASS,0,false,2
2026,3,6,1993,255449,5,5,40.0,50.0,12.5,CASS,0,false,1
2026,3,6,1993,255450,6,6,50.0,50.0,12.5,CASS,0,false,2
2026,3,6,1994,249749,Theory,Theory,25.0,25.0,6.25,CASS,0,false,1
2026,3,6,1994,249750,Practical,Practical,50.0,75.0,18.75,CASS,0,false,2
2026,3,6,1995,249877,Office Admin: Theory,Office Admin: Theory,75.0,6.7,1.61,CASS,0,false,1
2026,3,6,1995,249878,Office Admin: Practical,Office Admin: Practical,25.0,2.3,0.66,CASS,0,false,2
2026,3,6,1995,249879,Wholesale & R: Theory,Wholesale & R: Theory,25.0,2.3,0.66,CASS,0,false,3
2026,3,6,1995,249880,Wholesale & R: Practical,Wholesale & R: Practical,50.0,6.8,1.61,CASS,0,false,4
2026,3,6,1995,249881,Art & Crafts: Practical,Art & Crafts: Practical,50.0,2.3,1.61,CASS,0,false,5
2026,3,6,1995,249882,Art & Crafts: Theory,Art & Crafts: Theory,25.0,6.8,0.66,CASS,0,false,6
2026,3,6,1995,249883,CS Foodproduction: Theory,CS Foodproduction: Theory,25.0,2.3,0.66,CASS,0,false,7
2026,3,6,1995,249884,CS Foodproduction: Practical,CS Foodproduction: Practical,50.0,6.8,1.61,CASS,0,false,8
2026,3,6,1995,249885,CS Sewing: Theory,CS Sewing: Theory,25.0,2.3,0.66,CASS,0,false,9
2026,3,6,1995,249886,CS Sewing:Practical,CS Sewing:Practical,50.0,6.8,1.61,CASS,0,false,10
2026,3,6,1995,249887,ST Upholstery: Theory,ST Upholstery: Theory,25.0,2.3,0.66,CASS,0,false,11
2026,3,6,1995,249888,ST Upholstery: Practical,ST Upholstery: Practical,50.0,6.8,1.61,CASS,0,false,12
2026,3,6,1995,249889,Beauty & Nail: Theory,Beauty & Nail: Theory,25.0,2.3,0.66,CASS,0,false,13
2026,3,6,1995,249890,Beauty & Nail: Practical,Beauty & Nail: Practical,75.0,6.8,1.61,CASS,0,false,14
2026,3,6,1995,249891,Hair & Beauty Care: Theory,Hair & Beauty Care: Theory,25.0,2.3,0.66,CASS,0,false,15
2026,3,6,1995,249892,Hair & Beauty Care: Practical,Hair & Beauty Care: Practical,50.0,6.8,1.61,CASS,0,false,16
2026,3,6,1995,249893,CS Hospitality: Practical,CS Hospitality: Practical,75.0,6.8,1.62,CASS,0,false,17
2026,3,6,1995,249894,CS Hospitality: Theory,CS Hospitality: Theory,25.0,2.3,0.66,CASS,0,false,18
2026,3,6,1995,249895,Anc Health Care: Theory,Anc Health Care: Theory,25.0,2.3,0.66,CASS,0,false,19
2026,3,6,1995,249896,Anc Health Care: Practical,Anc Health Care: Practical,75.0,6.8,1.62,CASS,0,false,20
2026,3,6,1995,249897,ECD Theory,ECD Theory,25.0,2.3,0.66,CASS,0,false,21
2026,3,6,1995,249898,ECD Practical,ECD Practical,75.0,6.8,1.62,CASS,0,false,22
2026,3,6,1996,249793,Civil Maintenance: Theory,Civil Maintenance: Theory,25.0,2.5,0.5,CASS,0,false,1
2026,3,6,1996,249794,Civil Maintenance: Practical,Civil Maintenance: Practical,75.0,7.5,2.0,CASS,0,false,2
2026,3,6,1996,249795,Civil Brickl & P: Theory,Civil Brickl & P: Theory,25.0,2.5,0.5,CASS,0,false,3
2026,3,6,1996,249796,Civil Brickl & P: Practical,Civil Brickl & P: Practical,50.0,7.5,2.0,CASS,0,false,4
2026,3,6,1996,249797,Civil Woodw & T: Theory,Civil Woodw & T: Theory,25.0,2.5,0.5,CASS,0,false,5
2026,3,6,1996,249798,Civil Woodw & T: Practical,Civil Woodw & T: Practical,50.0,7.5,2.0,CASS,0,false,6
2026,3,6,1996,249799,Civil Plumbing: Theory,Civil Plumbing: Theory,25.0,2.5,0.5,CASS,0,false,7
2026,3,6,1996,249800,Civil Plumbing: Practical,Civil Plumbing: Practical,50.0,7.5,2.0,CASS,0,false,8
2026,3,6,1996,249801,Mech Welding: Theory,Mech Welding: Theory,25.0,2.5,0.5,CASS,0,false,9
2026,3,6,1996,249802,Mech Welding: Practical,Mech Welding: Practical,50.0,7.5,2.0,CASS,0,false,10
2026,3,6,1996,249803,Mech BodyW: Theory,Mech BodyW: Theory,25.0,2.5,0.5,CASS,0,false,11
2026,3,6,1996,249804,Mech BodyW: Practical,Mech BodyW: Practical,50.0,7.5,2.0,CASS,0,false,12
2026,3,6,1996,249805,Mech Motor: Theory,Mech Motor: Theory,25.0,2.5,0.5,CASS,0,false,13
2026,3,6,1996,249806,Mech Motor: Practical,Mech Motor: Practical,50.0,7.5,2.0,CASS,0,false,14
2026,3,6,1996,249807,Mech Sheetmetal: Theory,Mech Sheetmetal: Theory,25.0,2.5,0.5,CASS,0,false,15
2026,3,6,1996,249808,Mech Sheetmetal: Practical,Mech Sheetmetal: Practical,50.0,7.5,2.0,CASS,0,false,16
2026,3,6,1996,249809,Electrical: Theory,Electrical: Theory,25.0,2.5,0.5,CASS,0,false,17
2026,3,6,1996,249810,Electrical: Practical,Electrical: Practical,50.0,7.5,2.0,CASS,0,false,18
2026,3,6,1996,249811,Agric: Theory,Agric: Theory,25.0,2.5,0.5,CASS,0,false,19
2026,3,6,1996,249812,Agric: Practical,Agric: Practical,75.0,7.5,2.0,CASS,0,false,20
2026,3,7,10,244683,6: Creative Writing,6: Creative Writing,50.0,62.25,19.2,CASS,0,false,1
2026,3,7,10,244684,8: Literature,8: Literature,30.0,37.75,11.5,CASS,0,false,2
2026,3,7,23,244419,6: Creative Writing,6: Creative Writing,50.0,62.25,19.2,CASS,0,false,1
2026,3,7,23,244420,8: Literature,8: Literature,30.0,37.75,11.5,CASS,0,false,2
2026,3,7,32,246729,Literature,Literature,15.0,60.0,33.33,CASS,0,false,1
2026,3,7,32,246730,Oral 3,Oral 3,15.0,40.0,0,CASS,0,false,2
2026,3,7,53,253095,5 : Art form 1,5 : Art form 1,25.0,50.0,12.5,CASS,1,false,1
2026,3,7,53,253096,6 : Art form 2,6 : Art form 2,25.0,50.0,12.5,CASS,2,false,2
2026,3,7,89,249010,4,4,50.0,100.0,33.0,CASS,0,false,1
2026,3,7,107,244694,6: Creative Writing,6: Creative Writing,50.0,62.25,19.2,CASS,0,false,1
2026,3,7,107,244695,8: Literature,8: Literature,30.0,37.75,11.5,CASS,0,false,2
2026,3,7,120,244430,6: Creative Writing,6: Creative Writing,50.0,62.25,19.2,CASS,0,false,1
2026,3,7,120,244431,8: Literature,8: Literature,30.0,37.75,11.5,CASS,0,false,2
2026,3,7,129,246756,Literature,Literature,15.0,60.0,33.33,CASS,0,false,1
2026,3,7,129,246757,Oral 3,Oral 3,15.0,40.0,0,CASS,0,false,2
2026,3,7,151,246783,Literature,Literature,15.0,60.0,33.33,CASS,0,false,1
2026,3,7,151,246784,Oral 3,Oral 3,15.0,40.0,0,CASS,0,false,2
2026,3,7,194,244705,6: Creative Writing,6: Creative Writing,50.0,62.25,19.2,CASS,0,false,1
2026,3,7,194,244706,8: Literature,8: Literature,30.0,37.75,11.5,CASS,0,false,2
2026,3,7,207,244441,6: Creative Writing,6: Creative Writing,50.0,62.25,19.2,CASS,0,false,1
2026,3,7,207,244442,8: Literature,8: Literature,30.0,37.75,11.5,CASS,0,false,2
2026,3,7,216,246810,Literature,Literature,15.0,60.0,33.33,CASS,0,false,1
2026,3,7,216,246811,Oral 3,Oral 3,15.0,40.0,0,CASS,0,false,2
2026,3,7,228,244716,6: Creative Writing,6: Creative Writing,50.0,62.25,19.2,CASS,0,false,1
2026,3,7,228,244717,8: Literature,8: Literature,30.0,37.75,11.5,CASS,0,false,2
2026,3,7,241,244452,6: Creative Writing,6: Creative Writing,50.0,62.25,19.2,CASS,0,false,1
2026,3,7,241,244453,8: Literature,8: Literature,30.0,37.75,11.5,CASS,0,false,2
2026,3,7,250,246873,Literature,Literature,15.0,60.0,33.33,CASS,0,false,1
2026,3,7,250,246874,Oral 3,Oral 3,15.0,40.0,0,CASS,0,false,2
2026,3,7,262,244727,6: Creative Writing,6: Creative Writing,50.0,62.25,19.2,CASS,0,false,1
2026,3,7,262,244728,8: Literature,8: Literature,30.0,37.75,11.5,CASS,0,false,2
2026,3,7,275,244463,6: Creative Writing,6: Creative Writing,50.0,62.25,19.2,CASS,0,false,1
2026,3,7,275,244464,8: Literature,8: Literature,30.0,37.75,11.5,CASS,0,false,2
2026,3,7,284,246837,Literature,Literature,15.0,60.0,33.33,CASS,0,false,1
2026,3,7,284,246838,Oral 3,Oral 3,15.0,40.0,0,CASS,0,false,2
2026,3,7,300,248448,5,5,70.0,70.0,23.0,CASS,0,false,1
2026,3,7,300,248449,PET,PET,30.0,30.0,10.0,CASS,0,false,2
2026,3,7,329,248600,5,5,50.0,40.0,15.0,CASS,0,false,1
2026,3,7,329,248601,6: Test,6: Test,40.0,60.0,15.0,CASS,0,false,2
2026,3,7,351,249248,5: Prac Task/ Investigation,5: Prac Task/ Investigation,30.0,40.0,12.5,CASS,0,false,1
2026,3,7,351,249249,6: Test,6: Test,30.0,60.0,18.75,CASS,0,false,2
2026,3,7,383,244738,6: Creative Writing,6: Creative Writing,50.0,62.25,19.2,CASS,0,false,1
2026,3,7,383,244739,8: Literature,8: Literature,30.0,37.75,11.5,CASS,0,false,2
2026,3,7,396,244474,6: Creative Writing,6: Creative Writing,50.0,62.25,19.2,CASS,0,false,1
2026,3,7,396,244475,8: Literature,8: Literature,30.0,37.75,11.5,CASS,0,false,2
2026,3,7,405,246918,Literature,Literature,15.0,60.0,33.33,CASS,0,false,1
2026,3,7,405,246919,Oral 3,Oral 3,15.0,40.0,0,CASS,0,false,2
2026,3,7,415,244485,6: Creative Writing,6: Creative Writing,50.0,62.25,19.2,CASS,0,false,1
2026,3,7,415,244486,8: Literature,8: Literature,30.0,37.75,11.5,CASS,0,false,2
2026,3,7,424,246945,Literature,Literature,15.0,60.0,33.33,CASS,0,false,1
2026,3,7,424,246946,Oral 3,Oral 3,15.0,40.0,0,CASS,0,false,2
2026,3,7,436,244749,6: Creative Writing,6: Creative Writing,50.0,62.25,19.2,CASS,0,false,1
2026,3,7,436,244750,8: Literature,8: Literature,30.0,37.75,11.5,CASS,0,false,2
2026,3,7,449,244496,6: Creative Writing,6: Creative Writing,50.0,62.25,19.2,CASS,0,false,1
2026,3,7,449,244497,8: Literature,8: Literature,30.0,37.75,11.5,CASS,0,false,2
2026,3,7,458,246972,Literature,Literature,15.0,60.0,33.33,CASS,0,false,1
2026,3,7,458,246973,Oral 3,Oral 3,15.0,40.0,0,CASS,0,false,2
2026,3,7,470,244760,6: Creative Writing,6: Creative Writing,50.0,62.25,19.2,CASS,0,false,1
2026,3,7,470,244761,8: Literature,8: Literature,30.0,37.75,11.5,CASS,0,false,2
2026,3,7,483,244507,6: Creative Writing,6: Creative Writing,50.0,62.25,19.2,CASS,0,false,1
2026,3,7,483,244508,8: Literature,8: Literature,30.0,37.75,11.5,CASS,0,false,2
2026,3,7,492,246999,Literature,Literature,15.0,60.0,33.33,CASS,0,false,1
2026,3,7,492,247000,Oral 3,Oral 3,15.0,40.0,0,CASS,0,false,2
2026,3,7,504,244771,6: Creative Writing,6: Creative Writing,50.0,62.25,19.2,CASS,0,false,1
2026,3,7,504,244772,8: Literature,8: Literature,30.0,37.75,11.5,CASS,0,false,2
2026,3,7,517,244518,6: Creative Writing,6: Creative Writing,50.0,62.25,19.2,CASS,0,false,1
2026,3,7,517,244519,8: Literature,8: Literature,30.0,37.75,11.5,CASS,0,false,2
2026,3,7,526,247026,Literature,Literature,15.0,60.0,33.33,CASS,0,false,1
2026,3,7,526,247027,Oral 3,Oral 3,15.0,40.0,0,CASS,0,false,2
2026,3,7,535,248816,5 : Geography,5 : Geography,50.0,50.0,15.0,CASS,1,false,1
2026,3,7,535,248817,6 : History,6 : History,50.0,50.0,15.0,CASS,2,false,2
2026,3,7,558,248848,3 : PAT 2,3 : PAT 2,70.0,100.0,33.33,CASS,0,false,1
2026,3,7,586,244782,6: Creative Writing,6: Creative Writing,50.0,62.25,19.2,CASS,0,false,1
2026,3,7,586,244783,8: Literature,8: Literature,30.0,37.75,11.5,CASS,0,false,2
2026,3,7,599,244529,6: Creative Writing,6: Creative Writing,50.0,62.25,19.2,CASS,0,false,1
2026,3,7,599,244530,8: Literature,8: Literature,30.0,37.75,11.5,CASS,0,false,2
2026,3,7,608,247053,Literature,Literature,15.0,60.0,33.33,CASS,0,false,1
2026,3,7,608,247054,Oral 3,Oral 3,15.0,40.0,0,CASS,0,false,2
2026,3,7,631,250438,Theory,Theory,25.0,25.0,11.0,CASS,0,false,1
2026,3,7,631,250439,Practical,Practical,25.0,75.0,22.0,CASS,0,false,2
2026,3,7,635,250075,Practical,Practical,25.0,75.0,22.0,CASS,0,false,1
2026,3,7,635,250076,Theory,Theory,25.0,25.0,11.0,CASS,0,false,2
2026,3,7,643,250171,Practical,Practical,25.0,75.0,22.0,CASS,0,false,1
2026,3,7,643,250172,Theory,Theory,25.0,25.0,11.0,CASS,0,false,2
2026,3,7,647,249952,Practical,Practical,35.0,75.0,22.0,CASS,0,false,1
2026,3,7,647,249953,Theory,Theory,25.0,25.0,11.0,CASS,0,false,2
2026,3,7,651,250059,Practical,Practical,25.0,75.0,22.0,CASS,0,false,1
2026,3,7,651,250060,Theory,Theory,25.0,25.0,11.0,CASS,0,false,2
2026,3,7,655,250672,1. Listening and speaking,1. Listening and speaking,25.0,25.0,8.5,CASS,1,false,1
2026,3,7,655,250673,2. Reading and viewing,2. Reading and viewing,35.0,35.0,8.5,CASS,2,false,2
2026,3,7,655,250674,3. Language structures & conventions,3. Language structures & conventions,15.0,15.0,7.5,CASS,3,false,3
2026,3,7,655,250675,4. Writing and Presenting,4. Writing and Presenting,25.0,25.0,8.5,CASS,4,false,4
2026,3,7,659,250704,1. Listening and speaking,1. Listening and speaking,25.0,25.0,8.5,CASS,1,false,1
2026,3,7,659,250705,2. Reading and viewing,2. Reading and viewing,35.0,35.0,8.5,CASS,2,false,2
2026,3,7,659,250706,3. Language structures & conventions,3. Language structures & conventions,15.0,15.0,7.5,CASS,3,false,3
2026,3,7,659,250707,4. Writing and Presenting,4. Writing and Presenting,25.0,25.0,8.5,CASS,4,false,4
2026,3,7,663,250736,1. Listening and speaking,1. Listening and speaking,25.0,25.0,8.5,CASS,1,false,1
2026,3,7,663,250737,2. Reading and viewing,2. Reading and viewing,35.0,35.0,8.5,CASS,2,false,2
2026,3,7,663,250738,3. Language structures & conventions,3. Language structures & conventions,15.0,15.0,7.5,CASS,3,false,3
2026,3,7,663,250739,4. Writing and Presenting,4. Writing and Presenting,25.0,25.0,8.5,CASS,4,false,4
2026,3,7,667,250768,1. Listening and speaking,1. Listening and speaking,25.0,25.0,8.5,CASS,1,false,1
2026,3,7,667,250769,2. Reading and viewing,2. Reading and viewing,35.0,35.0,8.5,CASS,2,false,2
2026,3,7,667,250770,3. Language structures & conventions,3. Language structures & conventions,15.0,15.0,7.5,CASS,3,false,3
2026,3,7,667,250771,4. Writing and Presenting,4. Writing and Presenting,25.0,25.0,8.5,CASS,4,false,4
2026,3,7,671,250800,1. Listening and speaking,1. Listening and speaking,25.0,25.0,8.5,CASS,1,false,1
2026,3,7,671,250801,2. Reading and viewing,2. Reading and viewing,35.0,35.0,8.5,CASS,2,false,2
2026,3,7,671,250802,3. Language structures & conventions,3. Language structures & conventions,15.0,15.0,7.5,CASS,3,false,3
2026,3,7,671,250803,4. Writing and Presenting,4. Writing and Presenting,25.0,25.0,8.5,CASS,4,false,4
2026,3,7,675,250832,1. Listening and speaking,1. Listening and speaking,25.0,25.0,8.5,CASS,1,false,1
2026,3,7,675,250833,2. Reading and viewing,2. Reading and viewing,35.0,35.0,8.5,CASS,2,false,2
2026,3,7,675,250834,3. Language structures & conventions,3. Language structures & conventions,15.0,15.0,7.5,CASS,3,false,3
2026,3,7,675,250835,4. Writing and Presenting,4. Writing and Presenting,25.0,25.0,8.5,CASS,4,false,4
2026,3,7,679,250864,1. Listening and speaking,1. Listening and speaking,25.0,25.0,8.5,CASS,1,false,1
2026,3,7,679,250865,2. Reading and viewing,2. Reading and viewing,35.0,35.0,8.5,CASS,2,false,2
2026,3,7,679,250866,3. Language structures & conventions,3. Language structures & conventions,15.0,15.0,7.5,CASS,3,false,3
2026,3,7,679,250867,4. Writing and Presenting,4. Writing and Presenting,25.0,25.0,8.5,CASS,4,false,4
2026,3,7,683,250896,1. Listening and speaking,1. Listening and speaking,25.0,25.0,8.5,CASS,1,false,1
2026,3,7,683,250897,2. Reading and viewing,2. Reading and viewing,35.0,35.0,8.5,CASS,2,false,2
2026,3,7,683,250898,3. Language structures & conventions,3. Language structures & conventions,15.0,15.0,7.5,CASS,3,false,3
2026,3,7,683,250899,4. Writing and Presenting,4. Writing and Presenting,25.0,25.0,8.5,CASS,4,false,4
2026,3,7,687,250928,1. Listening and speaking,1. Listening and speaking,25.0,25.0,8.5,CASS,1,false,1
2026,3,7,687,250929,2. Reading and viewing,2. Reading and viewing,35.0,35.0,8.5,CASS,2,false,2
2026,3,7,687,250930,3. Language structures & conventions,3. Language structures & conventions,15.0,15.0,7.5,CASS,3,false,3
2026,3,7,687,250931,4. Writing and Presenting,4. Writing and Presenting,25.0,25.0,8.5,CASS,4,false,4
2026,3,7,691,250960,1. Listening and speaking,1. Listening and speaking,25.0,25.0,8.5,CASS,1,false,1
2026,3,7,691,250961,2. Reading and viewing,2. Reading and viewing,35.0,35.0,8.5,CASS,2,false,2
2026,3,7,691,250962,3. Language structures & conventions,3. Language structures & conventions,15.0,15.0,7.5,CASS,3,false,3
2026,3,7,691,250963,4. Writing and Presenting,4. Writing and Presenting,25.0,25.0,8.5,CASS,4,false,4
2026,3,7,695,250992,1. Listening and speaking,1. Listening and speaking,25.0,25.0,8.5,CASS,1,false,1
2026,3,7,695,250993,2. Reading and viewing,2. Reading and viewing,35.0,35.0,8.5,CASS,2,false,2
2026,3,7,695,250994,3. Language structures & conventions,3. Language structures & conventions,15.0,15.0,7.5,CASS,3,false,3
2026,3,7,695,250995,4. Writing and Presenting,4. Writing and Presenting,25.0,25.0,8.5,CASS,4,false,4
2026,3,7,699,249691,Keyboard Skills,Keyboard Skills,20.0,15.0,3.75,CASS,1,false,1
2026,3,7,699,249692,Graphics,Graphics,20.0,10.0,2.5,CASS,2,false,2
2026,3,7,699,249693,Word Processor,Word Processor,20.0,15.0,3.75,CASS,3,false,3
2026,3,7,699,249694,Spreadsheet,Spreadsheet,20.0,15.0,3.75,CASS,4,false,4
2026,3,7,699,249695,Presentations,Presentations,20.0,15.0,3.75,CASS,5,false,5
2026,3,7,699,249696,Systems Technologies,Systems Technologies,30.0,15.0,3.75,CASS,6,false,6
2026,3,7,699,249697,Internet & e-communications,Internet & e-communications,20.0,15.0,3.75,CASS,7,false,7
2026,3,7,707,250091,Practical,Practical,25.0,75.0,22.0,CASS,0,false,1
2026,3,7,707,250092,Theory,Theory,25.0,25.0,11.0,CASS,0,false,2
2026,3,7,715,250198,Practical,Practical,150.0,75.0,22.0,CASS,0,false,1
2026,3,7,715,250199,Theory,Theory,50.0,25.0,11.0,CASS,0,false,2
2026,3,7,731,250011,Practical,Practical,25.0,75.0,22.0,CASS,0,false,1
2026,3,7,731,250012,Theory,Theory,25.0,25.0,11.0,CASS,0,false,2
2026,3,7,735,250465,Practical,Practical,50.0,75.0,22.0,CASS,0,false,1
2026,3,7,735,250466,Theory,Theory,50.0,25.0,11.0,CASS,0,false,2
2026,3,7,751,250411,Theory,Theory,25.0,25.0,11.0,CASS,0,false,1
2026,3,7,751,250412,Practical,Practical,25.0,75.0,22.0,CASS,0,false,2
2026,3,7,755,249627,3,3,100.0,100.0,25.0,CASS,1,false,1
2026,3,7,759,249531,7,7,25.0,35.0,11.0,CASS,0,false,1
2026,3,7,759,249532,8,8,25.0,35.0,12.0,CASS,0,false,2
2026,3,7,759,249533,9: Test,9: Test,50.0,30.0,10.0,CASS,0,false,3
2026,3,7,763,250123,Practical,Practical,25.0,75.0,22.0,CASS,0,false,1
2026,3,7,763,250124,Theory,Theory,25.0,25.0,11.0,CASS,0,false,2
2026,3,7,767,249979,Practical,Practical,25.0,75.0,22.0,CASS,0,false,1
2026,3,7,767,249980,Theory,Theory,25.0,25.0,11.0,CASS,0,false,2
2026,3,7,771,250155,Practical,Practical,25.0,75.0,22.0,CASS,0,false,1
2026,3,7,771,250156,Theory,Theory,25.0,25.0,11.0,CASS,0,false,2
2026,3,7,775,249925,Practical,Practical,50.0,75.0,22.0,CASS,0,false,1
2026,3,7,775,249926,Theory,Theory,50.0,25.0,11.0,CASS,0,false,2
2026,3,7,779,250139,Practical,Practical,25.0,75.0,22.0,CASS,0,false,1
2026,3,7,779,250140,Theory,Theory,25.0,25.0,11.0,CASS,0,false,2
2026,3,7,787,249596,5,5,20.0,67.0,17.0,CASS,0,false,1
2026,3,7,787,249597,6,6,10.0,33.0,8.0,CASS,0,false,2
2026,3,7,803,250252,Practical,Practical,25.0,75.0,22.0,CASS,0,false,1
2026,3,7,803,250253,Test,Test,25.0,25.0,11.0,CASS,0,false,2
2026,3,7,819,250027,Practical,Practical,25.0,75.0,22.0,CASS,0,false,1
2026,3,7,819,250028,Theory,Theory,25.0,25.0,11.0,CASS,0,false,2
2026,3,7,831,250107,Practical,Practical,25.0,75.0,22.0,CASS,0,false,1
2026,3,7,831,250108,Theory,Theory,25.0,25.0,11.0,CASS,0,false,2
2026,3,7,843,244793,6: Creative Writing,6: Creative Writing,50.0,62.25,19.2,CASS,0,false,1
2026,3,7,843,244794,8: Literature,8: Literature,30.0,37.75,11.5,CASS,0,false,2
2026,3,7,856,244540,6: Creative Writing,6: Creative Writing,50.0,62.25,19.2,CASS,0,false,1
2026,3,7,856,244541,8: Literature,8: Literature,30.0,37.75,11.5,CASS,0,false,2
2026,3,7,865,247080,Literature,Literature,15.0,60.0,33.33,CASS,0,false,1
2026,3,7,865,247081,Oral 3,Oral 3,15.0,40.0,0,CASS,0,false,2
2026,3,7,880,246864,Literature,Literature,15.0,60.0,33.33,CASS,0,false,1
2026,3,7,880,246865,Oral 3,Oral 3,15.0,40.0,0,CASS,0,false,2
2026,3,7,896,244925,6: Creative Recording,6: Creative Recording,50.0,62.25,19.2,CASS,0,false,1
2026,3,7,896,244926,8: Literature,8: Literature,30.0,37.75,11.5,CASS,0,false,2
2026,3,7,909,251227,1. Listening and speaking,1. Listening and speaking,25.0,25.0,6.25,CASS,1,false,1
2026,3,7,909,251228,2. Reading and viewing,2. Reading and viewing,35.0,35.0,8.75,CASS,2,false,2
2026,3,7,909,251229,3. Language structures & conventions,3. Language structures & conventions,15.0,15.0,3.75,CASS,3,false,3
2026,3,7,909,251230,4. Writing and Recording,4. Writing and Recording,25.0,25.0,6.25,CASS,4,false,4
2026,3,7,913,251430,1. Listening and speaking,1. Listening and speaking,25.0,30.0,8.5,CASS,1,false,1
2026,3,7,913,251431,2. Reading and viewing,2. Reading and viewing,35.0,25.0,8.5,CASS,2,false,2
2026,3,7,913,251432,4. Language structures & conventions,4. Language structures & conventions,15.0,20.0,7.5,CASS,3,false,3
2026,3,7,913,251433,3. Writing and Presenting,3. Writing and Presenting,25.0,25.0,8.5,CASS,4,false,4
2026,3,7,917,251446,1. Listening and speaking,1. Listening and speaking,25.0,30.0,8.5,CASS,1,false,1
2026,3,7,917,251447,2. Reading and viewing,2. Reading and viewing,35.0,25.0,8.5,CASS,2,false,2
2026,3,7,917,251448,4. Language structures & conventions,4. Language structures & conventions,15.0,20.0,7.5,CASS,3,false,3
2026,3,7,917,251449,3. Writing and Presenting,3. Writing and Presenting,25.0,25.0,8.5,CASS,4,false,4
2026,3,7,921,251462,1. Listening and speaking,1. Listening and speaking,25.0,30.0,8.5,CASS,1,false,1
2026,3,7,921,251463,2. Reading and viewing,2. Reading and viewing,35.0,25.0,8.5,CASS,2,false,2
2026,3,7,921,251464,4. Language structures & conventions,4. Language structures & conventions,15.0,20.0,7.5,CASS,3,false,3
2026,3,7,921,251465,3. Writing and Presenting,3. Writing and Presenting,25.0,25.0,8.5,CASS,4,false,4
2026,3,7,925,251478,1. Listening and speaking,1. Listening and speaking,25.0,30.0,8.5,CASS,1,false,1
2026,3,7,925,251479,2. Reading and viewing,2. Reading and viewing,35.0,25.0,8.5,CASS,2,false,2
2026,3,7,925,251480,4. Language structures & conventions,4. Language structures & conventions,15.0,20.0,7.5,CASS,3,false,3
2026,3,7,925,251481,3. Writing and Presenting,3. Writing and Presenting,25.0,25.0,8.5,CASS,4,false,4
2026,3,7,929,251494,1. Listening and speaking,1. Listening and speaking,25.0,30.0,8.5,CASS,1,false,1
2026,3,7,929,251495,2. Reading and viewing,2. Reading and viewing,35.0,25.0,8.5,CASS,2,false,2
2026,3,7,929,251496,4. Language structures & conventions,4. Language structures & conventions,15.0,20.0,7.5,CASS,3,false,3
2026,3,7,929,251497,3. Writing and Presenting,3. Writing and Presenting,25.0,25.0,8.5,CASS,4,false,4
2026,3,7,933,251510,1. Listening and speaking,1. Listening and speaking,25.0,30.0,8.5,CASS,1,false,1
2026,3,7,933,251511,2. Reading and viewing,2. Reading and viewing,35.0,25.0,8.5,CASS,2,false,2
2026,3,7,933,251512,4. Language structures & conventions,4. Language structures & conventions,15.0,20.0,7.5,CASS,3,false,3
2026,3,7,933,251513,3. Writing and Presenting,3. Writing and Presenting,25.0,25.0,8.5,CASS,4,false,4
2026,3,7,937,251526,1. Listening and speaking,1. Listening and speaking,25.0,30.0,8.5,CASS,1,false,1
2026,3,7,937,251527,2. Reading and viewing,2. Reading and viewing,35.0,25.0,8.5,CASS,2,false,2
2026,3,7,937,251528,4. Language structures & conventions,4. Language structures & conventions,15.0,20.0,7.5,CASS,3,false,3
2026,3,7,937,251529,3. Writing and Presenting,3. Writing and Presenting,25.0,25.0,8.5,CASS,4,false,4
2026,3,7,941,251542,1. Listening and speaking,1. Listening and speaking,25.0,30.0,8.5,CASS,1,false,1
2026,3,7,941,251543,2. Reading and viewing,2. Reading and viewing,35.0,25.0,8.5,CASS,2,false,2
2026,3,7,941,251544,4. Language structures & conventions,4. Language structures & conventions,15.0,20.0,7.5,CASS,3,false,3
2026,3,7,941,251545,3. Writing and Presenting,3. Writing and Presenting,25.0,25.0,8.5,CASS,4,false,4
2026,3,7,945,251558,1. Listening and speaking,1. Listening and speaking,25.0,30.0,8.5,CASS,1,false,1
2026,3,7,945,251559,2. Reading and viewing,2. Reading and viewing,35.0,25.0,8.5,CASS,2,false,2
2026,3,7,945,251560,4. Language structures & conventions,4. Language structures & conventions,15.0,20.0,7.5,CASS,3,false,3
2026,3,7,945,251561,3. Writing and Presenting,3. Writing and Presenting,25.0,25.0,8.5,CASS,4,false,4
2026,3,7,949,251574,1. Listening and speaking,1. Listening and speaking,25.0,30.0,8.5,CASS,1,false,1
2026,3,7,949,251575,2. Reading and viewing,2. Reading and viewing,35.0,25.0,8.5,CASS,2,false,2
2026,3,7,949,251576,4. Language structures & conventions,4. Language structures & conventions,15.0,20.0,7.5,CASS,3,false,3
2026,3,7,949,251577,3. Writing and Presenting,3. Writing and Presenting,25.0,25.0,8.5,CASS,4,false,4
2026,3,7,953,251590,1. Listening and speaking,1. Listening and speaking,25.0,30.0,8.5,CASS,1,false,1
2026,3,7,953,251591,2. Reading and viewing,2. Reading and viewing,35.0,25.0,8.5,CASS,2,false,2
2026,3,7,953,251592,4. Language structures & conventions,4. Language structures & conventions,15.0,20.0,7.5,CASS,3,false,3
2026,3,7,953,251593,3. Writing and Presenting,3. Writing and Presenting,25.0,25.0,8.5,CASS,4,false,4
2026,3,7,965,250225,Practical,Practical,75.0,75.0,22.0,CASS,0,false,1
2026,3,7,965,250226,Theory,Theory,25.0,25.0,11.0,CASS,0,false,2
2026,3,7,969,250043,Practical,Practical,25.0,75.0,22.0,CASS,0,false,1
2026,3,7,969,250044,Theory,Theory,25.0,25.0,11.0,CASS,0,false,2
2026,3,7,973,249995,Practical,Practical,25.0,75.0,22.0,CASS,0,false,1
2026,3,7,973,249996,Theory,Theory,25.0,25.0,11.0,CASS,0,false,2
2026,3,7,977,249639,3,3,50.0,100.0,27.0,CASS,1,false,1
2026,3,7,981,249562,Practical,Practical,25.0,60.0,12.0,CASS,0,false,1
2026,3,7,981,249563,Test,Test,25.0,40.0,8.0,CASS,0,false,2
2026,3,7,1734,254043,3,3,10.0,100.0,25.0,CASS,0,false,1
2026,3,7,1754,253111,5 : Art form 1,5 : Art form 1,25.0,50.0,12.5,CASS,1,false,1
2026,3,7,1754,253112,6 : Art form 2,6 : Art form 2,25.0,50.0,12.5,CASS,2,false,2
2026,3,7,1755,253119,5 : Art form 1,5 : Art form 1,25.0,50.0,12.5,CASS,1,false,1
2026,3,7,1755,253120,6 : Art form 2,6 : Art form 2,25.0,50.0,12.5,CASS,2,false,2
2026,3,7,1756,253127,5 : Art form 1,5 : Art form 1,25.0,50.0,12.5,CASS,1,false,1
2026,3,7,1756,253128,6 : Art form 2,6 : Art form 2,25.0,50.0,12.5,CASS,2,false,2
2026,3,7,1757,253135,5 : Art form 1,5 : Art form 1,25.0,50.0,12.5,CASS,1,false,1
2026,3,7,1757,253136,6 : Art form 2,6 : Art form 2,25.0,50.0,12.5,CASS,2,false,2
2026,3,7,1758,253143,5 : Art form 1,5 : Art form 1,25.0,50.0,12.5,CASS,1,false,1
2026,3,7,1758,253144,6 : Art form 2,6 : Art form 2,25.0,50.0,12.5,CASS,2,false,2
2026,3,7,1759,253151,5 : Art form 1,5 : Art form 1,25.0,50.0,12.5,CASS,1,false,1
2026,3,7,1759,253152,6 : Art form 2,6 : Art form 2,25.0,50.0,12.5,CASS,2,false,2
2026,3,7,1775,254217,5,5,50.0,50.0,14.0,CASS,0,false,1
2026,3,7,1775,254218,6,6,50.0,50.0,14.0,CASS,0,false,2
2026,3,7,1776,254225,5,5,50.0,50.0,14.0,CASS,0,false,1
2026,3,7,1776,254226,6,6,50.0,50.0,14.0,CASS,0,false,2
2026,3,7,1777,254233,5,5,50.0,50.0,14.0,CASS,0,false,1
2026,3,7,1777,254234,6,6,50.0,50.0,14.0,CASS,0,false,2
2026,3,7,1778,254241,5,5,50.0,50.0,14.0,CASS,0,false,1
2026,3,7,1778,254242,6,6,50.0,50.0,14.0,CASS,0,false,2
2026,3,7,1779,254249,5,5,50.0,50.0,14.0,CASS,0,false,1
2026,3,7,1779,254250,6,6,50.0,50.0,14.0,CASS,0,false,2
2026,3,7,1780,254257,5,5,50.0,50.0,14.0,CASS,0,false,1
2026,3,7,1780,254258,6,6,50.0,50.0,14.0,CASS,0,false,2
2026,3,7,1781,254265,5,5,50.0,50.0,14.0,CASS,0,false,1
2026,3,7,1781,254266,6,6,50.0,50.0,14.0,CASS,0,false,2
2026,3,7,1782,254273,5,5,50.0,50.0,14.0,CASS,0,false,1
2026,3,7,1782,254274,6,6,50.0,50.0,14.0,CASS,0,false,2
2026,3,7,1783,254281,5,5,50.0,50.0,14.0,CASS,0,false,1
2026,3,7,1783,254282,6,6,50.0,50.0,14.0,CASS,0,false,2
2026,3,7,1784,254289,5,5,50.0,50.0,14.0,CASS,0,false,1
2026,3,7,1784,254290,6,6,50.0,50.0,14.0,CASS,0,false,2
2026,3,7,1785,254297,5,5,50.0,50.0,14.0,CASS,0,false,1
2026,3,7,1785,254298,6,6,50.0,50.0,14.0,CASS,0,false,2
2026,4,0,16,254082,Listening and speaking,Listening and speaking,3.0,0,15.0,CASS,1,false,1
2026,4,0,16,254083,Emergent reading,Emergent reading,3.0,0,5.0,CASS,2,false,2
2026,4,0,16,254084,Emergent writing,Emergent writing,3.0,0,5.0,CASS,3,false,3
2026,4,0,113,254094,Listening and speaking,Listening and speaking,3.0,0,15.0,CASS,1,false,1
2026,4,0,113,254095,Emergent reading,Emergent reading,3.0,0,5.0,CASS,2,false,2
2026,4,0,113,254096,Emergent writing,Emergent writing,3.0,0,5.0,CASS,3,false,3
2026,4,0,200,254106,Listening and speaking,Listening and speaking,3.0,0,15.0,CASS,1,false,1
2026,4,0,200,254107,Emergent reading,Emergent reading,3.0,0,5.0,CASS,2,false,2
2026,4,0,200,254108,Emergent writing,Emergent writing,3.0,0,5.0,CASS,3,false,3
2026,4,0,234,254118,Listening and speaking,Listening and speaking,3.0,0,15.0,CASS,1,false,1
2026,4,0,234,254119,Emergent reading,Emergent reading,3.0,0,5.0,CASS,2,false,2
2026,4,0,234,254120,Emergent writing,Emergent writing,3.0,0,5.0,CASS,3,false,3
2026,4,0,268,254130,Listening and speaking,Listening and speaking,3.0,0,15.0,CASS,1,false,1
2026,4,0,268,254131,Emergent reading,Emergent reading,3.0,0,5.0,CASS,2,false,2
2026,4,0,268,254132,Emergent writing,Emergent writing,3.0,0,5.0,CASS,3,false,3
2026,4,0,309,253342,Beginning Knowledge & PSW,Beginning Knowledge & PSW,3.0,0,8.25,CASS,3,false,1
2026,4,0,309,253343,Creative Arts,Creative Arts,3.0,0,8.25,CASS,1,false,2
2026,4,0,309,253344,Physical Education,Physical Education,3.0,0,8.5,CASS,2,false,3
2026,4,0,322,253408,"1: Numbers, operations and relationships","1: Numbers, operations and relationships",3.0,0,16.25,CASS,1,false,1
2026,4,0,322,253409,"2: Patterns, functions and algebra","2: Patterns, functions and algebra",3.0,0,2.5,CASS,2,false,2
2026,4,0,322,253410,3: Space and shape (Geometry),3: Space and shape (Geometry),3.0,0,2.75,CASS,3,false,3
2026,4,0,322,253411,4: Measurement,4: Measurement,3.0,0,2.25,CASS,4,false,4
2026,4,0,322,253412,5: Data handling,5: Data handling,3.0,0,1.25,CASS,5,false,5
2026,4,0,389,254142,Listening and speaking,Listening and speaking,3.0,0,15.0,CASS,1,false,1
2026,4,0,389,254143,Emergent reading,Emergent reading,3.0,0,5.0,CASS,2,false,2
2026,4,0,389,254144,Emergent writing,Emergent writing,3.0,0,5.0,CASS,3,false,3
2026,4,0,442,254154,Listening and speaking,Listening and speaking,3.0,0,15.0,CASS,1,false,1
2026,4,0,442,254155,Emergent reading,Emergent reading,3.0,0,5.0,CASS,2,false,2
2026,4,0,442,254156,Emergent writing,Emergent writing,3.0,0,5.0,CASS,3,false,3
2026,4,0,476,254166,Listening and speaking,Listening and speaking,3.0,0,15.0,CASS,1,false,1
2026,4,0,476,254167,Emergent reading,Emergent reading,3.0,0,5.0,CASS,2,false,2
2026,4,0,476,254168,Emergent writing,Emergent writing,3.0,0,5.0,CASS,3,false,3
2026,4,0,510,254178,Listening and speaking,Listening and speaking,3.0,0,15.0,CASS,1,false,1
2026,4,0,510,254179,Emergent reading,Emergent reading,3.0,0,5.0,CASS,2,false,2
2026,4,0,510,254180,Emergent writing,Emergent writing,3.0,0,5.0,CASS,3,false,3
2026,4,0,592,254190,Listening and speaking,Listening and speaking,3.0,0,15.0,CASS,1,false,1
2026,4,0,592,254191,Emergent reading,Emergent reading,3.0,0,5.0,CASS,2,false,2
2026,4,0,592,254192,Emergent writing,Emergent writing,3.0,0,5.0,CASS,3,false,3
2026,4,0,849,254202,Listening and speaking,Listening and speaking,3.0,0,15.0,CASS,1,false,1
2026,4,0,849,254203,Emergent reading,Emergent reading,3.0,0,5.0,CASS,2,false,2
2026,4,0,849,254204,Emergent writing,Emergent writing,3.0,0,5.0,CASS,3,false,3
2026,4,0,889,253282,Observing and Signing,Observing and Signing,3.0,0,10.0,CASS,1,false,1
2026,4,0,889,253283,Emergent reading,Emergent reading,3.0,0,8.0,CASS,2,false,2
2026,4,0,889,253284,Emergent recording,Emergent recording,3.0,0,7.0,CASS,3,false,3
2026,4,0,1727,254072,4,4,10.0,0,25.0,CASS,0,false,1
2026,4,0,1751,254211,General Development,General Development,3.0,0,12.5,CASS,0,false,1
2026,4,0,1751,254212,Perceptial Skills,Perceptial Skills,3.0,0,12.5,CASS,0,false,2
2026,4,0,1840,254731,7,7,20.0,0,12.5,CASS,0,false,1
2026,4,0,1840,254732,8,8,20.0,0,12.5,CASS,0,false,2
2026,4,0,1847,254763,7,7,20.0,0,12.5,CASS,0,false,1
2026,4,0,1847,254764,8,8,20.0,0,12.5,CASS,0,false,2
2026,4,0,1854,254795,7,7,20.0,0,12.5,CASS,0,false,1
2026,4,0,1854,254796,8,8,20.0,0,12.5,CASS,0,false,2
2026,4,0,1861,254827,7,7,20.0,0,12.5,CASS,0,false,1
2026,4,0,1861,254828,8,8,20.0,0,12.5,CASS,0,false,2
2026,4,0,1868,254859,7,7,20.0,0,12.5,CASS,0,false,1
2026,4,0,1868,254860,8,8,20.0,0,12.5,CASS,0,false,2
2026,4,0,1875,254891,7,7,20.0,0,12.5,CASS,0,false,1
2026,4,0,1875,254892,8,8,20.0,0,12.5,CASS,0,false,2
2026,4,0,1882,254923,7,7,20.0,0,12.5,CASS,0,false,1
2026,4,0,1882,254924,8,8,20.0,0,12.5,CASS,0,false,2
2026,4,0,1889,254955,7,7,20.0,0,12.5,CASS,0,false,1
2026,4,0,1889,254956,8,8,20.0,0,12.5,CASS,0,false,2
2026,4,0,1896,254987,7,7,20.0,0,12.5,CASS,0,false,1
2026,4,0,1896,254988,8,8,20.0,0,12.5,CASS,0,false,2
2026,4,0,1903,255019,7,7,20.0,0,12.5,CASS,0,false,1
2026,4,0,1903,255020,8,8,20.0,0,12.5,CASS,0,false,2
2026,4,0,1910,255051,7,7,20.0,0,12.5,CASS,0,false,1
2026,4,0,1910,255052,8,8,20.0,0,12.5,CASS,0,false,2
2026,4,0,1917,255083,7,7,20.0,0,12.5,CASS,0,false,1
2026,4,0,1917,255084,8,8,20.0,0,12.5,CASS,0,false,2
2026,4,0,1987,255115,7,7,20.0,0,12.5,CASS,0,false,1
2026,4,0,1987,255116,8,8,20.0,0,12.5,CASS,0,false,2
2026,4,1,4,238770,Listening and speaking,Listening and speaking,10.0,0,15.0,CASS,1,false,1
2026,4,1,4,238771,Reading (Phonics and Comprehension),Reading (Phonics and Comprehension),10.0,0,10.0,CASS,3,false,2
2026,4,1,17,240132,1: Listening and speaking,1: Listening and speaking,10.0,0,6.25,CASS,1,false,1
2026,4,1,17,240133,2: Phonics,2: Phonics,10.0,0,5.0,CASS,4,false,2
2026,4,1,17,240134,3: Reading and comprehension,3: Reading and comprehension,10.0,0,6.25,CASS,3,false,3
2026,4,1,17,240135,4: Writing,4: Writing,10.0,0,5.0,CASS,5,false,4
2026,4,1,17,240136,5: Handwriting,5: Handwriting,5.0,0,2.5,CASS,6,false,5
2026,4,1,101,238778,Listening and speaking,Listening and speaking,10.0,0,15.0,CASS,1,false,1
2026,4,1,101,238779,Reading (Phonics and Comprehension),Reading (Phonics and Comprehension),10.0,0,10.0,CASS,3,false,2
2026,4,1,114,240152,1: Listening and speaking,1: Listening and speaking,10.0,0,6.25,CASS,1,false,1
2026,4,1,114,240153,2: Phonics,2: Phonics,10.0,0,5.0,CASS,4,false,2
2026,4,1,114,240154,3: Reading and comprehension,3: Reading and comprehension,10.0,0,6.25,CASS,3,false,3
2026,4,1,114,240155,4: Writing,4: Writing,10.0,0,5.0,CASS,5,false,4
2026,4,1,114,240156,5: Handwriting,5: Handwriting,5.0,0,2.5,CASS,6,false,5
2026,4,1,188,238786,Listening and speaking,Listening and speaking,10.0,0,15.0,CASS,1,false,1
2026,4,1,188,238787,Reading (Phonics and Comprehension),Reading (Phonics and Comprehension),10.0,0,10.0,CASS,3,false,2
2026,4,1,201,240172,1: Listening and speaking,1: Listening and speaking,10.0,0,6.25,CASS,1,false,1
2026,4,1,201,240173,2: Phonics,2: Phonics,10.0,0,5.0,CASS,4,false,2
2026,4,1,201,240174,3: Reading and comprehension,3: Reading and comprehension,10.0,0,6.25,CASS,3,false,3
2026,4,1,201,240175,4: Writing,4: Writing,10.0,0,5.0,CASS,5,false,4
2026,4,1,201,240176,5: Handwriting,5: Handwriting,5.0,0,2.5,CASS,6,false,5
2026,4,1,222,238794,Listening and speaking,Listening and speaking,10.0,0,15.0,CASS,1,false,1
2026,4,1,222,238795,Reading (Phonics and Comprehension),Reading (Phonics and Comprehension),10.0,0,10.0,CASS,3,false,2
2026,4,1,235,240192,1: Listening and speaking,1: Listening and speaking,10.0,0,6.25,CASS,1,false,1
2026,4,1,235,240193,2: Phonics,2: Phonics,10.0,0,5.0,CASS,4,false,2
2026,4,1,235,240194,3: Reading and comprehension,3: Reading and comprehension,10.0,0,6.25,CASS,3,false,3
2026,4,1,235,240195,4: Writing,4: Writing,10.0,0,5.0,CASS,5,false,4
2026,4,1,235,240196,5: Handwriting,5: Handwriting,5.0,0,2.5,CASS,6,false,5
2026,4,1,256,238802,Listening and speaking,Listening and speaking,10.0,0,15.0,CASS,1,false,1
2026,4,1,256,238803,Reading (Phonics and Comprehension),Reading (Phonics and Comprehension),10.0,0,10.0,CASS,3,false,2
2026,4,1,269,240212,1: Listening and speaking,1: Listening and speaking,10.0,0,6.25,CASS,1,false,1
2026,4,1,269,240213,2: Phonics,2: Phonics,10.0,0,5.0,CASS,4,false,2
2026,4,1,269,240214,3: Reading and comprehension,3: Reading and comprehension,10.0,0,6.25,CASS,3,false,3
2026,4,1,269,240215,4: Writing,4: Writing,10.0,0,5.0,CASS,5,false,4
2026,4,1,269,240216,5: Handwriting,5: Handwriting,5.0,0,2.5,CASS,6,false,5
2026,4,1,310,248508,Beginning Knowledge & PSW,Beginning Knowledge & PSW,30.0,0,10.0,CASS,3,false,1
2026,4,1,310,248509,Physical Education,Physical Education,10.0,0,7.5,CASS,2,false,2
2026,4,1,310,248510,Creative Arts,Creative Arts,20.0,0,7.5,CASS,1,false,3
2026,4,1,323,249190,"1: Numbers, operations and relationships","1: Numbers, operations and relationships",20.0,0,16.25,CASS,1,false,1
2026,4,1,323,249191,"2: Patterns, functions and algebra","2: Patterns, functions and algebra",10.0,0,2.5,CASS,2,false,2
2026,4,1,323,249192,3: Space and shape (Geometry),3: Space and shape (Geometry),10.0,0,2.75,CASS,3,false,3
2026,4,1,323,249193,4: Measurement,4: Measurement,10.0,0,2.25,CASS,4,false,4
2026,4,1,323,249194,5: Data handling,5: Data handling,5.0,0,1.25,CASS,5,false,5
2026,4,1,377,238810,Listening and speaking,Listening and speaking,10.0,0,15.0,CASS,1,false,1
2026,4,1,377,238811,Reading (Phonics and Comprehension),Reading (Phonics and Comprehension),10.0,0,10.0,CASS,3,false,2
2026,4,1,390,240232,1: Listening and speaking,1: Listening and speaking,10.0,0,6.25,CASS,1,false,1
2026,4,1,390,240233,2: Phonics,2: Phonics,10.0,0,5.0,CASS,4,false,2
2026,4,1,390,240234,3: Reading and comprehension,3: Reading and comprehension,10.0,0,6.25,CASS,3,false,3
2026,4,1,390,240235,4: Writing,4: Writing,10.0,0,5.0,CASS,5,false,4
2026,4,1,390,240236,5: Handwriting,5: Handwriting,5.0,0,2.5,CASS,6,false,5
2026,4,1,430,238818,Listening and speaking,Listening and speaking,10.0,0,15.0,CASS,1,false,1
2026,4,1,430,238819,Reading (Phonics and Comprehension),Reading (Phonics and Comprehension),10.0,0,10.0,CASS,3,false,2
2026,4,1,443,240252,1: Listening and speaking,1: Listening and speaking,10.0,0,6.25,CASS,1,false,1
2026,4,1,443,240253,2: Phonics,2: Phonics,10.0,0,5.0,CASS,4,false,2
2026,4,1,443,240254,3: Reading and comprehension,3: Reading and comprehension,10.0,0,6.25,CASS,3,false,3
2026,4,1,443,240255,4: Writing,4: Writing,10.0,0,5.0,CASS,5,false,4
2026,4,1,443,240256,5: Handwriting,5: Handwriting,5.0,0,2.5,CASS,6,false,5
2026,4,1,464,238826,Listening and speaking,Listening and speaking,10.0,0,15.0,CASS,1,false,1
2026,4,1,464,238827,Reading (Phonics and Comprehension),Reading (Phonics and Comprehension),10.0,0,10.0,CASS,3,false,2
2026,4,1,477,240272,1: Listening and speaking,1: Listening and speaking,10.0,0,6.25,CASS,1,false,1
2026,4,1,477,240273,2: Phonics,2: Phonics,10.0,0,5.0,CASS,4,false,2
2026,4,1,477,240274,3: Reading and comprehension,3: Reading and comprehension,10.0,0,6.25,CASS,3,false,3
2026,4,1,477,240275,4: Writing,4: Writing,10.0,0,5.0,CASS,5,false,4
2026,4,1,477,240276,5: Handwriting,5: Handwriting,5.0,0,2.5,CASS,6,false,5
2026,4,1,498,238834,Listening and speaking,Listening and speaking,10.0,0,15.0,CASS,1,false,1
2026,4,1,498,238835,Reading (Phonics and Comprehension),Reading (Phonics and Comprehension),10.0,0,10.0,CASS,3,false,2
2026,4,1,511,240292,1: Listening and speaking,1: Listening and speaking,10.0,0,6.25,CASS,1,false,1
2026,4,1,511,240293,2: Phonics,2: Phonics,10.0,0,5.0,CASS,4,false,2
2026,4,1,511,240294,3: Reading and comprehension,3: Reading and comprehension,10.0,0,6.25,CASS,3,false,3
2026,4,1,511,240295,4: Writing,4: Writing,10.0,0,5.0,CASS,5,false,4
2026,4,1,511,240296,5: Handwriting,5: Handwriting,5.0,0,2.5,CASS,6,false,5
2026,4,1,580,238842,Listening and speaking,Listening and speaking,10.0,0,15.0,CASS,1,false,1
2026,4,1,580,238843,Reading (Phonics and Comprehension),Reading (Phonics and Comprehension),10.0,0,10.0,CASS,3,false,2
2026,4,1,593,240312,1: Listening and speaking,1: Listening and speaking,10.0,0,6.25,CASS,1,false,1
2026,4,1,593,240313,2: Phonics,2: Phonics,10.0,0,5.0,CASS,4,false,2
2026,4,1,593,240314,3: Reading and comprehension,3: Reading and comprehension,10.0,0,6.25,CASS,3,false,3
2026,4,1,593,240315,4: Writing,4: Writing,10.0,0,5.0,CASS,5,false,4
2026,4,1,593,240316,5: Handwriting,5: Handwriting,5.0,0,2.5,CASS,6,false,5
2026,4,1,837,238850,Listening and speaking,Listening and speaking,10.0,0,15.0,CASS,1,false,1
2026,4,1,837,238851,Reading (Phonics and Comprehension),Reading (Phonics and Comprehension),10.0,0,10.0,CASS,3,false,2
2026,4,1,850,240332,1: Listening and speaking,1: Listening and speaking,10.0,0,6.25,CASS,1,false,1
2026,4,1,850,240333,2: Phonics,2: Phonics,10.0,0,5.0,CASS,4,false,2
2026,4,1,850,240334,3: Reading and comprehension,3: Reading and comprehension,10.0,0,6.25,CASS,3,false,3
2026,4,1,850,240335,4: Writing,4: Writing,10.0,0,5.0,CASS,5,false,4
2026,4,1,850,240336,5: Handwriting,5: Handwriting,5.0,0,2.5,CASS,6,false,5
2026,4,1,890,240789,1: Observing and Signing,1: Observing and Signing,10.0,0,7.0,CASS,1,false,1
2026,4,1,890,240790,2: Phonics,2: Phonics,10.0,0,5.5,CASS,4,false,2
2026,4,1,890,240791,3: Reading and comprehension,3: Reading and comprehension,10.0,0,7.0,CASS,3,false,3
2026,4,1,890,240792,4: Recording,4: Recording,10.0,0,5.5,CASS,5,false,4
2026,4,1,1424,238506,Listening and speaking,Listening and speaking,10.0,0,12.5,CASS,1,false,1
2026,4,1,1424,238507,Reading (Phonics and Comprehension),Reading (Phonics and Comprehension),10.0,0,12.5,CASS,3,false,2
2026,4,1,1427,238530,Listening and speaking,Listening and speaking,10.0,0,12.5,CASS,1,false,1
2026,4,1,1427,238531,Reading (Phonics and Comprehension),Reading (Phonics and Comprehension),10.0,0,12.5,CASS,3,false,2
2026,4,1,1430,238554,Listening and speaking,Listening and speaking,10.0,0,12.5,CASS,1,false,1
2026,4,1,1430,238555,Reading (Phonics and Comprehension),Reading (Phonics and Comprehension),10.0,0,12.5,CASS,3,false,2
2026,4,1,1433,238578,Listening and speaking,Listening and speaking,10.0,0,12.5,CASS,1,false,1
2026,4,1,1433,238579,Reading (Phonics and Comprehension),Reading (Phonics and Comprehension),10.0,0,12.5,CASS,3,false,2
2026,4,1,1436,238602,Listening and speaking,Listening and speaking,10.0,0,12.5,CASS,1,false,1
2026,4,1,1436,238603,Reading (Phonics and Comprehension),Reading (Phonics and Comprehension),10.0,0,12.5,CASS,3,false,2
2026,4,1,1439,238626,Listening and speaking,Listening and speaking,10.0,0,12.5,CASS,1,false,1
2026,4,1,1439,238627,Reading (Phonics and Comprehension),Reading (Phonics and Comprehension),10.0,0,12.5,CASS,3,false,2
2026,4,1,1442,238650,Listening and speaking,Listening and speaking,10.0,0,12.5,CASS,1,false,1
2026,4,1,1442,238651,Reading (Phonics and Comprehension),Reading (Phonics and Comprehension),10.0,0,12.5,CASS,3,false,2
2026,4,1,1445,238674,Listening and speaking,Listening and speaking,10.0,0,12.5,CASS,1,false,1
2026,4,1,1445,238675,Reading (Phonics and Comprehension),Reading (Phonics and Comprehension),10.0,0,12.5,CASS,3,false,2
2026,4,1,1448,238698,Listening and speaking,Listening and speaking,10.0,0,12.5,CASS,1,false,1
2026,4,1,1448,238699,Reading (Phonics and Comprehension),Reading (Phonics and Comprehension),10.0,0,12.5,CASS,3,false,2
2026,4,1,1451,238722,Listening and speaking,Listening and speaking,10.0,0,12.5,CASS,1,false,1
2026,4,1,1451,238723,Reading (Phonics and Comprehension),Reading (Phonics and Comprehension),10.0,0,12.5,CASS,3,false,2
2026,4,1,1454,238746,Listening and speaking,Listening and speaking,10.0,0,12.5,CASS,1,false,1
2026,4,1,1454,238747,Reading (Phonics and Comprehension),Reading (Phonics and Comprehension),10.0,0,12.5,CASS,3,false,2
2026,4,1,1728,254068,4,4,10.0,0,25.0,CASS,0,false,1
2026,4,1,1737,253602,Listening and speaking,Listening and speaking,3.0,0,10.0,CASS,1,false,1
2026,4,1,1737,253603,Emergent reading,Emergent reading,3.0,0,7.0,CASS,2,false,2
2026,4,1,1737,253604,Emergent writing,Emergent writing,3.0,0,8.0,CASS,3,false,3
2026,4,1,1738,253722,Listening and speaking,Listening and speaking,3.0,0,10.0,CASS,1,false,1
2026,4,1,1738,253723,Emergent reading,Emergent reading,3.0,0,7.0,CASS,2,false,2
2026,4,1,1738,253724,Emergent writing,Emergent writing,3.0,0,8.0,CASS,3,false,3
2026,4,1,1739,253710,Listening and speaking,Listening and speaking,3.0,0,10.0,CASS,1,false,1
2026,4,1,1739,253711,Emergent reading,Emergent reading,3.0,0,7.0,CASS,2,false,2
2026,4,1,1739,253712,Emergent writing,Emergent writing,3.0,0,8.0,CASS,3,false,3
2026,4,1,1740,253698,Listening and speaking,Listening and speaking,3.0,0,10.0,CASS,1,false,1
2026,4,1,1740,253699,Emergent reading,Emergent reading,3.0,0,7.0,CASS,2,false,2
2026,4,1,1740,253700,Emergent writing,Emergent writing,3.0,0,8.0,CASS,3,false,3
2026,4,1,1741,253686,Listening and speaking,Listening and speaking,3.0,0,10.0,CASS,1,false,1
2026,4,1,1741,253687,Emergent reading,Emergent reading,3.0,0,7.0,CASS,2,false,2
2026,4,1,1741,253688,Emergent writing,Emergent writing,3.0,0,8.0,CASS,3,false,3
2026,4,1,1742,253390,Beginning Knowledge & PSW,Beginning Knowledge & PSW,3.0,0,8.25,CASS,3,false,1
2026,4,1,1742,253391,Creative Arts,Creative Arts,3.0,0,8.25,CASS,1,false,2
2026,4,1,1742,253392,Physical Education,Physical Education,3.0,0,8.5,CASS,2,false,3
2026,4,1,1743,253731,"1: Numbers, operations and relationships","1: Numbers, operations and relationships",3.0,0,10.0,CASS,1,false,1
2026,4,1,1743,253732,"2: Patterns, functions and algebra","2: Patterns, functions and algebra",3.0,0,8.0,CASS,2,false,2
2026,4,1,1743,253733,5: Data handling,5: Data handling,3.0,0,7.0,CASS,5,false,3
2026,4,1,1744,253674,Listening and speaking,Listening and speaking,3.0,0,10.0,CASS,1,false,1
2026,4,1,1744,253675,Emergent reading,Emergent reading,3.0,0,7.0,CASS,2,false,2
2026,4,1,1744,253676,Emergent writing,Emergent writing,3.0,0,8.0,CASS,3,false,3
2026,4,1,1745,253662,Listening and speaking,Listening and speaking,3.0,0,10.0,CASS,1,false,1
2026,4,1,1745,253663,Emergent reading,Emergent reading,3.0,0,7.0,CASS,2,false,2
2026,4,1,1745,253664,Emergent writing,Emergent writing,3.0,0,8.0,CASS,3,false,3
2026,4,1,1746,253650,Listening and speaking,Listening and speaking,3.0,0,10.0,CASS,1,false,1
2026,4,1,1746,253651,Emergent reading,Emergent reading,3.0,0,7.0,CASS,2,false,2
2026,4,1,1746,253652,Emergent writing,Emergent writing,3.0,0,8.0,CASS,3,false,3
2026,4,1,1747,253638,Listening and speaking,Listening and speaking,3.0,0,10.0,CASS,1,false,1
2026,4,1,1747,253639,Emergent reading,Emergent reading,3.0,0,7.0,CASS,2,false,2
2026,4,1,1747,253640,Emergent writing,Emergent writing,3.0,0,8.0,CASS,3,false,3
2026,4,1,1748,253626,Listening and speaking,Listening and speaking,3.0,0,10.0,CASS,1,false,1
2026,4,1,1748,253627,Emergent reading,Emergent reading,3.0,0,7.0,CASS,2,false,2
2026,4,1,1748,253628,Emergent writing,Emergent writing,3.0,0,8.0,CASS,3,false,3
2026,4,1,1749,253614,Listening and speaking,Listening and speaking,3.0,0,10.0,CASS,1,false,1
2026,4,1,1749,253615,Emergent reading,Emergent reading,3.0,0,7.0,CASS,2,false,2
2026,4,1,1749,253616,Emergent writing,Emergent writing,3.0,0,8.0,CASS,3,false,3
2026,4,1,1750,253330,Observing and Signing,Observing and Signing,3.0,0,10.0,CASS,1,false,1
2026,4,1,1750,253331,Emergent reading,Emergent reading,3.0,0,8.0,CASS,2,false,2
2026,4,1,1750,253332,Emergent recording,Emergent recording,3.0,0,7.0,CASS,3,false,3
2026,4,1,1841,254739,7,7,20.0,0,12.5,CASS,0,false,1
2026,4,1,1841,254740,8,8,20.0,0,12.5,CASS,0,false,2
2026,4,1,1848,254771,7,7,20.0,0,12.5,CASS,0,false,1
2026,4,1,1848,254772,8,8,20.0,0,12.5,CASS,0,false,2
2026,4,1,1855,254803,7,7,20.0,0,12.5,CASS,0,false,1
2026,4,1,1855,254804,8,8,20.0,0,12.5,CASS,0,false,2
2026,4,1,1862,254835,7,7,20.0,0,12.5,CASS,0,false,1
2026,4,1,1862,254836,8,8,20.0,0,12.5,CASS,0,false,2
2026,4,1,1869,254867,7,7,20.0,0,12.5,CASS,0,false,1
2026,4,1,1869,254868,8,8,20.0,0,12.5,CASS,0,false,2
2026,4,1,1876,254899,7,7,20.0,0,12.5,CASS,0,false,1
2026,4,1,1876,254900,8,8,20.0,0,12.5,CASS,0,false,2
2026,4,1,1883,254931,7,7,20.0,0,12.5,CASS,0,false,1
2026,4,1,1883,254932,8,8,20.0,0,12.5,CASS,0,false,2
2026,4,1,1890,254963,7,7,20.0,0,12.5,CASS,0,false,1
2026,4,1,1890,254964,8,8,20.0,0,12.5,CASS,0,false,2
2026,4,1,1897,254995,7,7,20.0,0,12.5,CASS,0,false,1
2026,4,1,1897,254996,8,8,20.0,0,12.5,CASS,0,false,2
2026,4,1,1904,255027,7,7,20.0,0,12.5,CASS,0,false,1
2026,4,1,1904,255028,8,8,20.0,0,12.5,CASS,0,false,2
2026,4,1,1911,255059,7,7,20.0,0,12.5,CASS,0,false,1
2026,4,1,1911,255060,8,8,20.0,0,12.5,CASS,0,false,2
2026,4,1,1918,255091,7,7,20.0,0,12.5,CASS,0,false,1
2026,4,1,1918,255092,8,8,20.0,0,12.5,CASS,0,false,2
2026,4,1,1988,255123,7,7,20.0,0,12.5,CASS,0,false,1
2026,4,1,1988,255124,8,8,20.0,0,12.5,CASS,0,false,2
2026,4,2,5,239040,1: Listening and speaking,1: Listening and speaking,20.0,0,12.5,CASS,1,false,1
2026,4,2,5,239041,2: Phonics,2: Phonics,30.0,0,5.0,CASS,4,false,2
2026,4,2,5,239042,3: Reading and comprehension,3: Reading and comprehension,30.0,0,6.25,CASS,8,false,3
2026,4,2,5,239043,4: Writing,4: Writing,20.0,0,1.25,CASS,5,false,4
2026,4,2,18,240841,1: Listening and speaking,1: Listening and speaking,10.0,0,5.0,CASS,1,false,1
2026,4,2,18,240842,2: Phonics,2: Phonics,10.0,0,5.0,CASS,4,false,2
2026,4,2,18,240843,3: Reading and comprehension,3: Reading and comprehension,10.0,0,6.25,CASS,3,false,3
2026,4,2,18,240844,4: Writing,4: Writing,10.0,0,6.25,CASS,5,false,4
2026,4,2,18,240845,5: Handwriting,5: Handwriting,5.0,0,2.5,CASS,6,false,5
2026,4,2,102,239056,1: Listening and speaking,1: Listening and speaking,20.0,0,12.5,CASS,1,false,1
2026,4,2,102,239057,2: Phonics,2: Phonics,30.0,0,5.0,CASS,4,false,2
2026,4,2,102,239058,3: Reading and comprehension,3: Reading and comprehension,30.0,0,6.25,CASS,8,false,3
2026,4,2,102,239059,4: Writing,4: Writing,20.0,0,1.25,CASS,5,false,4
2026,4,2,115,240862,1: Listening and speaking,1: Listening and speaking,10.0,0,5.0,CASS,1,false,1
2026,4,2,115,240863,2: Phonics,2: Phonics,10.0,0,5.0,CASS,4,false,2
2026,4,2,115,240864,3: Reading and comprehension,3: Reading and comprehension,10.0,0,6.25,CASS,3,false,3
2026,4,2,115,240865,4: Writing,4: Writing,10.0,0,6.25,CASS,5,false,4
2026,4,2,115,240866,5: Handwriting,5: Handwriting,5.0,0,2.5,CASS,6,false,5
2026,4,2,189,239072,1: Listening and speaking,1: Listening and speaking,20.0,0,12.5,CASS,1,false,1
2026,4,2,189,239073,2: Phonics,2: Phonics,30.0,0,5.0,CASS,4,false,2
2026,4,2,189,239074,3: Reading and comprehension,3: Reading and comprehension,30.0,0,6.25,CASS,8,false,3
2026,4,2,189,239075,4: Writing,4: Writing,20.0,0,1.25,CASS,5,false,4
2026,4,2,202,240883,1: Listening and speaking,1: Listening and speaking,10.0,0,5.0,CASS,1,false,1
2026,4,2,202,240884,2: Phonics,2: Phonics,10.0,0,5.0,CASS,4,false,2
2026,4,2,202,240885,3: Reading and comprehension,3: Reading and comprehension,10.0,0,6.25,CASS,3,false,3
2026,4,2,202,240886,4: Writing,4: Writing,10.0,0,6.25,CASS,5,false,4
2026,4,2,202,240887,5: Handwriting,5: Handwriting,5.0,0,2.5,CASS,6,false,5
2026,4,2,223,239088,1: Listening and speaking,1: Listening and speaking,20.0,0,12.5,CASS,1,false,1
2026,4,2,223,239089,2: Phonics,2: Phonics,30.0,0,5.0,CASS,4,false,2
2026,4,2,223,239090,3: Reading and comprehension,3: Reading and comprehension,30.0,0,6.25,CASS,8,false,3
2026,4,2,223,239091,4: Writing,4: Writing,20.0,0,1.25,CASS,5,false,4
2026,4,2,236,240904,1: Listening and speaking,1: Listening and speaking,10.0,0,5.0,CASS,1,false,1
2026,4,2,236,240905,2: Phonics,2: Phonics,10.0,0,5.0,CASS,4,false,2
2026,4,2,236,240906,3: Reading and comprehension,3: Reading and comprehension,10.0,0,6.25,CASS,3,false,3
2026,4,2,236,240907,4: Writing,4: Writing,10.0,0,6.25,CASS,5,false,4
2026,4,2,236,240908,5: Handwriting,5: Handwriting,5.0,0,2.5,CASS,6,false,5
2026,4,2,257,239104,1: Listening and speaking,1: Listening and speaking,20.0,0,12.5,CASS,1,false,1
2026,4,2,257,239105,2: Phonics,2: Phonics,30.0,0,5.0,CASS,4,false,2
2026,4,2,257,239106,3: Reading and comprehension,3: Reading and comprehension,30.0,0,6.25,CASS,8,false,3
2026,4,2,257,239107,4: Writing,4: Writing,20.0,0,1.25,CASS,5,false,4
2026,4,2,270,240925,1: Listening and speaking,1: Listening and speaking,10.0,0,5.0,CASS,1,false,1
2026,4,2,270,240926,2: Phonics,2: Phonics,10.0,0,5.0,CASS,4,false,2
2026,4,2,270,240927,3: Reading and comprehension,3: Reading and comprehension,10.0,0,6.25,CASS,3,false,3
2026,4,2,270,240928,4: Writing,4: Writing,10.0,0,6.25,CASS,5,false,4
2026,4,2,270,240929,5: Handwriting,5: Handwriting,5.0,0,2.5,CASS,6,false,5
2026,4,2,311,248520,Beginning Knowledge & PSW,Beginning Knowledge & PSW,30.0,0,10.0,CASS,3,false,1
2026,4,2,311,248521,Physical Education,Physical Education,10.0,0,7.5,CASS,2,false,2
2026,4,2,311,248522,Creative Arts,Creative Arts,20.0,0,7.5,CASS,1,false,3
2026,4,2,324,249211,"1: Numbers, operations and relationships","1: Numbers, operations and relationships",20.0,0,15.0,CASS,1,false,1
2026,4,2,324,249212,"2: Patterns, functions and algebra","2: Patterns, functions and algebra",10.0,0,2.5,CASS,2,false,2
2026,4,2,324,249213,3: Space and shape (Geometry),3: Space and shape (Geometry),10.0,0,3.25,CASS,3,false,3
2026,4,2,324,249214,4: Measurement,4: Measurement,10.0,0,3.0,CASS,4,false,4
2026,4,2,324,249215,5: Data handling,5: Data handling,5.0,0,1.25,CASS,5,false,5
2026,4,2,378,239120,1: Listening and speaking,1: Listening and speaking,20.0,0,12.5,CASS,1,false,1
2026,4,2,378,239121,2: Phonics,2: Phonics,30.0,0,5.0,CASS,4,false,2
2026,4,2,378,239122,3: Reading and comprehension,3: Reading and comprehension,30.0,0,6.25,CASS,8,false,3
2026,4,2,378,239123,4: Writing,4: Writing,20.0,0,1.25,CASS,5,false,4
2026,4,2,391,240946,1: Listening and speaking,1: Listening and speaking,10.0,0,5.0,CASS,1,false,1
2026,4,2,391,240947,2: Phonics,2: Phonics,10.0,0,5.0,CASS,4,false,2
2026,4,2,391,240948,3: Reading and comprehension,3: Reading and comprehension,10.0,0,6.25,CASS,3,false,3
2026,4,2,391,240949,4: Writing,4: Writing,10.0,0,6.25,CASS,5,false,4
2026,4,2,391,240950,5: Handwriting,5: Handwriting,5.0,0,2.5,CASS,6,false,5
2026,4,2,431,239136,1: Listening and speaking,1: Listening and speaking,20.0,0,12.5,CASS,1,false,1
2026,4,2,431,239137,2: Phonics,2: Phonics,30.0,0,5.0,CASS,4,false,2
2026,4,2,431,239138,3: Reading and comprehension,3: Reading and comprehension,30.0,0,6.25,CASS,8,false,3
2026,4,2,431,239139,4: Writing,4: Writing,20.0,0,1.25,CASS,5,false,4
2026,4,2,444,240967,1: Listening and speaking,1: Listening and speaking,10.0,0,5.0,CASS,1,false,1
2026,4,2,444,240968,2: Phonics,2: Phonics,10.0,0,5.0,CASS,4,false,2
2026,4,2,444,240969,3: Reading and comprehension,3: Reading and comprehension,10.0,0,6.25,CASS,3,false,3
2026,4,2,444,240970,4: Writing,4: Writing,10.0,0,6.25,CASS,5,false,4
2026,4,2,444,240971,5: Handwriting,5: Handwriting,5.0,0,2.5,CASS,6,false,5
2026,4,2,465,239152,1: Listening and speaking,1: Listening and speaking,20.0,0,12.5,CASS,1,false,1
2026,4,2,465,239153,2: Phonics,2: Phonics,30.0,0,5.0,CASS,4,false,2
2026,4,2,465,239154,3: Reading and comprehension,3: Reading and comprehension,30.0,0,6.25,CASS,8,false,3
2026,4,2,465,239155,4: Writing,4: Writing,20.0,0,1.25,CASS,5,false,4
2026,4,2,478,240988,1: Listening and speaking,1: Listening and speaking,10.0,0,5.0,CASS,1,false,1
2026,4,2,478,240989,2: Phonics,2: Phonics,10.0,0,5.0,CASS,4,false,2
2026,4,2,478,240990,3: Reading and comprehension,3: Reading and comprehension,10.0,0,6.25,CASS,3,false,3
2026,4,2,478,240991,4: Writing,4: Writing,10.0,0,6.25,CASS,5,false,4
2026,4,2,478,240992,5: Handwriting,5: Handwriting,5.0,0,2.5,CASS,6,false,5
2026,4,2,499,239168,1: Listening and speaking,1: Listening and speaking,20.0,0,12.5,CASS,1,false,1
2026,4,2,499,239169,2: Phonics,2: Phonics,30.0,0,5.0,CASS,4,false,2
2026,4,2,499,239170,3: Reading and comprehension,3: Reading and comprehension,30.0,0,6.25,CASS,8,false,3
2026,4,2,499,239171,4: Writing,4: Writing,20.0,0,1.25,CASS,5,false,4
2026,4,2,512,241009,1: Listening and speaking,1: Listening and speaking,10.0,0,5.0,CASS,1,false,1
2026,4,2,512,241010,2: Phonics,2: Phonics,10.0,0,5.0,CASS,4,false,2
2026,4,2,512,241011,3: Reading and comprehension,3: Reading and comprehension,10.0,0,6.25,CASS,3,false,3
2026,4,2,512,241012,4: Writing,4: Writing,10.0,0,6.25,CASS,5,false,4
2026,4,2,512,241013,5: Handwriting,5: Handwriting,5.0,0,2.5,CASS,6,false,5
2026,4,2,581,239184,1: Listening and speaking,1: Listening and speaking,20.0,0,12.5,CASS,1,false,1
2026,4,2,581,239185,2: Phonics,2: Phonics,30.0,0,5.0,CASS,4,false,2
2026,4,2,581,239186,3: Reading and comprehension,3: Reading and comprehension,30.0,0,6.25,CASS,8,false,3
2026,4,2,581,239187,4: Writing,4: Writing,20.0,0,1.25,CASS,5,false,4
2026,4,2,594,241030,1: Listening and speaking,1: Listening and speaking,10.0,0,5.0,CASS,1,false,1
2026,4,2,594,241031,2: Phonics,2: Phonics,10.0,0,5.0,CASS,4,false,2
2026,4,2,594,241032,3: Reading and comprehension,3: Reading and comprehension,10.0,0,6.25,CASS,3,false,3
2026,4,2,594,241033,4: Writing,4: Writing,10.0,0,6.25,CASS,5,false,4
2026,4,2,594,241034,5: Handwriting,5: Handwriting,5.0,0,2.5,CASS,6,false,5
2026,4,2,838,239200,1: Listening and speaking,1: Listening and speaking,20.0,0,12.5,CASS,1,false,1
2026,4,2,838,239201,2: Phonics,2: Phonics,30.0,0,5.0,CASS,4,false,2
2026,4,2,838,239202,3: Reading and comprehension,3: Reading and comprehension,30.0,0,6.25,CASS,8,false,3
2026,4,2,838,239203,4: Writing,4: Writing,20.0,0,1.25,CASS,5,false,4
2026,4,2,851,241051,1: Listening and speaking,1: Listening and speaking,10.0,0,5.0,CASS,1,false,1
2026,4,2,851,241052,2: Phonics,2: Phonics,10.0,0,5.0,CASS,4,false,2
2026,4,2,851,241053,3: Reading and comprehension,3: Reading and comprehension,10.0,0,6.25,CASS,3,false,3
2026,4,2,851,241054,4: Writing,4: Writing,10.0,0,6.25,CASS,5,false,4
2026,4,2,851,241055,5: Handwriting,5: Handwriting,5.0,0,2.5,CASS,6,false,5
2026,4,2,891,241531,1: Observing and Signing,1: Observing and Signing,10.0,0,5.5,CASS,1,false,1
2026,4,2,891,241532,2: Phonics,2: Phonics,10.0,0,5.5,CASS,4,false,2
2026,4,2,891,241533,3: Reading and comprehension,3: Reading and comprehension,10.0,0,7.0,CASS,2,false,3
2026,4,2,891,241534,4: Recording,4: Recording,10.0,0,7.0,CASS,5,false,4
2026,4,2,1425,238514,Listening and speaking,Listening and speaking,10.0,0,12.5,CASS,1,false,1
2026,4,2,1425,238515,Reading (Phonics and Comprehension),Reading (Phonics and Comprehension),10.0,0,12.5,CASS,3,false,2
2026,4,2,1428,238538,Listening and speaking,Listening and speaking,10.0,0,12.5,CASS,1,false,1
2026,4,2,1428,238539,Reading (Phonics and Comprehension),Reading (Phonics and Comprehension),10.0,0,12.5,CASS,3,false,2
2026,4,2,1431,238562,Listening and speaking,Listening and speaking,10.0,0,12.5,CASS,1,false,1
2026,4,2,1431,238563,Reading (Phonics and Comprehension),Reading (Phonics and Comprehension),10.0,0,12.5,CASS,3,false,2
2026,4,2,1434,238586,Listening and speaking,Listening and speaking,10.0,0,12.5,CASS,1,false,1
2026,4,2,1434,238587,Reading (Phonics and Comprehension),Reading (Phonics and Comprehension),10.0,0,12.5,CASS,3,false,2
2026,4,2,1437,238610,Listening and speaking,Listening and speaking,10.0,0,12.5,CASS,1,false,1
2026,4,2,1437,238611,Reading (Phonics and Comprehension),Reading (Phonics and Comprehension),10.0,0,12.5,CASS,3,false,2
2026,4,2,1440,238634,Listening and speaking,Listening and speaking,10.0,0,12.5,CASS,1,false,1
2026,4,2,1440,238635,Reading (Phonics and Comprehension),Reading (Phonics and Comprehension),10.0,0,12.5,CASS,3,false,2
2026,4,2,1443,238658,Listening and speaking,Listening and speaking,10.0,0,12.5,CASS,1,false,1
2026,4,2,1443,238659,Reading (Phonics and Comprehension),Reading (Phonics and Comprehension),10.0,0,12.5,CASS,3,false,2
2026,4,2,1446,238682,Listening and speaking,Listening and speaking,10.0,0,12.5,CASS,1,false,1
2026,4,2,1446,238683,Reading (Phonics and Comprehension),Reading (Phonics and Comprehension),10.0,0,12.5,CASS,3,false,2
2026,4,2,1449,238706,Listening and speaking,Listening and speaking,10.0,0,12.5,CASS,1,false,1
2026,4,2,1449,238707,Reading (Phonics and Comprehension),Reading (Phonics and Comprehension),10.0,0,12.5,CASS,3,false,2
2026,4,2,1452,238730,Listening and speaking,Listening and speaking,10.0,0,12.5,CASS,1,false,1
2026,4,2,1452,238731,Reading (Phonics and Comprehension),Reading (Phonics and Comprehension),10.0,0,12.5,CASS,3,false,2
2026,4,2,1455,238754,Listening and speaking,Listening and speaking,10.0,0,12.5,CASS,1,false,1
2026,4,2,1455,238755,Reading (Phonics and Comprehension),Reading (Phonics and Comprehension),10.0,0,12.5,CASS,3,false,2
2026,4,2,1729,254064,4,4,10.0,0,25.0,CASS,0,false,1
2026,4,2,1842,254747,7,7,20.0,0,12.5,CASS,0,false,1
2026,4,2,1842,254748,8,8,20.0,0,12.5,CASS,0,false,2
2026,4,2,1849,254779,7,7,20.0,0,12.5,CASS,0,false,1
2026,4,2,1849,254780,8,8,20.0,0,12.5,CASS,0,false,2
2026,4,2,1856,254811,7,7,20.0,0,12.5,CASS,0,false,1
2026,4,2,1856,254812,8,8,20.0,0,12.5,CASS,0,false,2
2026,4,2,1863,254843,7,7,20.0,0,12.5,CASS,0,false,1
2026,4,2,1863,254844,8,8,20.0,0,12.5,CASS,0,false,2
2026,4,2,1870,254875,7,7,20.0,0,12.5,CASS,0,false,1
2026,4,2,1870,254876,8,8,20.0,0,12.5,CASS,0,false,2
2026,4,2,1877,254907,7,7,20.0,0,12.5,CASS,0,false,1
2026,4,2,1877,254908,8,8,20.0,0,12.5,CASS,0,false,2
2026,4,2,1884,254939,7,7,20.0,0,12.5,CASS,0,false,1
2026,4,2,1884,254940,8,8,20.0,0,12.5,CASS,0,false,2
2026,4,2,1891,254971,7,7,20.0,0,12.5,CASS,0,false,1
2026,4,2,1891,254972,8,8,20.0,0,12.5,CASS,0,false,2
2026,4,2,1898,255003,7,7,20.0,0,12.5,CASS,0,false,1
2026,4,2,1898,255004,8,8,20.0,0,12.5,CASS,0,false,2
2026,4,2,1905,255035,7,7,20.0,0,12.5,CASS,0,false,1
2026,4,2,1905,255036,8,8,20.0,0,12.5,CASS,0,false,2
2026,4,2,1912,255067,7,7,20.0,0,12.5,CASS,0,false,1
2026,4,2,1912,255068,8,8,20.0,0,12.5,CASS,0,false,2
2026,4,2,1919,255099,7,7,20.0,0,12.5,CASS,0,false,1
2026,4,2,1919,255100,8,8,20.0,0,12.5,CASS,0,false,2
2026,4,2,1989,255131,7,7,20.0,0,12.5,CASS,0,false,1
2026,4,2,1989,255132,8,8,20.0,0,12.5,CASS,0,false,2
2026,4,3,6,239569,1: Listening and speaking,1: Listening and speaking,10.0,0,10.0,CASS,1,false,1
2026,4,3,6,239570,2: Phonics,2: Phonics,30.0,0,5.0,CASS,4,false,2
2026,4,3,6,239571,3: Reading and comprehension,3: Reading and comprehension,20.0,0,7.5,CASS,8,false,3
2026,4,3,6,239572,4: Writing,4: Writing,20.0,0,2.5,CASS,5,false,4
2026,4,3,19,241585,1: Listening and speaking,1: Listening and speaking,10.0,0,3.75,CASS,1,false,1
2026,4,3,19,241586,2: Phonics,2: Phonics,10.0,0,5.0,CASS,4,false,2
2026,4,3,19,241587,3: Reading and comprehension,3: Reading and comprehension,10.0,0,6.25,CASS,3,false,3
2026,4,3,19,241588,4: Writing,4: Writing,10.0,0,7.5,CASS,5,false,4
2026,4,3,19,241589,5: Handwriting,5: Handwriting,5.0,0,2.5,CASS,6,false,5
2026,4,3,103,239586,1: Listening and speaking,1: Listening and speaking,10.0,0,10.0,CASS,1,false,1
2026,4,3,103,239587,2: Phonics,2: Phonics,30.0,0,5.0,CASS,4,false,2
2026,4,3,103,239588,3: Reading and comprehension,3: Reading and comprehension,20.0,0,7.5,CASS,8,false,3
2026,4,3,103,239589,4: Writing,4: Writing,20.0,0,2.5,CASS,5,false,4
2026,4,3,116,241606,1: Listening and speaking,1: Listening and speaking,10.0,0,3.75,CASS,1,false,1
2026,4,3,116,241607,2: Phonics,2: Phonics,10.0,0,5.0,CASS,4,false,2
2026,4,3,116,241608,3: Reading and comprehension,3: Reading and comprehension,10.0,0,6.25,CASS,3,false,3
2026,4,3,116,241609,4: Writing,4: Writing,10.0,0,7.5,CASS,5,false,4
2026,4,3,116,241610,5: Handwriting,5: Handwriting,5.0,0,2.5,CASS,6,false,5
2026,4,3,190,239603,1: Listening and speaking,1: Listening and speaking,10.0,0,10.0,CASS,1,false,1
2026,4,3,190,239604,2: Phonics,2: Phonics,30.0,0,5.0,CASS,4,false,2
2026,4,3,190,239605,3: Reading and comprehension,3: Reading and comprehension,20.0,0,7.5,CASS,8,false,3
2026,4,3,190,239606,4: Writing,4: Writing,20.0,0,2.5,CASS,5,false,4
2026,4,3,203,241627,1: Listening and speaking,1: Listening and speaking,10.0,0,3.75,CASS,1,false,1
2026,4,3,203,241628,2: Phonics,2: Phonics,10.0,0,5.0,CASS,4,false,2
2026,4,3,203,241629,3: Reading and comprehension,3: Reading and comprehension,10.0,0,6.25,CASS,3,false,3
2026,4,3,203,241630,4: Writing,4: Writing,10.0,0,7.5,CASS,5,false,4
2026,4,3,203,241631,5: Handwriting,5: Handwriting,5.0,0,2.5,CASS,6,false,5
2026,4,3,224,239620,1: Listening and speaking,1: Listening and speaking,10.0,0,10.0,CASS,1,false,1
2026,4,3,224,239621,2: Phonics,2: Phonics,30.0,0,5.0,CASS,4,false,2
2026,4,3,224,239622,3: Reading and comprehension,3: Reading and comprehension,20.0,0,7.5,CASS,8,false,3
2026,4,3,224,239623,4: Writing,4: Writing,20.0,0,2.5,CASS,5,false,4
2026,4,3,237,241648,1: Listening and speaking,1: Listening and speaking,10.0,0,3.75,CASS,1,false,1
2026,4,3,237,241649,2: Phonics,2: Phonics,10.0,0,5.0,CASS,4,false,2
2026,4,3,237,241650,3: Reading and comprehension,3: Reading and comprehension,10.0,0,6.25,CASS,3,false,3
2026,4,3,237,241651,4: Writing,4: Writing,10.0,0,7.5,CASS,5,false,4
2026,4,3,237,241652,5: Handwriting,5: Handwriting,5.0,0,2.5,CASS,6,false,5
2026,4,3,258,239637,1: Listening and speaking,1: Listening and speaking,10.0,0,10.0,CASS,1,false,1
2026,4,3,258,239638,2: Phonics,2: Phonics,30.0,0,5.0,CASS,4,false,2
2026,4,3,258,239639,3: Reading and comprehension,3: Reading and comprehension,20.0,0,7.5,CASS,8,false,3
2026,4,3,258,239640,4: Writing,4: Writing,20.0,0,2.5,CASS,5,false,4
2026,4,3,271,241669,1: Listening and speaking,1: Listening and speaking,10.0,0,3.75,CASS,1,false,1
2026,4,3,271,241670,2: Phonics,2: Phonics,10.0,0,5.0,CASS,4,false,2
2026,4,3,271,241671,3: Reading and comprehension,3: Reading and comprehension,10.0,0,6.25,CASS,3,false,3
2026,4,3,271,241672,4: Writing,4: Writing,10.0,0,7.5,CASS,5,false,4
2026,4,3,271,241673,5: Handwriting,5: Handwriting,5.0,0,2.5,CASS,6,false,5
2026,4,3,312,248532,Beginning Knowledge & PSW,Beginning Knowledge & PSW,30.0,0,10.0,CASS,3,false,1
2026,4,3,312,248533,Physical Education,Physical Education,10.0,0,7.5,CASS,2,false,2
2026,4,3,312,248534,Creative Arts,Creative Arts,20.0,0,7.5,CASS,1,false,3
2026,4,3,325,249232,"1: Numbers, operations and relationships","1: Numbers, operations and relationships",20.0,0,14.5,CASS,1,false,1
2026,4,3,325,249233,"2: Patterns, functions and algebra","2: Patterns, functions and algebra",10.0,0,2.5,CASS,2,false,2
2026,4,3,325,249234,3: Space and shape (Geometry),3: Space and shape (Geometry),10.0,0,3.25,CASS,3,false,3
2026,4,3,325,249235,4: Measurement,4: Measurement,10.0,0,3.5,CASS,4,false,4
2026,4,3,325,249236,5: Data handling,5: Data handling,5.0,0,1.25,CASS,5,false,5
2026,4,3,379,239654,1: Listening and speaking,1: Listening and speaking,10.0,0,10.0,CASS,1,false,1
2026,4,3,379,239655,2: Phonics,2: Phonics,30.0,0,5.0,CASS,4,false,2
2026,4,3,379,239656,3: Reading and comprehension,3: Reading and comprehension,20.0,0,7.5,CASS,8,false,3
2026,4,3,379,239657,4: Writing,4: Writing,20.0,0,2.5,CASS,5,false,4
2026,4,3,392,241690,1: Listening and speaking,1: Listening and speaking,10.0,0,3.75,CASS,1,false,1
2026,4,3,392,241691,2: Phonics,2: Phonics,10.0,0,5.0,CASS,4,false,2
2026,4,3,392,241692,3: Reading and comprehension,3: Reading and comprehension,10.0,0,6.25,CASS,3,false,3
2026,4,3,392,241693,4: Writing,4: Writing,10.0,0,7.5,CASS,5,false,4
2026,4,3,392,241694,5: Handwriting,5: Handwriting,5.0,0,2.5,CASS,6,false,5
2026,4,3,432,239671,1: Listening and speaking,1: Listening and speaking,10.0,0,10.0,CASS,1,false,1
2026,4,3,432,239672,2: Phonics,2: Phonics,30.0,0,5.0,CASS,4,false,2
2026,4,3,432,239673,3: Reading and comprehension,3: Reading and comprehension,20.0,0,7.5,CASS,8,false,3
2026,4,3,432,239674,4: Writing,4: Writing,20.0,0,2.5,CASS,5,false,4
2026,4,3,445,241711,1: Listening and speaking,1: Listening and speaking,10.0,0,3.75,CASS,1,false,1
2026,4,3,445,241712,2: Phonics,2: Phonics,10.0,0,5.0,CASS,4,false,2
2026,4,3,445,241713,3: Reading and comprehension,3: Reading and comprehension,10.0,0,6.25,CASS,3,false,3
2026,4,3,445,241714,4: Writing,4: Writing,10.0,0,7.5,CASS,5,false,4
2026,4,3,445,241715,5: Handwriting,5: Handwriting,5.0,0,2.5,CASS,6,false,5
2026,4,3,466,239688,1: Listening and speaking,1: Listening and speaking,10.0,0,10.0,CASS,1,false,1
2026,4,3,466,239689,2: Phonics,2: Phonics,30.0,0,5.0,CASS,4,false,2
2026,4,3,466,239690,3: Reading and comprehension,3: Reading and comprehension,20.0,0,7.5,CASS,8,false,3
2026,4,3,466,239691,4: Writing,4: Writing,20.0,0,2.5,CASS,5,false,4
2026,4,3,479,241732,1: Listening and speaking,1: Listening and speaking,10.0,0,3.75,CASS,1,false,1
2026,4,3,479,241733,2: Phonics,2: Phonics,10.0,0,5.0,CASS,4,false,2
2026,4,3,479,241734,3: Reading and comprehension,3: Reading and comprehension,10.0,0,6.25,CASS,3,false,3
2026,4,3,479,241735,4: Writing,4: Writing,10.0,0,7.5,CASS,5,false,4
2026,4,3,479,241736,5: Handwriting,5: Handwriting,5.0,0,2.5,CASS,6,false,5
2026,4,3,500,239705,1: Listening and speaking,1: Listening and speaking,10.0,0,10.0,CASS,1,false,1
2026,4,3,500,239706,2: Phonics,2: Phonics,30.0,0,5.0,CASS,4,false,2
2026,4,3,500,239707,3: Reading and comprehension,3: Reading and comprehension,20.0,0,7.5,CASS,8,false,3
2026,4,3,500,239708,4: Writing,4: Writing,20.0,0,2.5,CASS,5,false,4
2026,4,3,513,241753,1: Listening and speaking,1: Listening and speaking,10.0,0,3.75,CASS,1,false,1
2026,4,3,513,241754,2: Phonics,2: Phonics,10.0,0,5.0,CASS,4,false,2
2026,4,3,513,241755,3: Reading and comprehension,3: Reading and comprehension,10.0,0,6.25,CASS,3,false,3
2026,4,3,513,241756,4: Writing,4: Writing,10.0,0,7.5,CASS,5,false,4
2026,4,3,513,241757,5: Handwriting,5: Handwriting,5.0,0,2.5,CASS,6,false,5
2026,4,3,582,239722,1: Listening and speaking,1: Listening and speaking,10.0,0,10.0,CASS,1,false,1
2026,4,3,582,239723,2: Phonics,2: Phonics,30.0,0,5.0,CASS,4,false,2
2026,4,3,582,239724,3: Reading and comprehension,3: Reading and comprehension,20.0,0,7.5,CASS,8,false,3
2026,4,3,582,239725,4: Writing,4: Writing,20.0,0,2.5,CASS,5,false,4
2026,4,3,595,241774,1: Listening and speaking,1: Listening and speaking,10.0,0,3.75,CASS,1,false,1
2026,4,3,595,241775,2: Phonics,2: Phonics,10.0,0,5.0,CASS,4,false,2
2026,4,3,595,241776,3: Reading and comprehension,3: Reading and comprehension,10.0,0,6.25,CASS,3,false,3
2026,4,3,595,241777,4: Writing,4: Writing,10.0,0,7.5,CASS,5,false,4
2026,4,3,595,241778,5: Handwriting,5: Handwriting,5.0,0,2.5,CASS,6,false,5
2026,4,3,839,239739,1: Listening and speaking,1: Listening and speaking,10.0,0,10.0,CASS,1,false,1
2026,4,3,839,239740,2: Phonics,2: Phonics,30.0,0,5.0,CASS,4,false,2
2026,4,3,839,239741,3: Reading and comprehension,3: Reading and comprehension,20.0,0,7.5,CASS,8,false,3
2026,4,3,839,239742,4: Writing,4: Writing,20.0,0,2.5,CASS,5,false,4
2026,4,3,852,241795,1: Listening and speaking,1: Listening and speaking,10.0,0,3.75,CASS,1,false,1
2026,4,3,852,241796,2: Phonics,2: Phonics,10.0,0,5.0,CASS,4,false,2
2026,4,3,852,241797,3: Reading and comprehension,3: Reading and comprehension,10.0,0,6.25,CASS,3,false,3
2026,4,3,852,241798,4: Writing,4: Writing,10.0,0,7.5,CASS,5,false,4
2026,4,3,852,241799,5: Handwriting,5: Handwriting,5.0,0,2.5,CASS,6,false,5
2026,4,3,892,242275,1: Observing and Signing,1: Observing and Signing,10.0,0,4.38,CASS,1,false,1
2026,4,3,892,242276,2: Phonics,2: Phonics,10.0,0,5.62,CASS,4,false,2
2026,4,3,892,242277,3: Reading and comprehension,3: Reading and comprehension,10.0,0,6.88,CASS,2,false,3
2026,4,3,892,242278,4: Recording,4: Recording,10.0,0,8.12,CASS,5,false,4
2026,4,3,1426,238522,Listening and speaking,Listening and speaking,10.0,0,12.5,CASS,1,false,1
2026,4,3,1426,238523,Reading (Phonics and Comprehension),Reading (Phonics and Comprehension),10.0,0,12.5,CASS,3,false,2
2026,4,3,1429,238546,Listening and speaking,Listening and speaking,10.0,0,12.5,CASS,1,false,1
2026,4,3,1429,238547,Reading (Phonics and Comprehension),Reading (Phonics and Comprehension),10.0,0,12.5,CASS,3,false,2
2026,4,3,1432,238570,Listening and speaking,Listening and speaking,10.0,0,12.5,CASS,1,false,1
2026,4,3,1432,238571,Reading (Phonics and Comprehension),Reading (Phonics and Comprehension),10.0,0,12.5,CASS,3,false,2
2026,4,3,1435,238594,Listening and speaking,Listening and speaking,10.0,0,12.5,CASS,1,false,1
2026,4,3,1435,238595,Reading (Phonics and Comprehension),Reading (Phonics and Comprehension),10.0,0,12.5,CASS,3,false,2
2026,4,3,1438,238618,Listening and speaking,Listening and speaking,10.0,0,12.5,CASS,1,false,1
2026,4,3,1438,238619,Reading (Phonics and Comprehension),Reading (Phonics and Comprehension),10.0,0,12.5,CASS,3,false,2
2026,4,3,1441,238642,Listening and speaking,Listening and speaking,10.0,0,12.5,CASS,1,false,1
2026,4,3,1441,238643,Reading (Phonics and Comprehension),Reading (Phonics and Comprehension),10.0,0,12.5,CASS,3,false,2
2026,4,3,1444,238666,Listening and speaking,Listening and speaking,10.0,0,12.5,CASS,1,false,1
2026,4,3,1444,238667,Reading (Phonics and Comprehension),Reading (Phonics and Comprehension),10.0,0,12.5,CASS,3,false,2
2026,4,3,1447,238690,Listening and speaking,Listening and speaking,10.0,0,12.5,CASS,1,false,1
2026,4,3,1447,238691,Reading (Phonics and Comprehension),Reading (Phonics and Comprehension),10.0,0,12.5,CASS,3,false,2
2026,4,3,1450,238714,Listening and speaking,Listening and speaking,10.0,0,12.5,CASS,1,false,1
2026,4,3,1450,238715,Reading (Phonics and Comprehension),Reading (Phonics and Comprehension),10.0,0,12.5,CASS,3,false,2
2026,4,3,1453,238738,Listening and speaking,Listening and speaking,10.0,0,12.5,CASS,1,false,1
2026,4,3,1453,238739,Reading (Phonics and Comprehension),Reading (Phonics and Comprehension),10.0,0,12.5,CASS,3,false,2
2026,4,3,1456,238762,Listening and speaking,Listening and speaking,10.0,0,12.5,CASS,1,false,1
2026,4,3,1456,238763,Reading (Phonics and Comprehension),Reading (Phonics and Comprehension),10.0,0,12.5,CASS,3,false,2
2026,4,3,1730,254060,4,4,10.0,0,25.0,CASS,0,false,1
2026,4,3,1843,254755,7,7,20.0,0,12.5,CASS,0,false,1
2026,4,3,1843,254756,8,8,20.0,0,12.5,CASS,0,false,2
2026,4,3,1850,254787,7,7,20.0,0,12.5,CASS,0,false,1
2026,4,3,1850,254788,8,8,20.0,0,12.5,CASS,0,false,2
2026,4,3,1857,254819,7,7,20.0,0,12.5,CASS,0,false,1
2026,4,3,1857,254820,8,8,20.0,0,12.5,CASS,0,false,2
2026,4,3,1864,254851,7,7,20.0,0,12.5,CASS,0,false,1
2026,4,3,1864,254852,8,8,20.0,0,12.5,CASS,0,false,2
2026,4,3,1871,254883,7,7,20.0,0,12.5,CASS,0,false,1
2026,4,3,1871,254884,8,8,20.0,0,12.5,CASS,0,false,2
2026,4,3,1878,254915,7,7,20.0,0,12.5,CASS,0,false,1
2026,4,3,1878,254916,8,8,20.0,0,12.5,CASS,0,false,2
2026,4,3,1885,254947,7,7,20.0,0,12.5,CASS,0,false,1
2026,4,3,1885,254948,8,8,20.0,0,12.5,CASS,0,false,2
2026,4,3,1892,254979,7,7,20.0,0,12.5,CASS,0,false,1
2026,4,3,1892,254980,8,8,20.0,0,12.5,CASS,0,false,2
2026,4,3,1899,255011,7,7,20.0,0,12.5,CASS,0,false,1
2026,4,3,1899,255012,8,8,20.0,0,12.5,CASS,0,false,2
2026,4,3,1906,255043,7,7,20.0,0,12.5,CASS,0,false,1
2026,4,3,1906,255044,8,8,20.0,0,12.5,CASS,0,false,2
2026,4,3,1913,255075,7,7,20.0,0,12.5,CASS,0,false,1
2026,4,3,1913,255076,8,8,20.0,0,12.5,CASS,0,false,2
2026,4,3,1920,255107,7,7,20.0,0,12.5,CASS,0,false,1
2026,4,3,1920,255108,8,8,20.0,0,12.5,CASS,0,false,2
2026,4,3,1990,255139,7,7,20.0,0,12.5,CASS,0,false,1
2026,4,3,1990,255140,8,8,20.0,0,12.5,CASS,0,false,2
2026,4,4,7,242560,7: Oral,7: Oral,20.0,5.72,0,CASS,0,false,1
2026,4,4,7,242561,8: Transactional writing,8: Transactional writing,10.0,2.86,0,CASS,0,false,2
2026,4,4,7,242562,9: Response to texts,9: Response to texts,40.0,11.42,0,CASS,0,false,3
2026,4,4,20,242320,7: Oral,7: Oral,20.0,5.72,0,CASS,0,false,1
2026,4,4,20,242321,8: Transactional writing,8: Transactional writing,10.0,2.86,0,CASS,0,false,2
2026,4,4,20,242322,9: Response to texts,9: Response to texts,40.0,11.42,0,CASS,0,false,3
2026,4,4,29,246518,Writing,Writing,20.0,20.0,0,CASS,0,false,1
2026,4,4,104,242570,7: Oral,7: Oral,20.0,5.72,0,CASS,0,false,1
2026,4,4,104,242571,8: Transactional writing,8: Transactional writing,10.0,2.86,0,CASS,0,false,2
2026,4,4,104,242572,9: Response to texts,9: Response to texts,40.0,11.42,0,CASS,0,false,3
2026,4,4,117,242330,7: Oral,7: Oral,20.0,5.72,0,CASS,0,false,1
2026,4,4,117,242331,8: Transactional writing,8: Transactional writing,10.0,2.86,0,CASS,0,false,2
2026,4,4,117,242332,9: Response to texts,9: Response to texts,40.0,11.42,0,CASS,0,false,3
2026,4,4,126,246522,Writing,Writing,20.0,20.0,0,CASS,0,false,1
2026,4,4,148,246526,Writing,Writing,20.0,20.0,0,CASS,0,false,1
2026,4,4,191,242580,7: Oral,7: Oral,20.0,5.72,0,CASS,0,false,1
2026,4,4,191,242581,8: Transactional writing,8: Transactional writing,10.0,2.86,0,CASS,0,false,2
2026,4,4,191,242582,9: Response to texts,9: Response to texts,40.0,11.42,0,CASS,0,false,3
2026,4,4,204,242360,7: Oral,7: Oral,20.0,5.72,0,CASS,0,false,1
2026,4,4,204,242361,8: Transactional writing,8: Transactional writing,10.0,2.86,0,CASS,0,false,2
2026,4,4,204,242362,9: Response to texts,9: Response to texts,40.0,11.42,0,CASS,0,false,3
2026,4,4,213,246530,Writing,Writing,20.0,20.0,0,CASS,0,false,1
2026,4,4,225,242590,7: Oral,7: Oral,20.0,5.72,0,CASS,0,false,1
2026,4,4,225,242591,8: Transactional writing,8: Transactional writing,10.0,2.86,0,CASS,0,false,2
2026,4,4,225,242592,9: Response to texts,9: Response to texts,40.0,11.42,0,CASS,0,false,3
2026,4,4,238,242340,7: Oral,7: Oral,20.0,5.72,0,CASS,0,false,1
2026,4,4,238,242341,8: Transactional writing,8: Transactional writing,10.0,2.86,0,CASS,0,false,2
2026,4,4,238,242342,9: Response to texts,9: Response to texts,40.0,11.42,0,CASS,0,false,3
2026,4,4,247,246534,Writing,Writing,20.0,20.0,0,CASS,0,false,1
2026,4,4,259,242600,7: Oral,7: Oral,20.0,5.72,0,CASS,0,false,1
2026,4,4,259,242601,8: Transactional writing,8: Transactional writing,10.0,2.86,0,CASS,0,false,2
2026,4,4,259,242602,9: Response to texts,9: Response to texts,40.0,11.42,0,CASS,0,false,3
2026,4,4,272,242350,7: Oral,7: Oral,20.0,5.72,0,CASS,0,false,1
2026,4,4,272,242351,8: Transactional writing,8: Transactional writing,10.0,2.86,0,CASS,0,false,2
2026,4,4,272,242352,9: Response to texts,9: Response to texts,40.0,11.42,0,CASS,0,false,3
2026,4,4,281,246538,Writing,Writing,20.0,20.0,0,CASS,0,false,1
2026,4,4,313,248544,Personal & Social Wellbeing,Personal & Social Wellbeing,30.0,6.0,0,CASS,3,false,1
2026,4,4,313,248545,Creative Arts,Creative Arts,40.0,8.0,0,CASS,1,false,2
2026,4,4,313,248546,Physical Education,Physical Education,30.0,6.0,0,CASS,2,false,3
2026,4,4,326,248578,7: Test,7: Test,25.0,20.0,0,CASS,0,false,1
2026,4,4,354,249274,7: Test,7: Test,30.0,20.0,0,CASS,0,false,1
2026,4,4,380,242610,7: Oral,7: Oral,20.0,5.72,0,CASS,0,false,1
2026,4,4,380,242611,8: Transactional writing,8: Transactional writing,10.0,2.86,0,CASS,0,false,2
2026,4,4,380,242612,9: Response to texts,9: Response to texts,40.0,11.42,0,CASS,0,false,3
2026,4,4,393,242370,7: Oral,7: Oral,20.0,5.72,0,CASS,0,false,1
2026,4,4,393,242371,8: Transactional writing,8: Transactional writing,10.0,2.86,0,CASS,0,false,2
2026,4,4,393,242372,9: Response to texts,9: Response to texts,40.0,11.42,0,CASS,0,false,3
2026,4,4,402,246542,Writing,Writing,20.0,20.0,0,CASS,0,false,1
2026,4,4,412,242380,7: Oral,7: Oral,20.0,5.72,0,CASS,0,false,1
2026,4,4,412,242381,8: Transactional writing,8: Transactional writing,10.0,2.86,0,CASS,0,false,2
2026,4,4,412,242382,9: Response to texts,9: Response to texts,40.0,11.42,0,CASS,0,false,3
2026,4,4,421,246546,Writing,Writing,20.0,20.0,0,CASS,0,false,1
2026,4,4,433,242620,7: Oral,7: Oral,20.0,5.72,0,CASS,0,false,1
2026,4,4,433,242621,8: Transactional writing,8: Transactional writing,10.0,2.86,0,CASS,0,false,2
2026,4,4,433,242622,9: Response to texts,9: Response to texts,40.0,11.42,0,CASS,0,false,3
2026,4,4,446,242390,7: Oral,7: Oral,20.0,5.72,0,CASS,0,false,1
2026,4,4,446,242391,8: Transactional writing,8: Transactional writing,10.0,2.86,0,CASS,0,false,2
2026,4,4,446,242392,9: Response to texts,9: Response to texts,40.0,11.42,0,CASS,0,false,3
2026,4,4,455,246550,Writing,Writing,20.0,20.0,0,CASS,0,false,1
2026,4,4,467,242630,7: Oral,7: Oral,20.0,5.72,0,CASS,0,false,1
2026,4,4,467,242631,8: Transactional writing,8: Transactional writing,10.0,2.86,0,CASS,0,false,2
2026,4,4,467,242632,9: Response to texts,9: Response to texts,40.0,11.42,0,CASS,0,false,3
2026,4,4,480,242400,7: Oral,7: Oral,20.0,5.72,0,CASS,0,false,1
2026,4,4,480,242401,8: Transactional writing,8: Transactional writing,10.0,2.86,0,CASS,0,false,2
2026,4,4,480,242402,9: Response to texts,9: Response to texts,40.0,11.42,0,CASS,0,false,3
2026,4,4,489,246554,Writing,Writing,20.0,20.0,0,CASS,0,false,1
2026,4,4,501,242640,7: Oral,7: Oral,20.0,5.72,0,CASS,0,false,1
2026,4,4,501,242641,8: Transactional writing,8: Transactional writing,10.0,2.86,0,CASS,0,false,2
2026,4,4,501,242642,9: Response to texts,9: Response to texts,40.0,11.42,0,CASS,0,false,3
2026,4,4,514,242410,7: Oral,7: Oral,20.0,5.72,0,CASS,0,false,1
2026,4,4,514,242411,8: Transactional writing,8: Transactional writing,10.0,2.86,0,CASS,0,false,2
2026,4,4,514,242412,9: Response to texts,9: Response to texts,40.0,11.42,0,CASS,0,false,3
2026,4,4,523,246558,Writing,Writing,20.0,20.0,0,CASS,0,false,1
2026,4,4,532,248794,7 : Geography,7 : Geography,25.0,10.0,0,CASS,1,false,1
2026,4,4,532,248795,8 : History,8 : History,25.0,10.0,0,CASS,2,false,2
2026,4,4,583,242650,7: Oral,7: Oral,20.0,5.72,0,CASS,0,false,1
2026,4,4,583,242651,8: Transactional writing,8: Transactional writing,10.0,2.86,0,CASS,0,false,2
2026,4,4,583,242652,9: Response to texts,9: Response to texts,40.0,11.42,0,CASS,0,false,3
2026,4,4,596,242420,7: Oral,7: Oral,20.0,5.72,0,CASS,0,false,1
2026,4,4,596,242421,8: Transactional writing,8: Transactional writing,10.0,2.86,0,CASS,0,false,2
2026,4,4,596,242422,9: Response to texts,9: Response to texts,40.0,11.42,0,CASS,0,false,3
2026,4,4,605,246562,Writing,Writing,20.0,20.0,0,CASS,0,false,1
2026,4,4,840,242660,7: Oral,7: Oral,20.0,5.72,0,CASS,0,false,1
2026,4,4,840,242661,8: Transactional writing,8: Transactional writing,10.0,2.86,0,CASS,0,false,2
2026,4,4,840,242662,9: Response to texts,9: Response to texts,40.0,11.42,0,CASS,0,false,3
2026,4,4,853,242430,7: Oral,7: Oral,20.0,5.72,0,CASS,0,false,1
2026,4,4,853,242431,8: Transactional writing,8: Transactional writing,10.0,2.86,0,CASS,0,false,2
2026,4,4,853,242432,9: Response to texts,9: Response to texts,40.0,11.42,0,CASS,0,false,3
2026,4,4,862,246566,Writing,Writing,20.0,20.0,0,CASS,0,false,1
2026,4,4,877,246570,Writing,Writing,20.0,20.0,0,CASS,0,false,1
2026,4,4,893,244100,Observing and Signing 2,Observing and Signing 2,20.0,5.72,0,CASS,0,false,1
2026,4,4,893,244101,8: Transactional recording,8: Transactional recording,10.0,2.86,0,CASS,0,false,2
2026,4,4,893,244102,9: Response to texts,9: Response to texts,40.0,11.42,0,CASS,0,false,3
2026,4,4,1731,254056,4,4,10.0,0,25.0,CASS,0,false,1
2026,4,4,1844,255147,7,7,40.0,0,12.5,CASS,0,false,1
2026,4,4,1844,255148,8,8,40.0,0,12.5,CASS,0,false,2
2026,4,4,1851,255171,7,7,40.0,0,12.5,CASS,0,false,1
2026,4,4,1851,255172,8,8,40.0,0,12.5,CASS,0,false,2
2026,4,4,1858,255195,7,7,40.0,0,12.5,CASS,0,false,1
2026,4,4,1858,255196,8,8,40.0,0,12.5,CASS,0,false,2
2026,4,4,1865,255219,7,7,40.0,0,12.5,CASS,0,false,1
2026,4,4,1865,255220,8,8,40.0,0,12.5,CASS,0,false,2
2026,4,4,1872,255243,7,7,40.0,0,12.5,CASS,0,false,1
2026,4,4,1872,255244,8,8,40.0,0,12.5,CASS,0,false,2
2026,4,4,1879,255267,7,7,40.0,0,12.5,CASS,0,false,1
2026,4,4,1879,255268,8,8,40.0,0,12.5,CASS,0,false,2
2026,4,4,1886,255291,7,7,40.0,0,12.5,CASS,0,false,1
2026,4,4,1886,255292,8,8,40.0,0,12.5,CASS,0,false,2
2026,4,4,1893,255315,7,7,40.0,0,12.5,CASS,0,false,1
2026,4,4,1893,255316,8,8,40.0,0,12.5,CASS,0,false,2
2026,4,4,1900,255363,7,7,40.0,0,12.5,CASS,0,false,1
2026,4,4,1900,255364,8,8,40.0,0,12.5,CASS,0,false,2
2026,4,4,1907,255339,7,7,40.0,0,12.5,CASS,0,false,1
2026,4,4,1907,255340,8,8,40.0,0,12.5,CASS,0,false,2
2026,4,4,1914,255387,7,7,40.0,0,12.5,CASS,0,false,1
2026,4,4,1914,255388,8,8,40.0,0,12.5,CASS,0,false,2
2026,4,4,1921,255411,7,7,40.0,0,12.5,CASS,0,false,1
2026,4,4,1921,255412,8,8,40.0,0,12.5,CASS,0,false,2
2026,4,4,1991,255435,7,7,40.0,0,12.5,CASS,0,false,1
2026,4,4,1991,255436,8,8,40.0,0,12.5,CASS,0,false,2
2026,4,5,8,242670,7: Oral,7: Oral,20.0,5.72,0,CASS,0,false,1
2026,4,5,8,242671,8: Transactional writing,8: Transactional writing,10.0,2.86,0,CASS,0,false,2
2026,4,5,8,242672,9: Response to texts,9: Response to texts,40.0,11.42,0,CASS,0,false,3
2026,4,5,21,242440,7: Oral,7: Oral,20.0,5.72,0,CASS,0,false,1
2026,4,5,21,242441,8: Transactional writing,8: Transactional writing,10.0,2.86,0,CASS,0,false,2
2026,4,5,21,242442,9: Response to texts,9: Response to texts,40.0,11.42,0,CASS,0,false,3
2026,4,5,30,246574,Writing,Writing,20.0,20.0,0,CASS,0,false,1
2026,4,5,105,242680,7: Oral,7: Oral,20.0,5.72,0,CASS,0,false,1
2026,4,5,105,242681,8: Transactional writing,8: Transactional writing,10.0,2.86,0,CASS,0,false,2
2026,4,5,105,242682,9: Response to texts,9: Response to texts,40.0,11.42,0,CASS,0,false,3
2026,4,5,118,242450,7: Oral,7: Oral,20.0,5.72,0,CASS,0,false,1
2026,4,5,118,242451,8: Transactional writing,8: Transactional writing,10.0,2.86,0,CASS,0,false,2
2026,4,5,118,242452,9: Response to texts,9: Response to texts,40.0,11.42,0,CASS,0,false,3
2026,4,5,127,246578,Writing,Writing,20.0,20.0,0,CASS,0,false,1
2026,4,5,149,246582,Writing,Writing,20.0,20.0,0,CASS,0,false,1
2026,4,5,192,242690,7: Oral,7: Oral,20.0,5.72,0,CASS,0,false,1
2026,4,5,192,242691,8: Transactional writing,8: Transactional writing,10.0,2.86,0,CASS,0,false,2
2026,4,5,192,242692,9: Response to texts,9: Response to texts,40.0,11.42,0,CASS,0,false,3
2026,4,5,205,242460,7: Oral,7: Oral,20.0,5.72,0,CASS,0,false,1
2026,4,5,205,242461,8: Transactional writing,8: Transactional writing,10.0,2.86,0,CASS,0,false,2
2026,4,5,205,242462,9: Response to texts,9: Response to texts,40.0,11.42,0,CASS,0,false,3
2026,4,5,214,246586,Writing,Writing,20.0,20.0,0,CASS,0,false,1
2026,4,5,226,242700,7: Oral,7: Oral,20.0,5.72,0,CASS,0,false,1
2026,4,5,226,242701,8: Transactional writing,8: Transactional writing,10.0,2.86,0,CASS,0,false,2
2026,4,5,226,242702,9: Response to texts,9: Response to texts,40.0,11.42,0,CASS,0,false,3
2026,4,5,239,242470,7: Oral,7: Oral,20.0,5.72,0,CASS,0,false,1
2026,4,5,239,242471,8: Transactional writing,8: Transactional writing,10.0,2.86,0,CASS,0,false,2
2026,4,5,239,242472,9: Response to texts,9: Response to texts,40.0,11.42,0,CASS,0,false,3
2026,4,5,248,246590,Writing,Writing,20.0,20.0,0,CASS,0,false,1
2026,4,5,260,242710,7: Oral,7: Oral,20.0,5.72,0,CASS,0,false,1
2026,4,5,260,242711,8: Transactional writing,8: Transactional writing,10.0,2.86,0,CASS,0,false,2
2026,4,5,260,242712,9: Response to texts,9: Response to texts,40.0,11.42,0,CASS,0,false,3
2026,4,5,273,242480,7: Oral,7: Oral,20.0,5.72,0,CASS,0,false,1
2026,4,5,273,242481,8: Transactional writing,8: Transactional writing,10.0,2.86,0,CASS,0,false,2
2026,4,5,273,242482,9: Response to texts,9: Response to texts,40.0,11.42,0,CASS,0,false,3
2026,4,5,282,246594,Writing,Writing,20.0,20.0,0,CASS,0,false,1
2026,4,5,314,248556,Personal & Social Wellbeing,Personal & Social Wellbeing,30.0,6.0,0,CASS,3,false,1
2026,4,5,314,248557,Creative Arts,Creative Arts,40.0,8.0,0,CASS,1,false,2
2026,4,5,314,248558,Physical Education,Physical Education,30.0,6.0,0,CASS,2,false,3
2026,4,5,327,248586,7: Test,7: Test,30.0,20.0,0,CASS,0,false,1
2026,4,5,355,249281,7: Test,7: Test,40.0,20.0,0,CASS,0,false,1
2026,4,5,381,242720,7: Oral,7: Oral,20.0,5.72,0,CASS,0,false,1
2026,4,5,381,242721,8: Transactional writing,8: Transactional writing,10.0,2.86,0,CASS,0,false,2
2026,4,5,381,242722,9: Response to texts,9: Response to texts,40.0,11.42,0,CASS,0,false,3
2026,4,5,394,242490,7: Oral,7: Oral,20.0,5.72,0,CASS,0,false,1
2026,4,5,394,242491,8: Transactional writing,8: Transactional writing,10.0,2.86,0,CASS,0,false,2
2026,4,5,394,242492,9: Response to texts,9: Response to texts,40.0,11.42,0,CASS,0,false,3
2026,4,5,403,246598,Writing,Writing,20.0,20.0,0,CASS,0,false,1
2026,4,5,413,242500,7: Oral,7: Oral,20.0,5.72,0,CASS,0,false,1
2026,4,5,413,242501,8: Transactional writing,8: Transactional writing,10.0,2.86,0,CASS,0,false,2
2026,4,5,413,242502,9: Response to texts,9: Response to texts,40.0,11.42,0,CASS,0,false,3
2026,4,5,422,246602,Writing,Writing,20.0,20.0,0,CASS,0,false,1
2026,4,5,434,242730,7: Oral,7: Oral,20.0,5.72,0,CASS,0,false,1
2026,4,5,434,242731,8: Transactional writing,8: Transactional writing,10.0,2.86,0,CASS,0,false,2
2026,4,5,434,242732,9: Response to texts,9: Response to texts,40.0,11.42,0,CASS,0,false,3
2026,4,5,447,242510,7: Oral,7: Oral,20.0,5.72,0,CASS,0,false,1
2026,4,5,447,242511,8: Transactional writing,8: Transactional writing,10.0,2.86,0,CASS,0,false,2
2026,4,5,447,242512,9: Response to texts,9: Response to texts,40.0,11.42,0,CASS,0,false,3
2026,4,5,456,246606,Writing,Writing,20.0,20.0,0,CASS,0,false,1
2026,4,5,468,242740,7: Oral,7: Oral,20.0,5.72,0,CASS,0,false,1
2026,4,5,468,242741,8: Transactional writing,8: Transactional writing,10.0,2.86,0,CASS,0,false,2
2026,4,5,468,242742,9: Response to texts,9: Response to texts,40.0,11.42,0,CASS,0,false,3
2026,4,5,481,242520,7: Oral,7: Oral,20.0,5.72,0,CASS,0,false,1
2026,4,5,481,242521,8: Transactional writing,8: Transactional writing,10.0,2.86,0,CASS,0,false,2
2026,4,5,481,242522,9: Response to texts,9: Response to texts,40.0,11.42,0,CASS,0,false,3
2026,4,5,490,246610,Writing,Writing,20.0,20.0,0,CASS,0,false,1
2026,4,5,502,242750,7: Oral,7: Oral,20.0,5.72,0,CASS,0,false,1
2026,4,5,502,242751,8: Transactional writing,8: Transactional writing,10.0,2.86,0,CASS,0,false,2
2026,4,5,502,242752,9: Response to texts,9: Response to texts,40.0,11.42,0,CASS,0,false,3
2026,4,5,515,242530,7: Oral,7: Oral,20.0,5.72,0,CASS,0,false,1
2026,4,5,515,242531,8: Transactional writing,8: Transactional writing,10.0,2.86,0,CASS,0,false,2
2026,4,5,515,242532,9: Response to texts,9: Response to texts,40.0,11.42,0,CASS,0,false,3
2026,4,5,524,246614,Writing,Writing,20.0,20.0,0,CASS,0,false,1
2026,4,5,533,248802,7 : Geography,7 : Geography,30.0,10.0,0,CASS,1,false,1
2026,4,5,533,248803,8 : History,8 : History,30.0,10.0,0,CASS,2,false,2
2026,4,5,584,242760,7: Oral,7: Oral,20.0,5.72,0,CASS,0,false,1
2026,4,5,584,242761,8: Transactional writing,8: Transactional writing,10.0,2.86,0,CASS,0,false,2
2026,4,5,584,242762,9: Response to texts,9: Response to texts,40.0,11.42,0,CASS,0,false,3
2026,4,5,597,242540,7: Oral,7: Oral,20.0,5.72,0,CASS,0,false,1
2026,4,5,597,242541,8: Transactional writing,8: Transactional writing,10.0,2.86,0,CASS,0,false,2
2026,4,5,597,242542,9: Response to texts,9: Response to texts,40.0,11.42,0,CASS,0,false,3
2026,4,5,606,246618,Writing,Writing,20.0,20.0,0,CASS,0,false,1
2026,4,5,841,242770,7: Oral,7: Oral,20.0,5.72,0,CASS,0,false,1
2026,4,5,841,242771,8: Transactional writing,8: Transactional writing,10.0,2.86,0,CASS,0,false,2
2026,4,5,841,242772,9: Response to texts,9: Response to texts,40.0,11.42,0,CASS,0,false,3
2026,4,5,854,242550,7: Oral,7: Oral,20.0,5.72,0,CASS,0,false,1
2026,4,5,854,242551,8: Transactional writing,8: Transactional writing,10.0,2.86,0,CASS,0,false,2
2026,4,5,854,242552,9: Response to texts,9: Response to texts,40.0,11.42,0,CASS,0,false,3
2026,4,5,863,246622,Writing,Writing,20.0,20.0,0,CASS,0,false,1
2026,4,5,878,246626,Writing,Writing,20.0,20.0,0,CASS,0,false,1
2026,4,5,894,244110,Observing and Signing 2,Observing and Signing 2,20.0,5.72,0,CASS,0,false,1
2026,4,5,894,244111,8: Transactional recording,8: Transactional recording,10.0,2.86,0,CASS,0,false,2
2026,4,5,894,244112,9: Response to texts,9: Response to texts,40.0,11.42,0,CASS,0,false,3
2026,4,5,1732,254052,4,4,10.0,0,25.0,CASS,0,false,1
2026,4,5,1845,255155,7,7,40.0,0,12.5,CASS,0,false,1
2026,4,5,1845,255156,8,8,40.0,0,12.5,CASS,0,false,2
2026,4,5,1852,255179,7,7,40.0,0,12.5,CASS,0,false,1
2026,4,5,1852,255180,8,8,40.0,0,12.5,CASS,0,false,2
2026,4,5,1859,255203,7,7,40.0,0,12.5,CASS,0,false,1
2026,4,5,1859,255204,8,8,40.0,0,12.5,CASS,0,false,2
2026,4,5,1866,255227,7,7,40.0,0,12.5,CASS,0,false,1
2026,4,5,1866,255228,8,8,40.0,0,12.5,CASS,0,false,2
2026,4,5,1873,255251,7,7,40.0,0,12.5,CASS,0,false,1
2026,4,5,1873,255252,8,8,40.0,0,12.5,CASS,0,false,2
2026,4,5,1880,255275,7,7,40.0,0,12.5,CASS,0,false,1
2026,4,5,1880,255276,8,8,40.0,0,12.5,CASS,0,false,2
2026,4,5,1887,255299,7,7,40.0,0,12.5,CASS,0,false,1
2026,4,5,1887,255300,8,8,40.0,0,12.5,CASS,0,false,2
2026,4,5,1894,255323,7,7,40.0,0,12.5,CASS,0,false,1
2026,4,5,1894,255324,8,8,40.0,0,12.5,CASS,0,false,2
2026,4,5,1901,255371,7,7,40.0,0,12.5,CASS,0,false,1
2026,4,5,1901,255372,8,8,40.0,0,12.5,CASS,0,false,2
2026,4,5,1908,255347,7,7,40.0,0,12.5,CASS,0,false,1
2026,4,5,1908,255348,8,8,40.0,0,12.5,CASS,0,false,2
2026,4,5,1915,255395,7,7,40.0,0,12.5,CASS,0,false,1
2026,4,5,1915,255396,8,8,40.0,0,12.5,CASS,0,false,2
2026,4,5,1922,255419,7,7,40.0,0,12.5,CASS,0,false,1
2026,4,5,1922,255420,8,8,40.0,0,12.5,CASS,0,false,2
2026,4,5,1992,255443,7,7,40.0,0,12.5,CASS,0,false,1
2026,4,5,1992,255444,8,8,40.0,0,12.5,CASS,0,false,2
2026,4,6,9,244300,7: Oral,7: Oral,20.0,5.0,0,CASS,0,false,1
2026,4,6,9,244301,8: Transactional writing,8: Transactional writing,10.0,2.5,0,CASS,0,false,2
2026,4,6,9,244302,9: Response to texts,9: Response to texts,50.0,12.5,0,CASS,0,false,3
2026,4,6,22,244180,7: Oral,7: Oral,20.0,5.0,0,CASS,0,false,1
2026,4,6,22,244181,8: Transactional writing,8: Transactional writing,10.0,2.5,0,CASS,0,false,2
2026,4,6,22,244182,9: Response to texts,9: Response to texts,50.0,12.5,0,CASS,0,false,3
2026,4,6,31,246633,5: Response to texts,5: Response to texts,20.0,20.0,0,CASS,0,false,1
2026,4,6,106,244310,7: Oral,7: Oral,20.0,5.0,0,CASS,0,false,1
2026,4,6,106,244311,8: Transactional writing,8: Transactional writing,10.0,2.5,0,CASS,0,false,2
2026,4,6,106,244312,9: Response to texts,9: Response to texts,50.0,12.5,0,CASS,0,false,3
2026,4,6,119,244190,7: Oral,7: Oral,20.0,5.0,0,CASS,0,false,1
2026,4,6,119,244191,8: Transactional writing,8: Transactional writing,10.0,2.5,0,CASS,0,false,2
2026,4,6,119,244192,9: Response to texts,9: Response to texts,50.0,12.5,0,CASS,0,false,3
2026,4,6,128,246640,5: Response to texts,5: Response to texts,20.0,20.0,0,CASS,0,false,1
2026,4,6,150,246647,5: Response to texts,5: Response to texts,20.0,20.0,0,CASS,0,false,1
2026,4,6,193,244320,7: Oral,7: Oral,20.0,5.0,0,CASS,0,false,1
2026,4,6,193,244321,8: Transactional writing,8: Transactional writing,10.0,2.5,0,CASS,0,false,2
2026,4,6,193,244322,9: Response to texts,9: Response to texts,50.0,12.5,0,CASS,0,false,3
2026,4,6,206,244200,7: Oral,7: Oral,20.0,5.0,0,CASS,0,false,1
2026,4,6,206,244201,8: Transactional writing,8: Transactional writing,10.0,2.5,0,CASS,0,false,2
2026,4,6,206,244202,9: Response to texts,9: Response to texts,50.0,12.5,0,CASS,0,false,3
2026,4,6,215,246654,5: Response to texts,5: Response to texts,20.0,20.0,0,CASS,0,false,1
2026,4,6,227,244330,7: Oral,7: Oral,20.0,5.0,0,CASS,0,false,1
2026,4,6,227,244331,8: Transactional writing,8: Transactional writing,10.0,2.5,0,CASS,0,false,2
2026,4,6,227,244332,9: Response to texts,9: Response to texts,50.0,12.5,0,CASS,0,false,3
2026,4,6,240,244210,7: Oral,7: Oral,20.0,5.0,0,CASS,0,false,1
2026,4,6,240,244211,8: Transactional writing,8: Transactional writing,10.0,2.5,0,CASS,0,false,2
2026,4,6,240,244212,9: Response to texts,9: Response to texts,50.0,12.5,0,CASS,0,false,3
2026,4,6,249,246661,5: Response to texts,5: Response to texts,20.0,20.0,0,CASS,0,false,1
2026,4,6,261,244340,7: Oral,7: Oral,20.0,5.0,0,CASS,0,false,1
2026,4,6,261,244341,8: Transactional writing,8: Transactional writing,10.0,2.5,0,CASS,0,false,2
2026,4,6,261,244342,9: Response to texts,9: Response to texts,50.0,12.5,0,CASS,0,false,3
2026,4,6,274,244220,7: Oral,7: Oral,20.0,5.0,0,CASS,0,false,1
2026,4,6,274,244221,8: Transactional writing,8: Transactional writing,10.0,2.5,0,CASS,0,false,2
2026,4,6,274,244222,9: Response to texts,9: Response to texts,50.0,12.5,0,CASS,0,false,3
2026,4,6,283,246668,5: Response to texts,5: Response to texts,20.0,20.0,0,CASS,0,false,1
2026,4,6,315,248568,Personal & Social Wellbeing,Personal & Social Wellbeing,30.0,6.0,0,CASS,3,false,1
2026,4,6,315,248569,Creative Arts,Creative Arts,40.0,8.0,0,CASS,1,false,2
2026,4,6,315,248570,Physical Education,Physical Education,30.0,6.0,0,CASS,2,false,3
2026,4,6,328,248594,7: Test,7: Test,40.0,20.0,0,CASS,0,false,1
2026,4,6,356,249288,7: Test,7: Test,40.0,20.0,0,CASS,0,false,1
2026,4,6,382,244350,7: Oral,7: Oral,20.0,5.0,0,CASS,0,false,1
2026,4,6,382,244351,8: Transactional writing,8: Transactional writing,10.0,2.5,0,CASS,0,false,2
2026,4,6,382,244352,9: Response to texts,9: Response to texts,50.0,12.5,0,CASS,0,false,3
2026,4,6,395,244230,7: Oral,7: Oral,20.0,5.0,0,CASS,0,false,1
2026,4,6,395,244231,8: Transactional writing,8: Transactional writing,10.0,2.5,0,CASS,0,false,2
2026,4,6,395,244232,9: Response to texts,9: Response to texts,50.0,12.5,0,CASS,0,false,3
2026,4,6,404,246675,5: Response to texts,5: Response to texts,20.0,20.0,0,CASS,0,false,1
2026,4,6,414,244240,7: Oral,7: Oral,20.0,5.0,0,CASS,0,false,1
2026,4,6,414,244241,8: Transactional writing,8: Transactional writing,10.0,2.5,0,CASS,0,false,2
2026,4,6,414,244242,9: Response to texts,9: Response to texts,50.0,12.5,0,CASS,0,false,3
2026,4,6,423,246682,5: Response to texts,5: Response to texts,20.0,20.0,0,CASS,0,false,1
2026,4,6,435,244360,7: Oral,7: Oral,20.0,5.0,0,CASS,0,false,1
2026,4,6,435,244361,8: Transactional writing,8: Transactional writing,10.0,2.5,0,CASS,0,false,2
2026,4,6,435,244362,9: Response to texts,9: Response to texts,50.0,12.5,0,CASS,0,false,3
2026,4,6,448,244250,7: Oral,7: Oral,20.0,5.0,0,CASS,0,false,1
2026,4,6,448,244251,8: Transactional writing,8: Transactional writing,10.0,2.5,0,CASS,0,false,2
2026,4,6,448,244252,9: Response to texts,9: Response to texts,50.0,12.5,0,CASS,0,false,3
2026,4,6,457,246689,5: Response to texts,5: Response to texts,20.0,20.0,0,CASS,0,false,1
2026,4,6,469,244370,7: Oral,7: Oral,20.0,5.0,0,CASS,0,false,1
2026,4,6,469,244371,8: Transactional writing,8: Transactional writing,10.0,2.5,0,CASS,0,false,2
2026,4,6,469,244372,9: Response to texts,9: Response to texts,50.0,12.5,0,CASS,0,false,3
2026,4,6,482,244260,7: Oral,7: Oral,20.0,5.0,0,CASS,0,false,1
2026,4,6,482,244261,8: Transactional writing,8: Transactional writing,10.0,2.5,0,CASS,0,false,2
2026,4,6,482,244262,9: Response to texts,9: Response to texts,50.0,12.5,0,CASS,0,false,3
2026,4,6,491,246696,5: Response to texts,5: Response to texts,20.0,20.0,0,CASS,0,false,1
2026,4,6,503,244380,7: Oral,7: Oral,20.0,5.0,0,CASS,0,false,1
2026,4,6,503,244381,8: Transactional writing,8: Transactional writing,10.0,2.5,0,CASS,0,false,2
2026,4,6,503,244382,9: Response to texts,9: Response to texts,50.0,12.5,0,CASS,0,false,3
2026,4,6,516,244270,7: Oral,7: Oral,20.0,5.0,0,CASS,0,false,1
2026,4,6,516,244271,8: Transactional writing,8: Transactional writing,10.0,2.5,0,CASS,0,false,2
2026,4,6,516,244272,9: Response to texts,9: Response to texts,50.0,12.5,0,CASS,0,false,3
2026,4,6,525,246703,5: Response to texts,5: Response to texts,20.0,20.0,0,CASS,0,false,1
2026,4,6,534,248810,7 : Geography,7 : Geography,40.0,10.0,0,CASS,1,false,1
2026,4,6,534,248811,8 : History,8 : History,40.0,10.0,0,CASS,2,false,2
2026,4,6,585,244390,7: Oral,7: Oral,20.0,5.0,0,CASS,0,false,1
2026,4,6,585,244391,8: Transactional writing,8: Transactional writing,10.0,2.5,0,CASS,0,false,2
2026,4,6,585,244392,9: Response to texts,9: Response to texts,50.0,12.5,0,CASS,0,false,3
2026,4,6,598,244280,7: Oral,7: Oral,20.0,5.0,0,CASS,0,false,1
2026,4,6,598,244281,8: Transactional writing,8: Transactional writing,10.0,2.5,0,CASS,0,false,2
2026,4,6,598,244282,9: Response to texts,9: Response to texts,50.0,12.5,0,CASS,0,false,3
2026,4,6,607,246710,5: Response to texts,5: Response to texts,20.0,20.0,0,CASS,0,false,1
2026,4,6,654,250500,1. Listening and speaking,1. Listening and speaking,25.0,0,6.25,CASS,1,false,1
2026,4,6,654,250501,2. Reading and viewing,2. Reading and viewing,35.0,0,8.75,CASS,2,false,2
2026,4,6,654,250502,3. Language structures & conventions,3. Language structures & conventions,15.0,0,3.75,CASS,3,false,3
2026,4,6,654,250503,4. Writing and Presenting,4. Writing and Presenting,25.0,0,6.25,CASS,4,false,4
2026,4,6,658,250516,1. Listening and speaking,1. Listening and speaking,25.0,0,6.25,CASS,1,false,1
2026,4,6,658,250517,2. Reading and viewing,2. Reading and viewing,35.0,0,8.75,CASS,2,false,2
2026,4,6,658,250518,3. Language structures & conventions,3. Language structures & conventions,15.0,0,3.75,CASS,3,false,3
2026,4,6,658,250519,4. Writing and Presenting,4. Writing and Presenting,25.0,0,6.25,CASS,4,false,4
2026,4,6,662,250532,1. Listening and speaking,1. Listening and speaking,25.0,0,6.25,CASS,1,false,1
2026,4,6,662,250533,2. Reading and viewing,2. Reading and viewing,35.0,0,8.75,CASS,2,false,2
2026,4,6,662,250534,3. Language structures & conventions,3. Language structures & conventions,15.0,0,3.75,CASS,3,false,3
2026,4,6,662,250535,4. Writing and Presenting,4. Writing and Presenting,25.0,0,6.25,CASS,4,false,4
2026,4,6,666,250548,1. Listening and speaking,1. Listening and speaking,25.0,0,6.25,CASS,1,false,1
2026,4,6,666,250549,2. Reading and viewing,2. Reading and viewing,35.0,0,8.75,CASS,2,false,2
2026,4,6,666,250550,3. Language structures & conventions,3. Language structures & conventions,15.0,0,3.75,CASS,3,false,3
2026,4,6,666,250551,4. Writing and Presenting,4. Writing and Presenting,25.0,0,6.25,CASS,4,false,4
2026,4,6,670,250564,1. Listening and speaking,1. Listening and speaking,25.0,0,6.25,CASS,1,false,1
2026,4,6,670,250565,2. Reading and viewing,2. Reading and viewing,35.0,0,8.75,CASS,2,false,2
2026,4,6,670,250566,3. Language structures & conventions,3. Language structures & conventions,15.0,0,3.75,CASS,3,false,3
2026,4,6,670,250567,4. Writing and Presenting,4. Writing and Presenting,25.0,0,6.25,CASS,4,false,4
2026,4,6,674,250580,1. Listening and speaking,1. Listening and speaking,25.0,0,6.25,CASS,1,false,1
2026,4,6,674,250581,2. Reading and viewing,2. Reading and viewing,35.0,0,8.75,CASS,2,false,2
2026,4,6,674,250582,3. Language structures & conventions,3. Language structures & conventions,15.0,0,3.75,CASS,3,false,3
2026,4,6,674,250583,4. Writing and Presenting,4. Writing and Presenting,25.0,0,6.25,CASS,4,false,4
2026,4,6,678,250596,1. Listening and speaking,1. Listening and speaking,25.0,0,6.25,CASS,1,false,1
2026,4,6,678,250597,2. Reading and viewing,2. Reading and viewing,35.0,0,8.75,CASS,2,false,2
2026,4,6,678,250598,3. Language structures & conventions,3. Language structures & conventions,15.0,0,3.75,CASS,3,false,3
2026,4,6,678,250599,4. Writing and Presenting,4. Writing and Presenting,25.0,0,6.25,CASS,4,false,4
2026,4,6,682,250612,1. Listening and speaking,1. Listening and speaking,25.0,0,6.25,CASS,1,false,1
2026,4,6,682,250613,2. Reading and viewing,2. Reading and viewing,35.0,0,8.75,CASS,2,false,2
2026,4,6,682,250614,3. Language structures & conventions,3. Language structures & conventions,15.0,0,3.75,CASS,3,false,3
2026,4,6,682,250615,4. Writing and Presenting,4. Writing and Presenting,25.0,0,6.25,CASS,4,false,4
2026,4,6,686,250628,1. Listening and speaking,1. Listening and speaking,25.0,0,6.25,CASS,1,false,1
2026,4,6,686,250629,2. Reading and viewing,2. Reading and viewing,35.0,0,8.75,CASS,2,false,2
2026,4,6,686,250630,3. Language structures & conventions,3. Language structures & conventions,15.0,0,3.75,CASS,3,false,3
2026,4,6,686,250631,4. Writing and Presenting,4. Writing and Presenting,25.0,0,6.25,CASS,4,false,4
2026,4,6,690,250644,1. Listening and speaking,1. Listening and speaking,25.0,0,6.25,CASS,1,false,1
2026,4,6,690,250645,2. Reading and viewing,2. Reading and viewing,35.0,0,8.75,CASS,2,false,2
2026,4,6,690,250646,3. Language structures & conventions,3. Language structures & conventions,15.0,0,3.75,CASS,3,false,3
2026,4,6,690,250647,4. Writing and Presenting,4. Writing and Presenting,25.0,0,6.25,CASS,4,false,4
2026,4,6,694,250660,1. Listening and speaking,1. Listening and speaking,25.0,0,6.25,CASS,1,false,1
2026,4,6,694,250661,2. Reading and viewing,2. Reading and viewing,35.0,0,8.75,CASS,2,false,2
2026,4,6,694,250662,3. Language structures & conventions,3. Language structures & conventions,15.0,0,3.75,CASS,3,false,3
2026,4,6,694,250663,4. Writing and Presenting,4. Writing and Presenting,25.0,0,6.25,CASS,4,false,4
2026,4,6,698,249670,Keyboard Skills,Keyboard Skills,20.0,0,3.75,CASS,1,false,1
2026,4,6,698,249671,Graphics,Graphics,20.0,0,2.5,CASS,2,false,2
2026,4,6,698,249672,Word Processor,Word Processor,20.0,0,3.75,CASS,3,false,3
2026,4,6,698,249673,Spreadsheet,Spreadsheet,20.0,0,3.75,CASS,4,false,4
2026,4,6,698,249674,Presentations,Presentations,20.0,0,3.75,CASS,5,false,5
2026,4,6,698,249675,Systems Technologies,Systems Technologies,30.0,0,3.75,CASS,6,false,6
2026,4,6,698,249676,Internet & e-communications,Internet & e-communications,20.0,0,3.75,CASS,7,false,7
2026,4,6,754,249619,5,5,50.0,0,25.0,CASS,1,false,1
2026,4,6,758,249524,10,10,40.0,20.0,0,CASS,0,false,1
2026,4,6,786,249590,7,7,20.0,0,17.0,CASS,0,false,1
2026,4,6,786,249591,8,8,10.0,0,8.0,CASS,0,false,2
2026,4,6,842,244400,7: Oral,7: Oral,20.0,5.0,0,CASS,0,false,1
2026,4,6,842,244401,8: Transactional writing,8: Transactional writing,10.0,2.5,0,CASS,0,false,2
2026,4,6,842,244402,9: Response to texts,9: Response to texts,50.0,12.5,0,CASS,0,false,3
2026,4,6,855,244290,7: Oral,7: Oral,20.0,5.0,0,CASS,0,false,1
2026,4,6,855,244291,8: Transactional writing,8: Transactional writing,10.0,2.5,0,CASS,0,false,2
2026,4,6,855,244292,9: Response to texts,9: Response to texts,50.0,12.5,0,CASS,0,false,3
2026,4,6,864,246717,5: Response to texts,5: Response to texts,20.0,20.0,0,CASS,0,false,1
2026,4,6,879,246724,5: Response to texts,5: Response to texts,20.0,20.0,0,CASS,0,false,1
2026,4,6,895,244410,Observing and Signing 2,Observing and Signing 2,20.0,5.0,0,CASS,0,false,1
2026,4,6,895,244411,8: Transactional recording,8: Transactional recording,10.0,2.5,0,CASS,0,false,2
2026,4,6,895,244412,9: Response to texts,9: Response to texts,50.0,12.5,0,CASS,0,false,3
2026,4,6,908,251215,1. Observing and signing,1. Observing and signing,25.0,0,6.25,CASS,1,false,1
2026,4,6,908,251216,2. Reading and viewing,2. Reading and viewing,35.0,0,8.75,CASS,2,false,2
2026,4,6,908,251217,3. Language structures & conventions,3. Language structures & conventions,15.0,0,3.75,CASS,3,false,3
2026,4,6,908,251218,4. Writing and Recording,4. Writing and Recording,25.0,0,6.25,CASS,4,false,4
2026,4,6,912,251279,1. Listening and speaking,1. Listening and speaking,25.0,0,8.75,CASS,1,false,1
2026,4,6,912,251280,2. Reading and viewing,2. Reading and viewing,35.0,0,8.75,CASS,2,false,2
2026,4,6,912,251281,4. Language structures & conventions,4. Language structures & conventions,60.0,0,7.5,CASS,5,false,3
2026,4,6,916,251293,1. Listening and speaking,1. Listening and speaking,25.0,0,8.75,CASS,1,false,1
2026,4,6,916,251294,2. Reading and viewing,2. Reading and viewing,35.0,0,8.75,CASS,2,false,2
2026,4,6,916,251295,4. Language structures & conventions,4. Language structures & conventions,60.0,0,7.5,CASS,5,false,3
2026,4,6,920,251307,1. Listening and speaking,1. Listening and speaking,25.0,0,8.75,CASS,1,false,1
2026,4,6,920,251308,2. Reading and viewing,2. Reading and viewing,35.0,0,8.75,CASS,2,false,2
2026,4,6,920,251309,4. Language structures & conventions,4. Language structures & conventions,60.0,0,7.5,CASS,5,false,3
2026,4,6,924,251321,1. Listening and speaking,1. Listening and speaking,25.0,0,8.75,CASS,1,false,1
2026,4,6,924,251322,2. Reading and viewing,2. Reading and viewing,35.0,0,8.75,CASS,2,false,2
2026,4,6,924,251323,4. Language structures & conventions,4. Language structures & conventions,60.0,0,7.5,CASS,5,false,3
2026,4,6,928,251335,1. Listening and speaking,1. Listening and speaking,25.0,0,8.75,CASS,1,false,1
2026,4,6,928,251336,2. Reading and viewing,2. Reading and viewing,35.0,0,8.75,CASS,2,false,2
2026,4,6,928,251337,4. Language structures & conventions,4. Language structures & conventions,60.0,0,7.5,CASS,5,false,3
2026,4,6,932,251349,1. Listening and speaking,1. Listening and speaking,25.0,0,8.75,CASS,1,false,1
2026,4,6,932,251350,2. Reading and viewing,2. Reading and viewing,35.0,0,8.75,CASS,2,false,2
2026,4,6,932,251351,4. Language structures & conventions,4. Language structures & conventions,60.0,0,7.5,CASS,5,false,3
2026,4,6,936,251363,1. Listening and speaking,1. Listening and speaking,25.0,0,8.75,CASS,1,false,1
2026,4,6,936,251364,2. Reading and viewing,2. Reading and viewing,35.0,0,8.75,CASS,2,false,2
2026,4,6,936,251365,4. Language structures & conventions,4. Language structures & conventions,60.0,0,7.5,CASS,5,false,3
2026,4,6,940,251377,1. Listening and speaking,1. Listening and speaking,25.0,0,8.75,CASS,1,false,1
2026,4,6,940,251378,2. Reading and viewing,2. Reading and viewing,35.0,0,8.75,CASS,2,false,2
2026,4,6,940,251379,4. Language structures & conventions,4. Language structures & conventions,60.0,0,7.5,CASS,5,false,3
2026,4,6,944,251391,1. Listening and speaking,1. Listening and speaking,25.0,0,8.75,CASS,1,false,1
2026,4,6,944,251392,2. Reading and viewing,2. Reading and viewing,35.0,0,8.75,CASS,2,false,2
2026,4,6,944,251393,4. Language structures & conventions,4. Language structures & conventions,60.0,0,7.5,CASS,5,false,3
2026,4,6,948,251405,1. Listening and speaking,1. Listening and speaking,25.0,0,8.75,CASS,1,false,1
2026,4,6,948,251406,2. Reading and viewing,2. Reading and viewing,35.0,0,8.75,CASS,2,false,2
2026,4,6,948,251407,4. Language structures & conventions,4. Language structures & conventions,60.0,0,7.5,CASS,5,false,3
2026,4,6,952,251419,1. Listening and speaking,1. Listening and speaking,25.0,0,8.75,CASS,1,false,1
2026,4,6,952,251420,2. Reading and viewing,2. Reading and viewing,35.0,0,8.75,CASS,2,false,2
2026,4,6,952,251421,4. Language structures & conventions,4. Language structures & conventions,60.0,0,7.5,CASS,5,false,3
2026,4,6,976,249636,4,4,50.0,0,20.0,CASS,1,false,1
2026,4,6,1733,254048,4,4,10.0,0,25.0,CASS,0,false,1
2026,4,6,1846,255163,7,7,40.0,0,12.5,CASS,0,false,1
2026,4,6,1846,255164,8,8,40.0,0,12.5,CASS,0,false,2
2026,4,6,1853,255187,7,7,40.0,0,12.5,CASS,0,false,1
2026,4,6,1853,255188,8,8,40.0,0,12.5,CASS,0,false,2
2026,4,6,1860,255211,7,7,40.0,0,12.5,CASS,0,false,1
2026,4,6,1860,255212,8,8,40.0,0,12.5,CASS,0,false,2
2026,4,6,1867,255235,7,7,40.0,0,12.5,CASS,0,false,1
2026,4,6,1867,255236,8,8,40.0,0,12.5,CASS,0,false,2
2026,4,6,1874,255259,7,7,40.0,0,12.5,CASS,0,false,1
2026,4,6,1874,255260,8,8,40.0,0,12.5,CASS,0,false,2
2026,4,6,1881,255283,7,7,40.0,0,12.5,CASS,0,false,1
2026,4,6,1881,255284,8,8,40.0,0,12.5,CASS,0,false,2
2026,4,6,1888,255307,7,7,40.0,0,12.5,CASS,0,false,1
2026,4,6,1888,255308,8,8,40.0,0,12.5,CASS,0,false,2
2026,4,6,1895,255331,7,7,40.0,0,12.5,CASS,0,false,1
2026,4,6,1895,255332,8,8,40.0,0,12.5,CASS,0,false,2
2026,4,6,1902,255379,7,7,40.0,0,12.5,CASS,0,false,1
2026,4,6,1902,255380,8,8,40.0,0,12.5,CASS,0,false,2
2026,4,6,1909,255355,7,7,40.0,0,12.5,CASS,0,false,1
2026,4,6,1909,255356,8,8,40.0,0,12.5,CASS,0,false,2
2026,4,6,1916,255403,7,7,40.0,0,12.5,CASS,0,false,1
2026,4,6,1916,255404,8,8,40.0,0,12.5,CASS,0,false,2
2026,4,6,1923,255427,7,7,40.0,0,12.5,CASS,0,false,1
2026,4,6,1923,255428,8,8,40.0,0,12.5,CASS,0,false,2
2026,4,6,1993,255451,7,7,40.0,0,12.5,CASS,0,false,1
2026,4,6,1993,255452,8,8,40.0,0,12.5,CASS,0,false,2
2026,4,6,1994,249751,Theory,Theory,25.0,0,6.25,CASS,0,false,1
2026,4,6,1994,249752,Practical,Practical,50.0,0,18.75,CASS,0,false,2
2026,4,6,1995,249899,Office Admin: Theory,Office Admin: Theory,75.0,0,1.61,CASS,0,false,1
2026,4,6,1995,249900,Office Admin: Practical,Office Admin: Practical,25.0,0,0.66,CASS,0,false,2
2026,4,6,1995,249901,Wholesale & R: Theory,Wholesale & R: Theory,25.0,0,0.66,CASS,0,false,3
2026,4,6,1995,249902,Wholesale & R: Practical,Wholesale & R: Practical,50.0,0,1.61,CASS,0,false,4
2026,4,6,1995,249903,Art & Crafts: Practical,Art & Crafts: Practical,50.0,0,1.61,CASS,0,false,5
2026,4,6,1995,249904,Art & Crafts: Theory,Art & Crafts: Theory,25.0,0,0.66,CASS,0,false,6
2026,4,6,1995,249905,CS Foodproduction: Theory,CS Foodproduction: Theory,25.0,0,0.66,CASS,0,false,7
2026,4,6,1995,249906,CS Foodproduction: Practical,CS Foodproduction: Practical,50.0,0,1.61,CASS,0,false,8
2026,4,6,1995,249907,CS Sewing: Theory,CS Sewing: Theory,25.0,0,0.66,CASS,0,false,9
2026,4,6,1995,249908,CS Sewing:Practical,CS Sewing:Practical,50.0,0,1.61,CASS,0,false,10
2026,4,6,1995,249909,ST Upholstery: Theory,ST Upholstery: Theory,25.0,0,0.66,CASS,0,false,11
2026,4,6,1995,249910,ST Upholstery: Practical,ST Upholstery: Practical,50.0,0,1.61,CASS,0,false,12
2026,4,6,1995,249911,Beauty & Nail: Theory,Beauty & Nail: Theory,25.0,0,0.66,CASS,0,false,13
2026,4,6,1995,249912,Beauty & Nail: Practical,Beauty & Nail: Practical,75.0,0,1.61,CASS,0,false,14
2026,4,6,1995,249913,Hair & Beauty Care: Theory,Hair & Beauty Care: Theory,25.0,0,0.66,CASS,0,false,15
2026,4,6,1995,249914,Hair & Beauty Care: Practical,Hair & Beauty Care: Practical,50.0,0,1.61,CASS,0,false,16
2026,4,6,1995,249915,CS Hospitality: Practical,CS Hospitality: Practical,75.0,0,1.62,CASS,0,false,17
2026,4,6,1995,249916,CS Hospitality: Theory,CS Hospitality: Theory,25.0,0,0.66,CASS,0,false,18
2026,4,6,1995,249917,Anc Health Care: Theory,Anc Health Care: Theory,25.0,0,0.66,CASS,0,false,19
2026,4,6,1995,249918,Anc Health Care: Practical,Anc Health Care: Practical,75.0,0,1.62,CASS,0,false,20
2026,4,6,1995,249919,ECD Theory,ECD Theory,25.0,0,0.66,CASS,0,false,21
2026,4,6,1995,249920,ECD Practical,ECD Practical,75.0,0,1.62,CASS,0,false,22
2026,4,6,1996,249813,Civil Maintenance: Theory,Civil Maintenance: Theory,25.0,0,0.5,CASS,0,false,1
2026,4,6,1996,249814,Civil Maintenance: Practical,Civil Maintenance: Practical,75.0,0,2.0,CASS,0,false,2
2026,4,6,1996,249815,Civil Brickl & P: Theory,Civil Brickl & P: Theory,25.0,0,0.5,CASS,0,false,3
2026,4,6,1996,249816,Civil Brickl & P: Practical,Civil Brickl & P: Practical,50.0,0,2.0,CASS,0,false,4
2026,4,6,1996,249817,Civil Woodw & T: Theory,Civil Woodw & T: Theory,25.0,0,0.5,CASS,0,false,5
2026,4,6,1996,249818,Civil Woodw & T: Practical,Civil Woodw & T: Practical,50.0,0,2.0,CASS,0,false,6
2026,4,6,1996,249819,Civil Plumbing: Theory,Civil Plumbing: Theory,25.0,0,0.5,CASS,0,false,7
2026,4,6,1996,249820,Civil Plumbing: Practical,Civil Plumbing: Practical,50.0,0,2.0,CASS,0,false,8
2026,4,6,1996,249821,Mech Welding: Theory,Mech Welding: Theory,25.0,0,0.5,CASS,0,false,9
2026,4,6,1996,249822,Mech Welding: Practical,Mech Welding: Practical,50.0,0,2.0,CASS,0,false,10
2026,4,6,1996,249823,Mech BodyW: Theory,Mech BodyW: Theory,25.0,0,0.5,CASS,0,false,11
2026,4,6,1996,249824,Mech BodyW: Practical,Mech BodyW: Practical,50.0,0,2.0,CASS,0,false,12
2026,4,6,1996,249825,Mech Motor: Theory,Mech Motor: Theory,25.0,0,0.5,CASS,0,false,13
2026,4,6,1996,249826,Mech Motor: Practical,Mech Motor: Practical,50.0,0,2.0,CASS,0,false,14
2026,4,6,1996,249827,Mech Sheetmetal: Theory,Mech Sheetmetal: Theory,25.0,0,0.5,CASS,0,false,15
2026,4,6,1996,249828,Mech Sheetmetal: Practical,Mech Sheetmetal: Practical,50.0,0,2.0,CASS,0,false,16
2026,4,6,1996,249829,Electrical: Theory,Electrical: Theory,25.0,0,0.5,CASS,0,false,17
2026,4,6,1996,249830,Electrical: Practical,Electrical: Practical,50.0,0,2.0,CASS,0,false,18
2026,4,6,1996,249831,Agric: Theory,Agric: Theory,25.0,0,0.5,CASS,0,false,19
2026,4,6,1996,249832,Agric: Practical,Agric: Practical,75.0,0,2.0,CASS,0,false,20
2026,4,7,10,244685,7: Oral,7: Oral,20.0,8.88,0,CASS,0,false,1
2026,4,7,10,244686,9: Transactional writing,9: Transactional writing,10.0,4.48,0,CASS,0,false,2
2026,4,7,10,244687,10: Response to texts,10: Response to texts,60.0,26.64,0,CASS,0,false,3
2026,4,7,23,244421,7: Oral,7: Oral,20.0,8.88,0,CASS,0,false,1
2026,4,7,23,244422,9: Transactional writing,9: Transactional writing,10.0,4.48,0,CASS,0,false,2
2026,4,7,23,244423,10: Response to texts,10: Response to texts,60.0,26.64,0,CASS,0,false,3
2026,4,7,32,246731,Oral 4,Oral 4,30.0,0,0,CASS,0,false,1
2026,4,7,32,246732,P1 : Oral,P1 : Oral,30.0,0,0,CASS,0,false,2
2026,4,7,32,246733,9,9,100.0,40.0,0,CASS,0,false,3
2026,4,7,53,253097,7 : Art form 1,7 : Art form 1,50.0,20.0,0,CASS,1,false,1
2026,4,7,53,253098,8 : Art form 2,8 : Art form 2,50.0,20.0,0,CASS,2,false,2
2026,4,7,89,249011,5,5,100.0,40.0,0,CASS,0,false,1
2026,4,7,107,244696,7: Oral,7: Oral,20.0,8.88,0,CASS,0,false,1
2026,4,7,107,244697,9: Transactional writing,9: Transactional writing,10.0,4.48,0,CASS,0,false,2
2026,4,7,107,244698,10: Response to texts,10: Response to texts,60.0,26.64,0,CASS,0,false,3
2026,4,7,120,244432,7: Oral,7: Oral,20.0,8.88,0,CASS,0,false,1
2026,4,7,120,244433,9: Transactional writing,9: Transactional writing,10.0,4.48,0,CASS,0,false,2
2026,4,7,120,244434,10: Response to texts,10: Response to texts,60.0,26.64,0,CASS,0,false,3
2026,4,7,129,246758,Oral 4,Oral 4,30.0,0,0,CASS,0,false,1
2026,4,7,129,246759,P1 : Oral,P1 : Oral,30.0,0,0,CASS,0,false,2
2026,4,7,129,246760,9,9,100.0,40.0,0,CASS,0,false,3
2026,4,7,151,246785,Oral 4,Oral 4,30.0,0,0,CASS,0,false,1
2026,4,7,151,246786,P1 : Oral,P1 : Oral,30.0,0,0,CASS,0,false,2
2026,4,7,151,246787,9,9,100.0,40.0,0,CASS,0,false,3
2026,4,7,194,244707,7: Oral,7: Oral,20.0,8.88,0,CASS,0,false,1
2026,4,7,194,244708,9: Transactional writing,9: Transactional writing,10.0,4.48,0,CASS,0,false,2
2026,4,7,194,244709,10: Response to texts,10: Response to texts,60.0,26.64,0,CASS,0,false,3
2026,4,7,207,244443,7: Oral,7: Oral,20.0,8.88,0,CASS,0,false,1
2026,4,7,207,244444,9: Transactional writing,9: Transactional writing,10.0,4.48,0,CASS,0,false,2
2026,4,7,207,244445,10: Response to texts,10: Response to texts,60.0,26.64,0,CASS,0,false,3
2026,4,7,216,246812,Oral 4,Oral 4,30.0,0,0,CASS,0,false,1
2026,4,7,216,246813,P1 : Oral,P1 : Oral,30.0,0,0,CASS,0,false,2
2026,4,7,216,246814,9,9,100.0,40.0,0,CASS,0,false,3
2026,4,7,228,244718,7: Oral,7: Oral,20.0,8.88,0,CASS,0,false,1
2026,4,7,228,244719,9: Transactional writing,9: Transactional writing,10.0,4.48,0,CASS,0,false,2
2026,4,7,228,244720,10: Response to texts,10: Response to texts,60.0,26.64,0,CASS,0,false,3
2026,4,7,241,244454,7: Oral,7: Oral,20.0,8.88,0,CASS,0,false,1
2026,4,7,241,244455,9: Transactional writing,9: Transactional writing,10.0,4.48,0,CASS,0,false,2
2026,4,7,241,244456,10: Response to texts,10: Response to texts,60.0,26.64,0,CASS,0,false,3
2026,4,7,250,246875,Oral 4,Oral 4,30.0,0,0,CASS,0,false,1
2026,4,7,250,246876,P1 : Oral,P1 : Oral,30.0,0,0,CASS,0,false,2
2026,4,7,250,246877,9,9,100.0,40.0,0,CASS,0,false,3
2026,4,7,262,244729,7: Oral,7: Oral,20.0,8.88,0,CASS,0,false,1
2026,4,7,262,244730,9: Transactional writing,9: Transactional writing,10.0,4.48,0,CASS,0,false,2
2026,4,7,262,244731,10: Response to texts,10: Response to texts,60.0,26.64,0,CASS,0,false,3
2026,4,7,275,244465,7: Oral,7: Oral,20.0,8.88,0,CASS,0,false,1
2026,4,7,275,244466,9: Transactional writing,9: Transactional writing,10.0,4.48,0,CASS,0,false,2
2026,4,7,275,244467,10: Response to texts,10: Response to texts,60.0,26.64,0,CASS,0,false,3
2026,4,7,284,246839,Oral 4,Oral 4,30.0,0,0,CASS,0,false,1
2026,4,7,284,246840,P1 : Oral,P1 : Oral,30.0,0,0,CASS,0,false,2
2026,4,7,284,246841,9,9,100.0,40.0,0,CASS,0,false,3
2026,4,7,300,248450,PET,PET,30.0,12.0,0,CASS,0,false,1
2026,4,7,300,248451,8,8,70.0,28.0,0,CASS,0,false,2
2026,4,7,329,248602,7,7,100.0,40.0,0,CASS,0,false,1
2026,4,7,351,249250,7,7,50.0,40.0,0,CASS,0,false,1
2026,4,7,383,244740,7: Oral,7: Oral,20.0,8.88,0,CASS,0,false,1
2026,4,7,383,244741,9: Transactional writing,9: Transactional writing,10.0,4.48,0,CASS,0,false,2
2026,4,7,383,244742,10: Response to texts,10: Response to texts,60.0,26.64,0,CASS,0,false,3
2026,4,7,396,244476,7: Oral,7: Oral,20.0,8.88,0,CASS,0,false,1
2026,4,7,396,244477,9: Transactional writing,9: Transactional writing,10.0,4.48,0,CASS,0,false,2
2026,4,7,396,244478,10: Response to texts,10: Response to texts,60.0,26.64,0,CASS,0,false,3
2026,4,7,405,246920,Oral 4,Oral 4,30.0,0,0,CASS,0,false,1
2026,4,7,405,246921,P1 : Oral,P1 : Oral,30.0,0,0,CASS,0,false,2
2026,4,7,405,246922,9,9,100.0,40.0,0,CASS,0,false,3
2026,4,7,415,244487,7: Oral,7: Oral,20.0,8.88,0,CASS,0,false,1
2026,4,7,415,244488,9: Transactional writing,9: Transactional writing,10.0,4.48,0,CASS,0,false,2
2026,4,7,415,244489,10: Response to texts,10: Response to texts,60.0,26.64,0,CASS,0,false,3
2026,4,7,424,246947,Oral 4,Oral 4,30.0,0,0,CASS,0,false,1
2026,4,7,424,246948,P1 : Oral,P1 : Oral,30.0,0,0,CASS,0,false,2
2026,4,7,424,246949,9,9,100.0,40.0,0,CASS,0,false,3
2026,4,7,436,244751,7: Oral,7: Oral,20.0,8.88,0,CASS,0,false,1
2026,4,7,436,244752,9: Transactional writing,9: Transactional writing,10.0,4.48,0,CASS,0,false,2
2026,4,7,436,244753,10: Response to texts,10: Response to texts,60.0,26.64,0,CASS,0,false,3
2026,4,7,449,244498,7: Oral,7: Oral,20.0,8.88,0,CASS,0,false,1
2026,4,7,449,244499,9: Transactional writing,9: Transactional writing,10.0,4.48,0,CASS,0,false,2
2026,4,7,449,244500,10: Response to texts,10: Response to texts,60.0,26.64,0,CASS,0,false,3
2026,4,7,458,246974,Oral 4,Oral 4,30.0,0,0,CASS,0,false,1
2026,4,7,458,246975,P1 : Oral,P1 : Oral,30.0,0,0,CASS,0,false,2
2026,4,7,458,246976,9,9,100.0,40.0,0,CASS,0,false,3
2026,4,7,470,244762,7: Oral,7: Oral,20.0,8.88,0,CASS,0,false,1
2026,4,7,470,244763,9: Transactional writing,9: Transactional writing,10.0,4.48,0,CASS,0,false,2
2026,4,7,470,244764,10: Response to texts,10: Response to texts,60.0,26.64,0,CASS,0,false,3
2026,4,7,483,244509,7: Oral,7: Oral,20.0,8.88,0,CASS,0,false,1
2026,4,7,483,244510,9: Transactional writing,9: Transactional writing,10.0,4.48,0,CASS,0,false,2
2026,4,7,483,244511,10: Response to texts,10: Response to texts,60.0,26.64,0,CASS,0,false,3
2026,4,7,492,247001,Oral 4,Oral 4,30.0,0,0,CASS,0,false,1
2026,4,7,492,247002,P1 : Oral,P1 : Oral,30.0,0,0,CASS,0,false,2
2026,4,7,492,247003,9,9,100.0,40.0,0,CASS,0,false,3
2026,4,7,504,244773,7: Oral,7: Oral,20.0,8.88,0,CASS,0,false,1
2026,4,7,504,244774,9: Transactional writing,9: Transactional writing,10.0,4.48,0,CASS,0,false,2
2026,4,7,504,244775,10: Response to texts,10: Response to texts,60.0,26.64,0,CASS,0,false,3
2026,4,7,517,244520,7: Oral,7: Oral,20.0,8.88,0,CASS,0,false,1
2026,4,7,517,244521,9: Transactional writing,9: Transactional writing,10.0,4.48,0,CASS,0,false,2
2026,4,7,517,244522,10: Response to texts,10: Response to texts,60.0,26.64,0,CASS,0,false,3
2026,4,7,526,247028,Oral 4,Oral 4,30.0,0,0,CASS,0,false,1
2026,4,7,526,247029,P1 : Oral,P1 : Oral,30.0,0,0,CASS,0,false,2
2026,4,7,526,247030,9,9,100.0,40.0,0,CASS,0,false,3
2026,4,7,535,248818,7 : Geography,7 : Geography,50.0,20.0,0,CASS,1,false,1
2026,4,7,535,248819,8 : History,8 : History,50.0,20.0,0,CASS,2,false,2
2026,4,7,558,248849,4,4,30.0,40.0,0,CASS,0,false,1
2026,4,7,586,244784,7: Oral,7: Oral,20.0,8.88,0,CASS,0,false,1
2026,4,7,586,244785,9: Transactional writing,9: Transactional writing,10.0,4.48,0,CASS,0,false,2
2026,4,7,586,244786,10: Response to texts,10: Response to texts,60.0,26.64,0,CASS,0,false,3
2026,4,7,599,244531,7: Oral,7: Oral,20.0,8.88,0,CASS,0,false,1
2026,4,7,599,244532,9: Transactional writing,9: Transactional writing,10.0,4.48,0,CASS,0,false,2
2026,4,7,599,244533,10: Response to texts,10: Response to texts,60.0,26.64,0,CASS,0,false,3
2026,4,7,608,247055,Oral 4,Oral 4,30.0,0,0,CASS,0,false,1
2026,4,7,608,247056,P1 : Oral,P1 : Oral,30.0,0,0,CASS,0,false,2
2026,4,7,608,247057,9,9,100.0,40.0,0,CASS,0,false,3
2026,4,7,631,250440,Theory,Theory,25.0,30.0,0,CASS,0,false,1
2026,4,7,631,250441,Practical,Practical,25.0,10.0,0,CASS,0,false,2
2026,4,7,635,250077,Practical,Practical,50.0,30.0,0,CASS,0,false,1
2026,4,7,635,250078,Theory,Theory,50.0,10.0,0,CASS,0,false,2
2026,4,7,643,250173,7,7,50.0,30.0,0,CASS,0,false,1
2026,4,7,643,250174,8,8,50.0,10.0,0,CASS,0,false,2
2026,4,7,647,249954,7,7,35.0,30.0,0,CASS,0,false,1
2026,4,7,647,249955,8,8,25.0,10.0,0,CASS,0,false,2
2026,4,7,651,250061,Practical,Practical,50.0,30.0,0,CASS,0,false,1
2026,4,7,651,250062,Theory,Theory,50.0,10.0,0,CASS,0,false,2
2026,4,7,655,250676,1. Listening and speaking,1. Listening and speaking,25.0,11.0,0,CASS,1,false,1
2026,4,7,655,250677,2. Reading and viewing,2. Reading and viewing,35.0,11.0,0,CASS,2,false,2
2026,4,7,655,250678,3. Language structures & conventions,3. Language structures & conventions,15.0,7.0,0,CASS,3,false,3
2026,4,7,655,250679,4. Writing and Presenting,4. Writing and Presenting,25.0,11.0,0,CASS,4,false,4
2026,4,7,659,250708,1. Listening and speaking,1. Listening and speaking,25.0,11.0,0,CASS,1,false,1
2026,4,7,659,250709,2. Reading and viewing,2. Reading and viewing,35.0,11.0,0,CASS,2,false,2
2026,4,7,659,250710,3. Language structures & conventions,3. Language structures & conventions,15.0,7.0,0,CASS,3,false,3
2026,4,7,659,250711,4. Writing and Presenting,4. Writing and Presenting,25.0,11.0,0,CASS,4,false,4
2026,4,7,663,250740,1. Listening and speaking,1. Listening and speaking,25.0,11.0,0,CASS,1,false,1
2026,4,7,663,250741,2. Reading and viewing,2. Reading and viewing,35.0,11.0,0,CASS,2,false,2
2026,4,7,663,250742,3. Language structures & conventions,3. Language structures & conventions,15.0,7.0,0,CASS,3,false,3
2026,4,7,663,250743,4. Writing and Presenting,4. Writing and Presenting,25.0,11.0,0,CASS,4,false,4
2026,4,7,667,250772,1. Listening and speaking,1. Listening and speaking,25.0,11.0,0,CASS,1,false,1
2026,4,7,667,250773,2. Reading and viewing,2. Reading and viewing,35.0,11.0,0,CASS,2,false,2
2026,4,7,667,250774,3. Language structures & conventions,3. Language structures & conventions,15.0,7.0,0,CASS,3,false,3
2026,4,7,667,250775,4. Writing and Presenting,4. Writing and Presenting,25.0,11.0,0,CASS,4,false,4
2026,4,7,671,250804,1. Listening and speaking,1. Listening and speaking,25.0,11.0,0,CASS,1,false,1
2026,4,7,671,250805,2. Reading and viewing,2. Reading and viewing,35.0,11.0,0,CASS,2,false,2
2026,4,7,671,250806,3. Language structures & conventions,3. Language structures & conventions,15.0,7.0,0,CASS,3,false,3
2026,4,7,671,250807,4. Writing and Presenting,4. Writing and Presenting,25.0,11.0,0,CASS,4,false,4
2026,4,7,675,250836,1. Listening and speaking,1. Listening and speaking,25.0,11.0,0,CASS,1,false,1
2026,4,7,675,250837,2. Reading and viewing,2. Reading and viewing,35.0,11.0,0,CASS,2,false,2
2026,4,7,675,250838,3. Language structures & conventions,3. Language structures & conventions,15.0,7.0,0,CASS,3,false,3
2026,4,7,675,250839,4. Writing and Presenting,4. Writing and Presenting,25.0,11.0,0,CASS,4,false,4
2026,4,7,679,250868,1. Listening and speaking,1. Listening and speaking,25.0,11.0,0,CASS,1,false,1
2026,4,7,679,250869,2. Reading and viewing,2. Reading and viewing,35.0,11.0,0,CASS,2,false,2
2026,4,7,679,250870,3. Language structures & conventions,3. Language structures & conventions,15.0,7.0,0,CASS,3,false,3
2026,4,7,679,250871,4. Writing and Presenting,4. Writing and Presenting,25.0,11.0,0,CASS,4,false,4
2026,4,7,683,250900,1. Listening and speaking,1. Listening and speaking,25.0,11.0,0,CASS,1,false,1
2026,4,7,683,250901,2. Reading and viewing,2. Reading and viewing,35.0,11.0,0,CASS,2,false,2
2026,4,7,683,250902,3. Language structures & conventions,3. Language structures & conventions,15.0,7.0,0,CASS,3,false,3
2026,4,7,683,250903,4. Writing and Presenting,4. Writing and Presenting,25.0,11.0,0,CASS,4,false,4
2026,4,7,687,250932,1. Listening and speaking,1. Listening and speaking,25.0,11.0,0,CASS,1,false,1
2026,4,7,687,250933,2. Reading and viewing,2. Reading and viewing,35.0,11.0,0,CASS,2,false,2
2026,4,7,687,250934,3. Language structures & conventions,3. Language structures & conventions,15.0,7.0,0,CASS,3,false,3
2026,4,7,687,250935,4. Writing and Presenting,4. Writing and Presenting,25.0,11.0,0,CASS,4,false,4
2026,4,7,691,250964,1. Listening and speaking,1. Listening and speaking,25.0,11.0,0,CASS,1,false,1
2026,4,7,691,250965,2. Reading and viewing,2. Reading and viewing,35.0,11.0,0,CASS,2,false,2
2026,4,7,691,250966,3. Language structures & conventions,3. Language structures & conventions,15.0,7.0,0,CASS,3,false,3
2026,4,7,691,250967,4. Writing and Presenting,4. Writing and Presenting,25.0,11.0,0,CASS,4,false,4
2026,4,7,695,250996,1. Listening and speaking,1. Listening and speaking,25.0,11.0,0,CASS,1,false,1
2026,4,7,695,250997,2. Reading and viewing,2. Reading and viewing,35.0,11.0,0,CASS,2,false,2
2026,4,7,695,250998,3. Language structures & conventions,3. Language structures & conventions,15.0,7.0,0,CASS,3,false,3
2026,4,7,695,250999,4. Writing and Presenting,4. Writing and Presenting,25.0,11.0,0,CASS,4,false,4
2026,4,7,699,249698,Keyboard Skills,Keyboard Skills,20.0,0,3.75,CASS,1,false,1
2026,4,7,699,249699,Graphics,Graphics,20.0,0,2.5,CASS,2,false,2
2026,4,7,699,249700,Word Processor,Word Processor,20.0,0,3.75,CASS,3,false,3
2026,4,7,699,249701,Spreadsheet,Spreadsheet,20.0,0,3.75,CASS,4,false,4
2026,4,7,699,249702,Presentations,Presentations,20.0,0,3.75,CASS,5,false,5
2026,4,7,699,249703,Systems Technologies,Systems Technologies,30.0,0,3.75,CASS,6,false,6
2026,4,7,699,249704,Internet & e-communications,Internet & e-communications,20.0,0,3.75,CASS,7,false,7
2026,4,7,707,250093,Practical,Practical,50.0,30.0,0,CASS,0,false,1
2026,4,7,707,250094,Theory,Theory,50.0,10.0,0,CASS,0,false,2
2026,4,7,715,250200,7,7,100.0,30.0,0,CASS,0,false,1
2026,4,7,715,250201,8,8,50.0,10.0,0,CASS,0,false,2
2026,4,7,731,250013,Practical,Practical,50.0,30.0,0,CASS,0,false,1
2026,4,7,731,250014,Theory,Theory,50.0,10.0,0,CASS,0,false,2
2026,4,7,735,250467,Practical,Practical,50.0,30.0,0,CASS,0,false,1
2026,4,7,735,250468,Theory,Theory,50.0,10.0,0,CASS,0,false,2
2026,4,7,751,250413,Theory,Theory,25.0,30.0,0,CASS,0,false,1
2026,4,7,751,250414,Practical,Practical,25.0,10.0,0,CASS,0,false,2
2026,4,7,755,249628,4,4,50.0,0,25.0,CASS,1,false,1
2026,4,7,759,249534,10,10,50.0,40.0,0,CASS,0,false,1
2026,4,7,763,250125,Practical,Practical,50.0,30.0,0,CASS,0,false,1
2026,4,7,763,250126,Theory,Theory,50.0,10.0,0,CASS,0,false,2
2026,4,7,767,249981,Practical,Practical,50.0,30.0,0,CASS,0,false,1
2026,4,7,767,249982,Theory,Theory,50.0,10.0,0,CASS,0,false,2
2026,4,7,771,250157,Practical,Practical,50.0,30.0,0,CASS,0,false,1
2026,4,7,771,250158,Theory,Theory,50.0,10.0,0,CASS,0,false,2
2026,4,7,775,249927,Practical,Practical,50.0,30.0,0,CASS,0,false,1
2026,4,7,775,249928,Theory,Theory,50.0,10.0,0,CASS,0,false,2
2026,4,7,779,250141,Practical,Practical,50.0,30.0,0,CASS,0,false,1
2026,4,7,779,250142,Theory,Theory,50.0,10.0,0,CASS,0,false,2
2026,4,7,787,249598,7,7,20.0,0,17.0,CASS,0,false,1
2026,4,7,787,249599,8,8,10.0,0,8.0,CASS,0,false,2
2026,4,7,803,250254,Practical,Practical,50.0,30.0,0,CASS,0,false,1
2026,4,7,803,250255,9,9,25.0,10.0,0,CASS,0,false,2
2026,4,7,819,250029,Practical,Practical,50.0,30.0,0,CASS,0,false,1
2026,4,7,819,250030,Theory,Theory,50.0,10.0,0,CASS,0,false,2
2026,4,7,831,250109,Practical,Practical,50.0,30.0,0,CASS,0,false,1
2026,4,7,831,250110,Theory,Theory,50.0,10.0,0,CASS,0,false,2
2026,4,7,843,244795,7: Oral,7: Oral,20.0,8.88,0,CASS,0,false,1
2026,4,7,843,244796,9: Transactional writing,9: Transactional writing,10.0,4.48,0,CASS,0,false,2
2026,4,7,843,244797,10: Response to texts,10: Response to texts,60.0,26.64,0,CASS,0,false,3
2026,4,7,856,244542,7: Oral,7: Oral,20.0,8.88,0,CASS,0,false,1
2026,4,7,856,244543,9: Transactional writing,9: Transactional writing,10.0,4.48,0,CASS,0,false,2
2026,4,7,856,244544,10: Response to texts,10: Response to texts,60.0,26.64,0,CASS,0,false,3
2026,4,7,865,247082,Oral 4,Oral 4,30.0,0,0,CASS,0,false,1
2026,4,7,865,247083,P1 : Oral,P1 : Oral,30.0,0,0,CASS,0,false,2
2026,4,7,865,247084,9,9,100.0,40.0,0,CASS,0,false,3
2026,4,7,880,246866,Oral 4,Oral 4,30.0,0,0,CASS,0,false,1
2026,4,7,880,246867,P1 : Oral,P1 : Oral,30.0,0,0,CASS,0,false,2
2026,4,7,880,246868,9,9,100.0,40.0,0,CASS,0,false,3
2026,4,7,896,244927,Observing and Signing 2,Observing and Signing 2,20.0,8.88,0,CASS,0,false,1
2026,4,7,896,244928,9: Transactional recording,9: Transactional recording,10.0,4.48,0,CASS,0,false,2
2026,4,7,896,244929,10: Response to texts,10: Response to texts,60.0,26.64,0,CASS,0,false,3
2026,4,7,909,251231,1. Observing and signing,1. Observing and signing,25.0,0,6.25,CASS,1,false,1
2026,4,7,909,251232,2. Reading and viewing,2. Reading and viewing,35.0,0,8.75,CASS,2,false,2
2026,4,7,909,251233,3. Language structures & conventions,3. Language structures & conventions,15.0,0,3.75,CASS,3,false,3
2026,4,7,909,251234,4. Writing and Recording,4. Writing and Recording,25.0,0,6.25,CASS,4,false,4
2026,4,7,913,251434,1. Listening and speaking,1. Listening and speaking,25.0,11.0,0,CASS,1,false,1
2026,4,7,913,251435,2. Reading and viewing,2. Reading and viewing,35.0,11.0,0,CASS,2,false,2
2026,4,7,913,251436,4. Language structures & conventions,4. Language structures & conventions,15.0,7.0,0,CASS,3,false,3
2026,4,7,913,251437,3. Writing and Presenting,3. Writing and Presenting,25.0,11.0,0,CASS,4,false,4
2026,4,7,917,251450,1. Listening and speaking,1. Listening and speaking,25.0,11.0,0,CASS,1,false,1
2026,4,7,917,251451,2. Reading and viewing,2. Reading and viewing,35.0,11.0,0,CASS,2,false,2
2026,4,7,917,251452,4. Language structures & conventions,4. Language structures & conventions,15.0,7.0,0,CASS,3,false,3
2026,4,7,917,251453,3. Writing and Presenting,3. Writing and Presenting,25.0,11.0,0,CASS,4,false,4
2026,4,7,921,251466,1. Listening and speaking,1. Listening and speaking,25.0,11.0,0,CASS,1,false,1
2026,4,7,921,251467,2. Reading and viewing,2. Reading and viewing,35.0,11.0,0,CASS,2,false,2
2026,4,7,921,251468,4. Language structures & conventions,4. Language structures & conventions,15.0,7.0,0,CASS,3,false,3
2026,4,7,921,251469,3. Writing and Presenting,3. Writing and Presenting,25.0,11.0,0,CASS,4,false,4
2026,4,7,925,251482,1. Listening and speaking,1. Listening and speaking,25.0,11.0,0,CASS,1,false,1
2026,4,7,925,251483,2. Reading and viewing,2. Reading and viewing,35.0,11.0,0,CASS,2,false,2
2026,4,7,925,251484,4. Language structures & conventions,4. Language structures & conventions,15.0,7.0,0,CASS,3,false,3
2026,4,7,925,251485,3. Writing and Presenting,3. Writing and Presenting,25.0,11.0,0,CASS,4,false,4
2026,4,7,929,251498,1. Listening and speaking,1. Listening and speaking,25.0,11.0,0,CASS,1,false,1
2026,4,7,929,251499,2. Reading and viewing,2. Reading and viewing,35.0,11.0,0,CASS,2,false,2
2026,4,7,929,251500,4. Language structures & conventions,4. Language structures & conventions,15.0,7.0,0,CASS,3,false,3
2026,4,7,929,251501,3. Writing and Presenting,3. Writing and Presenting,25.0,11.0,0,CASS,4,false,4
2026,4,7,933,251514,1. Listening and speaking,1. Listening and speaking,25.0,11.0,0,CASS,1,false,1
2026,4,7,933,251515,2. Reading and viewing,2. Reading and viewing,35.0,11.0,0,CASS,2,false,2
2026,4,7,933,251516,4. Language structures & conventions,4. Language structures & conventions,15.0,7.0,0,CASS,3,false,3
2026,4,7,933,251517,3. Writing and Presenting,3. Writing and Presenting,25.0,11.0,0,CASS,4,false,4
2026,4,7,937,251530,1. Listening and speaking,1. Listening and speaking,25.0,11.0,0,CASS,1,false,1
2026,4,7,937,251531,2. Reading and viewing,2. Reading and viewing,35.0,11.0,0,CASS,2,false,2
2026,4,7,937,251532,4. Language structures & conventions,4. Language structures & conventions,15.0,7.0,0,CASS,3,false,3
2026,4,7,937,251533,3. Writing and Presenting,3. Writing and Presenting,25.0,11.0,0,CASS,4,false,4
2026,4,7,941,251546,1. Listening and speaking,1. Listening and speaking,25.0,11.0,0,CASS,1,false,1
2026,4,7,941,251547,2. Reading and viewing,2. Reading and viewing,35.0,11.0,0,CASS,2,false,2
2026,4,7,941,251548,4. Language structures & conventions,4. Language structures & conventions,15.0,7.0,0,CASS,3,false,3
2026,4,7,941,251549,3. Writing and Presenting,3. Writing and Presenting,25.0,11.0,0,CASS,4,false,4
2026,4,7,945,251562,1. Listening and speaking,1. Listening and speaking,25.0,11.0,0,CASS,1,false,1
2026,4,7,945,251563,2. Reading and viewing,2. Reading and viewing,35.0,11.0,0,CASS,2,false,2
2026,4,7,945,251564,4. Language structures & conventions,4. Language structures & conventions,15.0,7.0,0,CASS,3,false,3
2026,4,7,945,251565,3. Writing and Presenting,3. Writing and Presenting,25.0,11.0,0,CASS,4,false,4
2026,4,7,949,251578,1. Listening and speaking,1. Listening and speaking,25.0,11.0,0,CASS,1,false,1
2026,4,7,949,251579,2. Reading and viewing,2. Reading and viewing,35.0,11.0,0,CASS,2,false,2
2026,4,7,949,251580,4. Language structures & conventions,4. Language structures & conventions,15.0,7.0,0,CASS,3,false,3
2026,4,7,949,251581,3. Writing and Presenting,3. Writing and Presenting,25.0,11.0,0,CASS,4,false,4
2026,4,7,953,251594,1. Listening and speaking,1. Listening and speaking,25.0,11.0,0,CASS,1,false,1
2026,4,7,953,251595,2. Reading and viewing,2. Reading and viewing,35.0,11.0,0,CASS,2,false,2
2026,4,7,953,251596,4. Language structures & conventions,4. Language structures & conventions,15.0,7.0,0,CASS,3,false,3
2026,4,7,953,251597,3. Writing and Presenting,3. Writing and Presenting,25.0,11.0,0,CASS,4,false,4
2026,4,7,965,250227,Practical,Practical,75.0,30.0,0,CASS,0,false,1
2026,4,7,965,250228,Theory,Theory,25.0,10.0,0,CASS,0,false,2
2026,4,7,969,250045,Practical,Practical,50.0,30.0,0,CASS,0,false,1
2026,4,7,969,250046,Theory,Theory,50.0,10.0,0,CASS,0,false,2
2026,4,7,973,249997,Practical,Practical,50.0,30.0,0,CASS,0,false,1
2026,4,7,973,249998,Theory,Theory,50.0,10.0,0,CASS,0,false,2
2026,4,7,977,249640,4,4,50.0,0,20.0,CASS,1,false,1
2026,4,7,981,249564,Practical,Practical,20.0,0,24.0,CASS,0,false,1
2026,4,7,981,249565,8,8,30.0,0,16.0,CASS,0,false,2
2026,4,7,1734,254044,4,4,10.0,0,25.0,CASS,0,false,1
2026,4,7,1754,253113,7 : Art form 1,7 : Art form 1,50.0,20.0,0,CASS,1,false,1
2026,4,7,1754,253114,8 : Art form 2,8 : Art form 2,50.0,20.0,0,CASS,2,false,2
2026,4,7,1755,253121,7 : Art form 1,7 : Art form 1,50.0,20.0,0,CASS,1,false,1
2026,4,7,1755,253122,8 : Art form 2,8 : Art form 2,50.0,20.0,0,CASS,2,false,2
2026,4,7,1756,253129,7 : Art form 1,7 : Art form 1,50.0,20.0,0,CASS,1,false,1
2026,4,7,1756,253130,8 : Art form 2,8 : Art form 2,50.0,20.0,0,CASS,2,false,2
2026,4,7,1757,253137,7 : Art form 1,7 : Art form 1,50.0,20.0,0,CASS,1,false,1
2026,4,7,1757,253138,8 : Art form 2,8 : Art form 2,50.0,20.0,0,CASS,2,false,2
2026,4,7,1758,253145,7 : Art form 1,7 : Art form 1,50.0,20.0,0,CASS,1,false,1
2026,4,7,1758,253146,8 : Art form 2,8 : Art form 2,50.0,20.0,0,CASS,2,false,2
2026,4,7,1759,253153,7 : Art form 1,7 : Art form 1,50.0,20.0,0,CASS,1,false,1
2026,4,7,1759,253154,8 : Art form 2,8 : Art form 2,50.0,20.0,0,CASS,2,false,2
2026,4,7,1775,254219,7,7,50.0,0,14.0,CASS,0,false,1
2026,4,7,1775,254220,8,8,100.0,50.0,0,CASS,0,false,2
2026,4,7,1776,254227,7,7,50.0,0,14.0,CASS,0,false,1
2026,4,7,1776,254228,8,8,100.0,50.0,0,CASS,0,false,2
2026,4,7,1777,254235,7,7,50.0,0,14.0,CASS,0,false,1
2026,4,7,1777,254236,8,8,100.0,50.0,0,CASS,0,false,2
2026,4,7,1778,254243,7,7,50.0,0,14.0,CASS,0,false,1
2026,4,7,1778,254244,8,8,100.0,50.0,0,CASS,0,false,2
2026,4,7,1779,254251,7,7,50.0,0,14.0,CASS,0,false,1
2026,4,7,1779,254252,8,8,100.0,50.0,0,CASS,0,false,2
2026,4,7,1780,254259,7,7,50.0,0,14.0,CASS,0,false,1
2026,4,7,1780,254260,8,8,100.0,50.0,0,CASS,0,false,2
2026,4,7,1781,254267,7,7,50.0,0,14.0,CASS,0,false,1
2026,4,7,1781,254268,8,8,100.0,50.0,0,CASS,0,false,2
2026,4,7,1782,254275,7,7,50.0,0,14.0,CASS,0,false,1
2026,4,7,1782,254276,8,8,100.0,50.0,0,CASS,0,false,2
2026,4,7,1783,254283,7,7,50.0,0,14.0,CASS,0,false,1
2026,4,7,1783,254284,8,8,100.0,50.0,0,CASS,0,false,2
2026,4,7,1784,254291,7,7,50.0,0,14.0,CASS,0,false,1
2026,4,7,1784,254292,8,8,100.0,50.0,0,CASS,0,false,2
2026,4,7,1785,254299,7,7,50.0,0,14.0,CASS,0,false,1
2026,4,7,1785,254300,8,8,100.0,50.0,0,CASS,0,false,2
